-- phpMyAdmin SQL Dump
-- version 5.2.1
-- https://www.phpmyadmin.net/
--
-- Host: 127.0.0.1
-- Generation Time: Jun 07, 2026 at 03:37 AM
-- Server version: 10.4.32-MariaDB
-- PHP Version: 8.2.12

SET SQL_MODE = "NO_AUTO_VALUE_ON_ZERO";
START TRANSACTION;
SET time_zone = "+00:00";


/*!40101 SET @OLD_CHARACTER_SET_CLIENT=@@CHARACTER_SET_CLIENT */;
/*!40101 SET @OLD_CHARACTER_SET_RESULTS=@@CHARACTER_SET_RESULTS */;
/*!40101 SET @OLD_COLLATION_CONNECTION=@@COLLATION_CONNECTION */;
/*!40101 SET NAMES utf8mb4 */;

--
-- Database: `hsms`
--

-- --------------------------------------------------------

--
-- Table structure for table `appointments`
--

CREATE TABLE `appointments` (
  `id` bigint(20) UNSIGNED NOT NULL,
  `customer_id` bigint(20) UNSIGNED NOT NULL,
  `employee_id` bigint(20) UNSIGNED DEFAULT NULL,
  `discount_id` bigint(20) UNSIGNED DEFAULT NULL,
  `appointment_date` date NOT NULL,
  `appointment_time` time NOT NULL,
  `status` enum('pending','confirmed','completed','cancelled') NOT NULL DEFAULT 'pending',
  `cancellation_reason` text DEFAULT NULL,
  `payment_method` enum('cash','gcash') NOT NULL,
  `payment_status` enum('pending','for_validation','paid') NOT NULL DEFAULT 'pending',
  `total_amount` decimal(8,2) DEFAULT NULL,
  `loyalty_discount_applied` tinyint(1) NOT NULL DEFAULT 0,
  `created_at` timestamp NULL DEFAULT NULL,
  `updated_at` timestamp NULL DEFAULT NULL,
  `deleted_at` timestamp NULL DEFAULT NULL
) ENGINE=InnoDB DEFAULT CHARSET=utf8mb4 COLLATE=utf8mb4_unicode_ci;

--
-- Dumping data for table `appointments`
--

INSERT INTO `appointments` (`id`, `customer_id`, `employee_id`, `discount_id`, `appointment_date`, `appointment_time`, `status`, `cancellation_reason`, `payment_method`, `payment_status`, `total_amount`, `loyalty_discount_applied`, `created_at`, `updated_at`, `deleted_at`) VALUES
(2, 1, 2, NULL, '2026-03-17', '10:00:00', 'confirmed', NULL, 'cash', 'paid', 250.00, 0, '2026-03-14 03:13:08', '2026-04-13 19:11:27', NULL),
(3, 2, 1, NULL, '2026-03-18', '00:18:00', 'completed', NULL, 'gcash', 'paid', 1299.00, 0, '2026-03-15 05:15:43', '2026-04-13 19:23:55', NULL),
(4, 3, 2, NULL, '2026-03-31', '13:00:00', 'cancelled', NULL, 'cash', 'pending', 399.00, 0, '2026-03-20 17:12:25', '2026-05-10 03:14:12', NULL),
(5, 3, 1, NULL, '2026-04-09', '10:00:00', 'completed', NULL, 'cash', 'paid', 99.00, 0, '2026-03-20 22:39:40', '2026-04-13 18:46:41', NULL),
(6, 4, 1, NULL, '2026-04-07', '09:00:00', 'completed', NULL, 'gcash', 'paid', 1200.00, 0, '2026-03-20 22:56:44', '2026-04-13 18:59:24', NULL),
(7, 4, 1, 1, '2026-04-11', '09:00:00', 'completed', NULL, 'gcash', 'paid', 899.10, 0, '2026-03-28 22:47:50', '2026-05-14 05:53:30', NULL),
(8, 3, 1, 1, '2026-04-24', '13:00:00', 'completed', NULL, 'cash', 'paid', 225.00, 0, '2026-03-30 18:39:42', '2026-05-14 05:53:11', NULL),
(9, 2, 2, NULL, '2026-04-14', '12:30:00', 'completed', NULL, 'cash', 'paid', 499.00, 0, '2026-04-13 19:20:43', '2026-04-13 19:22:31', NULL),
(10, 4, 2, NULL, '2026-04-14', '11:00:00', 'completed', NULL, 'cash', 'paid', 750.00, 0, '2026-04-13 19:31:06', '2026-04-13 19:37:17', NULL),
(11, 6, 5, NULL, '2026-04-23', '11:00:00', 'completed', NULL, 'cash', 'paid', 1888.00, 0, '2026-04-20 17:19:40', '2026-05-10 03:12:18', NULL),
(12, 6, 5, NULL, '2026-04-27', '15:30:00', 'completed', NULL, 'cash', 'paid', 1200.00, 0, '2026-04-26 23:55:08', '2026-04-26 23:55:50', NULL),
(13, 9, 7, NULL, '2026-05-12', '11:00:00', 'completed', NULL, 'gcash', 'paid', 1888.00, 0, '2026-05-11 03:58:31', '2026-05-14 21:21:41', NULL),
(14, 2, NULL, NULL, '2026-04-30', '11:35:00', 'cancelled', NULL, 'cash', 'pending', 999.00, 0, '2026-05-13 18:36:56', '2026-05-13 18:51:58', NULL),
(15, 12, 5, 1, '2026-05-14', '11:37:00', 'completed', NULL, 'cash', 'paid', 1699.20, 0, '2026-05-13 18:44:51', '2026-05-13 18:51:31', NULL),
(16, 2, 1, NULL, '2026-05-16', '10:45:00', 'confirmed', NULL, 'gcash', 'paid', 1200.00, 0, '2026-05-13 18:47:05', '2026-05-13 19:18:48', NULL),
(17, 7, 7, NULL, '2026-05-16', '14:16:00', 'completed', NULL, 'cash', 'paid', 1200.00, 0, '2026-05-13 19:16:31', '2026-05-14 23:37:27', NULL),
(18, 10, NULL, NULL, '2026-05-16', '14:33:00', 'pending', NULL, 'gcash', 'paid', 99.00, 0, '2026-05-13 19:34:15', '2026-05-14 20:35:12', NULL),
(19, 3, 7, NULL, '2026-05-23', '13:27:00', 'confirmed', NULL, 'cash', 'paid', 1888.00, 0, '2026-05-13 21:27:58', '2026-05-14 04:05:13', NULL),
(20, 3, 5, NULL, '2026-05-14', '16:32:00', 'completed', NULL, 'gcash', 'paid', 1888.00, 0, '2026-05-13 21:32:35', '2026-05-14 05:52:35', NULL),
(21, 3, 6, NULL, '2026-05-23', '09:30:00', 'cancelled', NULL, 'cash', 'pending', 199.00, 0, '2026-05-14 03:14:47', '2026-05-15 01:33:01', NULL),
(22, 3, NULL, NULL, '2026-05-24', '10:00:00', 'pending', NULL, 'cash', 'pending', 1200.00, 0, '2026-05-14 06:00:37', '2026-05-14 20:47:52', NULL),
(23, 6, 6, NULL, '2026-06-04', '15:00:00', 'completed', NULL, 'gcash', 'paid', 399.00, 0, '2026-05-14 21:45:55', '2026-05-14 21:47:30', NULL),
(24, 5, 1, NULL, '2026-05-30', '16:30:00', 'completed', NULL, 'gcash', 'paid', 99.00, 0, '2026-05-14 22:28:23', '2026-05-14 23:27:42', NULL),
(25, 5, 5, NULL, '2026-05-16', '15:30:00', 'completed', NULL, 'cash', 'paid', 999.00, 0, '2026-05-14 23:25:01', '2026-05-14 23:30:31', NULL),
(26, 5, 1, NULL, '2026-05-17', '10:30:00', 'completed', NULL, 'cash', 'paid', 750.00, 0, '2026-05-14 23:25:26', '2026-05-14 23:30:42', NULL),
(27, 5, 2, NULL, '2026-05-19', '16:30:00', 'cancelled', NULL, 'cash', 'pending', 499.00, 0, '2026-05-15 00:27:02', '2026-05-15 01:36:41', NULL),
(28, 12, 7, 2, '2026-05-28', '09:00:00', 'cancelled', NULL, 'cash', 'pending', 350.00, 0, '2026-05-15 02:52:33', '2026-05-22 05:36:13', NULL),
(29, 3, NULL, NULL, '2026-05-20', '09:00:00', 'pending', NULL, 'cash', 'pending', 499.00, 0, '2026-05-19 12:47:11', '2026-05-19 12:47:11', NULL),
(30, 4, NULL, NULL, '2026-05-22', '09:30:00', 'pending', NULL, 'cash', 'pending', 899.10, 0, '2026-05-22 00:31:18', '2026-05-22 00:31:18', NULL),
(31, 11, NULL, NULL, '2026-05-23', '17:30:00', 'pending', NULL, 'gcash', 'for_validation', 999.00, 0, '2026-05-22 00:34:20', '2026-05-22 00:34:20', NULL),
(32, 12, NULL, NULL, '2026-05-23', '18:00:00', 'pending', NULL, 'gcash', 'for_validation', 750.00, 0, '2026-05-22 00:35:31', '2026-05-22 00:35:31', NULL),
(33, 3, 6, NULL, '2026-05-25', '18:30:00', 'completed', NULL, 'gcash', 'paid', 499.00, 0, '2026-05-22 00:36:42', '2026-05-22 05:35:09', NULL),
(34, 3, NULL, NULL, '2026-05-25', '18:30:00', 'pending', NULL, 'gcash', 'for_validation', 1200.00, 0, '2026-05-22 01:37:21', '2026-05-22 01:37:21', NULL),
(35, 3, NULL, NULL, '2026-05-25', '17:00:00', 'pending', NULL, 'gcash', 'for_validation', 1200.00, 0, '2026-05-22 01:40:01', '2026-05-22 01:40:01', NULL),
(36, 3, NULL, NULL, '2026-05-26', '11:30:00', 'cancelled', NULL, 'gcash', 'for_validation', 300.00, 0, '2026-05-22 05:24:53', '2026-05-22 05:26:48', NULL),
(37, 14, NULL, NULL, '2026-05-25', '14:30:00', 'pending', NULL, 'cash', 'pending', 1500.00, 0, '2026-05-22 05:32:15', '2026-05-22 05:32:15', NULL),
(38, 3, 1, NULL, '2026-05-29', '12:00:00', 'completed', NULL, 'cash', 'paid', 300.00, 0, '2026-05-22 05:52:22', '2026-05-22 05:55:59', NULL),
(39, 3, 2, NULL, '2026-05-28', '14:00:00', 'completed', NULL, 'cash', 'paid', 199.00, 0, '2026-05-22 05:52:58', '2026-05-22 05:56:49', NULL),
(40, 3, NULL, NULL, '2026-05-30', '10:00:00', 'pending', NULL, 'cash', 'pending', 630.00, 0, '2026-05-22 06:00:15', '2026-05-22 06:00:15', NULL);

-- --------------------------------------------------------

--
-- Table structure for table `appointment_service`
--

CREATE TABLE `appointment_service` (
  `id` bigint(20) UNSIGNED NOT NULL,
  `appointment_id` bigint(20) UNSIGNED NOT NULL,
  `service_id` bigint(20) UNSIGNED NOT NULL,
  `quantity` int(11) NOT NULL DEFAULT 1,
  `created_at` timestamp NULL DEFAULT NULL,
  `updated_at` timestamp NULL DEFAULT NULL
) ENGINE=InnoDB DEFAULT CHARSET=utf8mb4 COLLATE=utf8mb4_unicode_ci;

--
-- Dumping data for table `appointment_service`
--

INSERT INTO `appointment_service` (`id`, `appointment_id`, `service_id`, `quantity`, `created_at`, `updated_at`) VALUES
(2, 2, 1, 1, '2026-03-14 03:13:08', '2026-03-14 03:13:08'),
(4, 4, 14, 1, '2026-03-20 17:12:25', '2026-03-20 17:12:25'),
(5, 5, 6, 1, '2026-03-20 22:39:40', '2026-03-20 22:39:40'),
(6, 6, 2, 1, '2026-03-20 22:56:44', '2026-03-20 22:56:44'),
(7, 7, 10, 1, '2026-03-28 22:47:50', '2026-03-28 22:47:50'),
(8, 8, 1, 1, '2026-03-30 18:39:42', '2026-03-30 18:39:42'),
(9, 3, 8, 1, '2026-04-13 18:40:08', '2026-04-13 18:40:08'),
(10, 9, 13, 1, '2026-04-13 19:20:43', '2026-04-13 19:20:43'),
(11, 10, 15, 1, '2026-04-13 19:31:06', '2026-04-13 19:31:06'),
(12, 11, 12, 1, '2026-04-20 17:19:40', '2026-04-20 17:19:40'),
(13, 12, 2, 1, '2026-04-26 23:55:08', '2026-04-26 23:55:08'),
(14, 13, 12, 1, '2026-05-11 03:58:31', '2026-05-11 03:58:31'),
(15, 14, 10, 1, '2026-05-13 18:36:56', '2026-05-13 18:36:56'),
(16, 15, 12, 1, '2026-05-13 18:44:51', '2026-05-13 18:44:51'),
(17, 16, 2, 1, '2026-05-13 18:47:05', '2026-05-13 18:47:05'),
(18, 17, 2, 1, '2026-05-13 19:16:31', '2026-05-13 19:16:31'),
(19, 18, 6, 1, '2026-05-13 19:34:15', '2026-05-13 19:34:15'),
(20, 19, 12, 1, '2026-05-13 21:27:58', '2026-05-13 21:27:58'),
(21, 20, 12, 1, '2026-05-13 21:32:35', '2026-05-13 21:32:35'),
(22, 21, 3, 1, '2026-05-14 03:14:47', '2026-05-14 03:14:47'),
(23, 22, 2, 1, '2026-05-14 06:00:37', '2026-05-14 06:00:37'),
(24, 23, 14, 1, '2026-05-14 21:45:55', '2026-05-14 21:45:55'),
(25, 24, 5, 1, '2026-05-14 22:28:23', '2026-05-14 22:28:23'),
(26, 25, 9, 1, '2026-05-14 23:25:01', '2026-05-14 23:25:01'),
(27, 26, 15, 1, '2026-05-14 23:25:26', '2026-05-14 23:25:26'),
(28, 27, 13, 1, '2026-05-15 00:27:02', '2026-05-15 00:27:02'),
(29, 28, 16, 1, '2026-05-15 02:52:33', '2026-05-15 02:52:33'),
(30, 29, 13, 1, '2026-05-19 12:47:11', '2026-05-19 12:47:11'),
(31, 30, 10, 1, '2026-05-22 00:31:18', '2026-05-22 00:31:18'),
(32, 31, 10, 1, '2026-05-22 00:34:20', '2026-05-22 00:34:20'),
(33, 32, 15, 1, '2026-05-22 00:35:31', '2026-05-22 00:35:31'),
(34, 33, 13, 1, '2026-05-22 00:36:42', '2026-05-22 00:36:42'),
(35, 34, 2, 1, '2026-05-22 01:37:21', '2026-05-22 01:37:21'),
(36, 35, 2, 1, '2026-05-22 01:40:01', '2026-05-22 01:40:01'),
(37, 36, 1, 1, '2026-05-22 05:24:53', '2026-05-22 05:24:53'),
(38, 37, 7, 1, '2026-05-22 05:32:15', '2026-05-22 05:32:15'),
(39, 38, 1, 1, '2026-05-22 05:52:22', '2026-05-22 05:52:22'),
(40, 39, 3, 1, '2026-05-22 05:52:58', '2026-05-22 05:52:58'),
(41, 40, 16, 1, '2026-05-22 06:00:15', '2026-05-22 06:00:15');

-- --------------------------------------------------------

--
-- Table structure for table `audit_logs`
--

CREATE TABLE `audit_logs` (
  `id` bigint(20) UNSIGNED NOT NULL,
  `user_id` bigint(20) UNSIGNED DEFAULT NULL,
  `action` varchar(255) NOT NULL,
  `model_type` varchar(255) DEFAULT NULL,
  `model_id` bigint(20) UNSIGNED DEFAULT NULL,
  `old_values` longtext CHARACTER SET utf8mb4 COLLATE utf8mb4_bin DEFAULT NULL CHECK (json_valid(`old_values`)),
  `new_values` longtext CHARACTER SET utf8mb4 COLLATE utf8mb4_bin DEFAULT NULL CHECK (json_valid(`new_values`)),
  `ip` varchar(45) DEFAULT NULL,
  `user_agent` text DEFAULT NULL,
  `created_at` timestamp NULL DEFAULT NULL,
  `updated_at` timestamp NULL DEFAULT NULL
) ENGINE=InnoDB DEFAULT CHARSET=utf8mb4 COLLATE=utf8mb4_unicode_ci;

--
-- Dumping data for table `audit_logs`
--

INSERT INTO `audit_logs` (`id`, `user_id`, `action`, `model_type`, `model_id`, `old_values`, `new_values`, `ip`, `user_agent`, `created_at`, `updated_at`) VALUES
(1, 1, 'login', NULL, NULL, NULL, NULL, '127.0.0.1', 'Mozilla/5.0 (Windows NT 10.0; Win64; x64) AppleWebKit/537.36 (KHTML, like Gecko) Chrome/146.0.0.0 Safari/537.36', '2026-03-30 15:08:46', '2026-03-30 15:08:46'),
(2, 1, 'updated', 'App\\Models\\User', 4, '{\"id\":4,\"name\":\"Sabrina Jane Carpenter\",\"email\":\"scarpenter@gmail.com\",\"role\":\"customer\",\"status\":\"active\",\"email_verified_at\":null,\"password\":\"$2y$12$HcMPN7V3a5\\/grgHUQ2xANejbsVAGbzXlL8cUXu5juhmbCIULoDVMS\",\"remember_token\":null,\"created_at\":\"2026-03-15T02:04:06.000000Z\",\"updated_at\":\"2026-03-21T06:57:18.000000Z\"}', '{\"name\":\"Sabrina Carpenter\",\"updated_at\":\"2026-03-30 23:09:10\"}', '127.0.0.1', 'Mozilla/5.0 (Windows NT 10.0; Win64; x64) AppleWebKit/537.36 (KHTML, like Gecko) Chrome/146.0.0.0 Safari/537.36', '2026-03-30 15:09:10', '2026-03-30 15:09:10'),
(3, 1, 'updated', 'App\\Models\\Customer', 2, '{\"id\":2,\"user_id\":4,\"first_name\":\"Sabrina Jane\",\"last_name\":\"Carpenter\",\"birthdate\":\"2026-03-04T00:00:00.000000Z\",\"mobile_num\":\"09736153155\",\"gender\":\"female\",\"image\":\"customers\\/0MBvEAr7U3KO3dyqnm6jZbDN387dg6tv9UMGweJE.jpg\",\"created_at\":\"2026-03-15T02:04:06.000000Z\",\"updated_at\":\"2026-03-21T06:57:18.000000Z\"}', '{\"first_name\":\"Sabrina\",\"updated_at\":\"2026-03-30 23:09:10\"}', '127.0.0.1', 'Mozilla/5.0 (Windows NT 10.0; Win64; x64) AppleWebKit/537.36 (KHTML, like Gecko) Chrome/146.0.0.0 Safari/537.36', '2026-03-30 15:09:10', '2026-03-30 15:09:10'),
(4, 1, 'logout', NULL, NULL, NULL, NULL, '127.0.0.1', 'Mozilla/5.0 (Windows NT 10.0; Win64; x64) AppleWebKit/537.36 (KHTML, like Gecko) Chrome/146.0.0.0 Safari/537.36', '2026-03-30 15:17:32', '2026-03-30 15:17:32'),
(5, 5, 'login', NULL, NULL, NULL, NULL, '127.0.0.1', 'Mozilla/5.0 (Windows NT 10.0; Win64; x64) AppleWebKit/537.36 (KHTML, like Gecko) Chrome/146.0.0.0 Safari/537.36', '2026-03-30 15:17:44', '2026-03-30 15:17:44'),
(6, 5, 'updated', 'App\\Models\\User', 4, '{\"id\":4,\"name\":\"Sabrina Carpenter\",\"email\":\"scarpenter@gmail.com\",\"role\":\"customer\",\"status\":\"active\",\"email_verified_at\":null,\"password\":\"$2y$12$HcMPN7V3a5\\/grgHUQ2xANejbsVAGbzXlL8cUXu5juhmbCIULoDVMS\",\"remember_token\":null,\"created_at\":\"2026-03-15T02:04:06.000000Z\",\"updated_at\":\"2026-03-30T23:09:10.000000Z\"}', '{\"name\":\"Sabrina Rina Carpenter\",\"updated_at\":\"2026-03-30 23:18:07\"}', '127.0.0.1', 'Mozilla/5.0 (Windows NT 10.0; Win64; x64) AppleWebKit/537.36 (KHTML, like Gecko) Chrome/146.0.0.0 Safari/537.36', '2026-03-30 15:18:07', '2026-03-30 15:18:07'),
(7, 5, 'updated', 'App\\Models\\Customer', 2, '{\"id\":2,\"user_id\":4,\"first_name\":\"Sabrina\",\"last_name\":\"Carpenter\",\"birthdate\":\"2026-03-04T00:00:00.000000Z\",\"mobile_num\":\"09736153155\",\"gender\":\"female\",\"image\":\"customers\\/0MBvEAr7U3KO3dyqnm6jZbDN387dg6tv9UMGweJE.jpg\",\"created_at\":\"2026-03-15T02:04:06.000000Z\",\"updated_at\":\"2026-03-30T23:09:10.000000Z\"}', '{\"first_name\":\"Sabrina Rina\",\"updated_at\":\"2026-03-30 23:18:07\"}', '127.0.0.1', 'Mozilla/5.0 (Windows NT 10.0; Win64; x64) AppleWebKit/537.36 (KHTML, like Gecko) Chrome/146.0.0.0 Safari/537.36', '2026-03-30 15:18:07', '2026-03-30 15:18:07'),
(8, 5, 'logout', NULL, NULL, NULL, NULL, '127.0.0.1', 'Mozilla/5.0 (Windows NT 10.0; Win64; x64) AppleWebKit/537.36 (KHTML, like Gecko) Chrome/146.0.0.0 Safari/537.36', '2026-03-30 15:18:11', '2026-03-30 15:18:11'),
(9, 1, 'login', NULL, NULL, NULL, NULL, '127.0.0.1', 'Mozilla/5.0 (Windows NT 10.0; Win64; x64) AppleWebKit/537.36 (KHTML, like Gecko) Chrome/146.0.0.0 Safari/537.36', '2026-03-30 15:18:19', '2026-03-30 15:18:19'),
(10, 1, 'updated', 'App\\Models\\User', 1, '{\"id\":1,\"name\":\"Christian Cahilig\",\"email\":\"bmanager@gmail.com\",\"role\":\"manager\",\"status\":\"active\",\"email_verified_at\":null,\"password\":\"$2y$12$qI1\\/vGNWN3vDm80LQ6QxMePjo5rUYJTcuBlP1nUybOlAya.dU795W\",\"remember_token\":null,\"created_at\":\"2026-03-14T10:28:17.000000Z\",\"updated_at\":\"2026-03-30T13:07:05.000000Z\"}', '{\"name\":\"Admin\",\"updated_at\":\"2026-03-30 23:19:16\"}', '127.0.0.1', 'Mozilla/5.0 (Windows NT 10.0; Win64; x64) AppleWebKit/537.36 (KHTML, like Gecko) Chrome/146.0.0.0 Safari/537.36', '2026-03-30 15:19:16', '2026-03-30 15:19:16'),
(11, 1, 'updated', 'App\\Models\\Appointment', 7, '{\"id\":7,\"customer_id\":4,\"employee_id\":1,\"discount_id\":null,\"appointment_date\":\"2026-04-11T00:00:00.000000Z\",\"appointment_time\":\"2026-03-31T09:00:00.000000Z\",\"status\":\"confirmed\",\"payment_method\":\"gcash\",\"payment_status\":\"paid\",\"total_amount\":\"999.00\",\"created_at\":\"2026-03-29T06:47:50.000000Z\",\"updated_at\":\"2026-03-29T08:27:04.000000Z\",\"deleted_at\":null}', '{\"discount_id\":\"1\",\"total_amount\":899.1,\"updated_at\":\"2026-03-31 00:51:33\"}', '127.0.0.1', 'Mozilla/5.0 (Windows NT 10.0; Win64; x64) AppleWebKit/537.36 (KHTML, like Gecko) Chrome/146.0.0.0 Safari/537.36', '2026-03-30 16:51:33', '2026-03-30 16:51:33'),
(12, 1, 'updated', 'App\\Models\\Discount', 1, '{\"id\":1,\"name\":\"Birthday Discount\",\"code\":\"MYBDAY2026\",\"type\":\"percentage\",\"value\":\"10.00\",\"start_date\":\"2026-01-01T00:00:00.000000Z\",\"end_date\":\"2026-12-31T00:00:00.000000Z\",\"usage_limit\":null,\"used_count\":0,\"status\":\"active\",\"created_at\":\"2026-03-15T01:13:57.000000Z\",\"updated_at\":\"2026-03-20T21:57:58.000000Z\",\"deleted_at\":null}', '{\"used_count\":1}', '127.0.0.1', 'Mozilla/5.0 (Windows NT 10.0; Win64; x64) AppleWebKit/537.36 (KHTML, like Gecko) Chrome/146.0.0.0 Safari/537.36', '2026-03-30 16:51:33', '2026-03-30 16:51:33'),
(13, 1, 'updated', 'App\\Models\\Payment', 2, '{\"id\":2,\"appointment_id\":7,\"amount\":\"999.00\",\"payment_method\":\"gcash\",\"reference_number\":\"8ASF9YASFS\",\"validated_at\":\"2026-03-29T08:37:40.000000Z\",\"status\":\"validated\",\"created_at\":\"2026-03-29T06:47:50.000000Z\",\"updated_at\":\"2026-03-29T08:37:40.000000Z\"}', '{\"amount\":899.1,\"updated_at\":\"2026-03-31 00:51:33\"}', '127.0.0.1', 'Mozilla/5.0 (Windows NT 10.0; Win64; x64) AppleWebKit/537.36 (KHTML, like Gecko) Chrome/146.0.0.0 Safari/537.36', '2026-03-30 16:51:33', '2026-03-30 16:51:33'),
(14, 1, 'logout', NULL, NULL, NULL, NULL, '127.0.0.1', 'Mozilla/5.0 (Windows NT 10.0; Win64; x64) AppleWebKit/537.36 (KHTML, like Gecko) Chrome/146.0.0.0 Safari/537.36', '2026-03-30 18:38:56', '2026-03-30 18:38:56'),
(15, 6, 'login', NULL, NULL, NULL, NULL, '127.0.0.1', 'Mozilla/5.0 (Windows NT 10.0; Win64; x64) AppleWebKit/537.36 (KHTML, like Gecko) Chrome/146.0.0.0 Safari/537.36', '2026-03-30 18:39:03', '2026-03-30 18:39:03'),
(16, 6, 'created', 'App\\Models\\Appointment', 8, NULL, '{\"customer_id\":3,\"employee_id\":null,\"discount_id\":\"1\",\"appointment_date\":\"2026-04-24 00:00:00\",\"appointment_time\":\"13:00\",\"status\":\"pending\",\"payment_method\":\"cash\",\"payment_status\":\"pending\",\"total_amount\":225,\"updated_at\":\"2026-03-31 02:39:42\",\"created_at\":\"2026-03-31 02:39:42\",\"id\":8}', '127.0.0.1', 'Mozilla/5.0 (Windows NT 10.0; Win64; x64) AppleWebKit/537.36 (KHTML, like Gecko) Chrome/146.0.0.0 Safari/537.36', '2026-03-30 18:39:42', '2026-03-30 18:39:42'),
(17, 6, 'logout', NULL, NULL, NULL, NULL, '127.0.0.1', 'Mozilla/5.0 (Windows NT 10.0; Win64; x64) AppleWebKit/537.36 (KHTML, like Gecko) Chrome/146.0.0.0 Safari/537.36', '2026-03-30 18:40:00', '2026-03-30 18:40:00'),
(18, 1, 'login', NULL, NULL, NULL, NULL, '127.0.0.1', 'Mozilla/5.0 (Windows NT 10.0; Win64; x64) AppleWebKit/537.36 (KHTML, like Gecko) Chrome/146.0.0.0 Safari/537.36', '2026-03-30 18:40:15', '2026-03-30 18:40:15'),
(19, 1, 'updated', 'App\\Models\\Discount', 1, '{\"id\":1,\"name\":\"Birthday Discount\",\"code\":\"MYBDAY2026\",\"type\":\"percentage\",\"value\":\"10.00\",\"start_date\":\"2026-01-01T00:00:00.000000Z\",\"end_date\":\"2026-12-31T00:00:00.000000Z\",\"usage_limit\":1,\"used_count\":1,\"per_customer_limit\":null,\"status\":\"active\",\"created_at\":\"2026-03-15T01:13:57.000000Z\",\"updated_at\":\"2026-03-31T00:51:33.000000Z\",\"deleted_at\":null}', '{\"usage_limit\":\"100\",\"updated_at\":\"2026-03-31 03:11:12\"}', '127.0.0.1', 'Mozilla/5.0 (Windows NT 10.0; Win64; x64) AppleWebKit/537.36 (KHTML, like Gecko) Chrome/146.0.0.0 Safari/537.36', '2026-03-30 19:11:12', '2026-03-30 19:11:12'),
(20, 1, 'updated', 'App\\Models\\Discount', 2, '{\"id\":2,\"name\":\"Valentines Discount\",\"code\":\"L0VEW1NS2026\",\"type\":\"percentage\",\"value\":\"50.00\",\"start_date\":\"2026-02-13T00:00:00.000000Z\",\"end_date\":\"2026-03-14T00:00:00.000000Z\",\"usage_limit\":1,\"used_count\":0,\"per_customer_limit\":null,\"status\":\"active\",\"created_at\":\"2026-03-21T11:22:02.000000Z\",\"updated_at\":\"2026-03-21T11:22:10.000000Z\",\"deleted_at\":null}', '{\"usage_limit\":\"100\",\"updated_at\":\"2026-03-31 03:11:24\"}', '127.0.0.1', 'Mozilla/5.0 (Windows NT 10.0; Win64; x64) AppleWebKit/537.36 (KHTML, like Gecko) Chrome/146.0.0.0 Safari/537.36', '2026-03-30 19:11:24', '2026-03-30 19:11:24'),
(21, 1, 'updated', 'App\\Models\\Discount', 1, '{\"id\":1,\"name\":\"Birthday Discount\",\"code\":\"MYBDAY2026\",\"type\":\"percentage\",\"value\":\"10.00\",\"start_date\":\"2026-01-01T00:00:00.000000Z\",\"end_date\":\"2026-12-31T00:00:00.000000Z\",\"usage_limit\":100,\"used_count\":1,\"per_customer_limit\":null,\"status\":\"active\",\"created_at\":\"2026-03-15T01:13:57.000000Z\",\"updated_at\":\"2026-03-31T03:11:12.000000Z\",\"deleted_at\":null}', '{\"usage_limit\":\"1\",\"updated_at\":\"2026-03-31 03:22:24\"}', '127.0.0.1', 'Mozilla/5.0 (Windows NT 10.0; Win64; x64) AppleWebKit/537.36 (KHTML, like Gecko) Chrome/146.0.0.0 Safari/537.36', '2026-03-30 19:22:24', '2026-03-30 19:22:24'),
(22, 1, 'updated', 'App\\Models\\Discount', 2, '{\"id\":2,\"name\":\"Valentines Discount\",\"code\":\"L0VEW1NS2026\",\"type\":\"percentage\",\"value\":\"50.00\",\"start_date\":\"2026-02-13T00:00:00.000000Z\",\"end_date\":\"2026-03-14T00:00:00.000000Z\",\"usage_limit\":100,\"used_count\":0,\"per_customer_limit\":null,\"status\":\"active\",\"created_at\":\"2026-03-21T11:22:02.000000Z\",\"updated_at\":\"2026-03-31T03:11:24.000000Z\",\"deleted_at\":null}', '{\"usage_limit\":\"1\",\"updated_at\":\"2026-03-31 03:30:22\"}', '127.0.0.1', 'Mozilla/5.0 (Windows NT 10.0; Win64; x64) AppleWebKit/537.36 (KHTML, like Gecko) Chrome/146.0.0.0 Safari/537.36', '2026-03-30 19:30:22', '2026-03-30 19:30:22'),
(23, 1, 'updated', 'App\\Models\\Appointment', 7, '{\"id\":7,\"customer_id\":4,\"employee_id\":1,\"discount_id\":1,\"appointment_date\":\"2026-04-11T00:00:00.000000Z\",\"appointment_time\":\"2026-03-31T09:00:00.000000Z\",\"status\":\"confirmed\",\"payment_method\":\"gcash\",\"payment_status\":\"paid\",\"total_amount\":\"899.10\",\"created_at\":\"2026-03-29T06:47:50.000000Z\",\"updated_at\":\"2026-03-31T00:51:33.000000Z\",\"deleted_at\":null}', '{\"total_amount\":899.1,\"updated_at\":\"2026-03-31 03:32:47\"}', '127.0.0.1', 'Mozilla/5.0 (Windows NT 10.0; Win64; x64) AppleWebKit/537.36 (KHTML, like Gecko) Chrome/146.0.0.0 Safari/537.36', '2026-03-30 19:32:47', '2026-03-30 19:32:47'),
(24, 1, 'updated', 'App\\Models\\Payment', 2, '{\"id\":2,\"appointment_id\":7,\"amount\":\"899.10\",\"payment_method\":\"gcash\",\"reference_number\":\"8ASF9YASFS\",\"validated_at\":\"2026-03-29T08:37:40.000000Z\",\"status\":\"validated\",\"created_at\":\"2026-03-29T06:47:50.000000Z\",\"updated_at\":\"2026-03-31T00:51:33.000000Z\"}', '{\"amount\":899.1,\"updated_at\":\"2026-03-31 03:32:47\"}', '127.0.0.1', 'Mozilla/5.0 (Windows NT 10.0; Win64; x64) AppleWebKit/537.36 (KHTML, like Gecko) Chrome/146.0.0.0 Safari/537.36', '2026-03-30 19:32:47', '2026-03-30 19:32:47'),
(25, 1, 'logout', NULL, NULL, NULL, NULL, '127.0.0.1', 'Mozilla/5.0 (Windows NT 10.0; Win64; x64) AppleWebKit/537.36 (KHTML, like Gecko) Chrome/146.0.0.0 Safari/537.36', '2026-03-30 19:32:56', '2026-03-30 19:32:56'),
(26, 6, 'login', NULL, NULL, NULL, NULL, '127.0.0.1', 'Mozilla/5.0 (Windows NT 10.0; Win64; x64) AppleWebKit/537.36 (KHTML, like Gecko) Chrome/146.0.0.0 Safari/537.36', '2026-03-30 19:33:12', '2026-03-30 19:33:12'),
(27, 6, 'updated', 'App\\Models\\Appointment', 8, '{\"id\":8,\"customer_id\":3,\"employee_id\":null,\"discount_id\":1,\"appointment_date\":\"2026-04-24T00:00:00.000000Z\",\"appointment_time\":\"2026-03-31T13:00:00.000000Z\",\"status\":\"pending\",\"payment_method\":\"cash\",\"payment_status\":\"pending\",\"total_amount\":\"225.00\",\"created_at\":\"2026-03-31T02:39:42.000000Z\",\"updated_at\":\"2026-03-31T02:39:42.000000Z\",\"deleted_at\":null}', '{\"discount_id\":null,\"total_amount\":\"250.00\",\"updated_at\":\"2026-03-31 03:38:51\"}', '127.0.0.1', 'Mozilla/5.0 (Windows NT 10.0; Win64; x64) AppleWebKit/537.36 (KHTML, like Gecko) Chrome/146.0.0.0 Safari/537.36', '2026-03-30 19:38:51', '2026-03-30 19:38:51'),
(28, 6, 'updated', 'App\\Models\\Appointment', 8, '{\"id\":8,\"customer_id\":3,\"employee_id\":null,\"discount_id\":null,\"appointment_date\":\"2026-04-24T00:00:00.000000Z\",\"appointment_time\":\"2026-03-31T13:00:00.000000Z\",\"status\":\"pending\",\"payment_method\":\"cash\",\"payment_status\":\"pending\",\"total_amount\":\"250.00\",\"created_at\":\"2026-03-31T02:39:42.000000Z\",\"updated_at\":\"2026-03-31T03:38:51.000000Z\",\"deleted_at\":null}', '{\"discount_id\":\"1\",\"total_amount\":225,\"updated_at\":\"2026-03-31 03:39:05\"}', '127.0.0.1', 'Mozilla/5.0 (Windows NT 10.0; Win64; x64) AppleWebKit/537.36 (KHTML, like Gecko) Chrome/146.0.0.0 Safari/537.36', '2026-03-30 19:39:05', '2026-03-30 19:39:05'),
(29, 6, 'logout', NULL, NULL, NULL, NULL, '127.0.0.1', 'Mozilla/5.0 (Windows NT 10.0; Win64; x64) AppleWebKit/537.36 (KHTML, like Gecko) Chrome/146.0.0.0 Safari/537.36', '2026-03-30 20:48:32', '2026-03-30 20:48:32'),
(30, 5, 'login', NULL, NULL, NULL, NULL, '127.0.0.1', 'Mozilla/5.0 (Windows NT 10.0; Win64; x64) AppleWebKit/537.36 (KHTML, like Gecko) Chrome/146.0.0.0 Safari/537.36', '2026-03-30 20:48:52', '2026-03-30 20:48:52'),
(31, 5, 'updated', 'App\\Models\\Appointment', 8, '{\"id\":8,\"customer_id\":3,\"employee_id\":null,\"discount_id\":1,\"appointment_date\":\"2026-04-24T00:00:00.000000Z\",\"appointment_time\":\"2026-03-31T13:00:00.000000Z\",\"status\":\"pending\",\"payment_method\":\"cash\",\"payment_status\":\"pending\",\"total_amount\":\"225.00\",\"loyalty_discount_applied\":0,\"created_at\":\"2026-03-31T02:39:42.000000Z\",\"updated_at\":\"2026-03-31T03:39:05.000000Z\",\"deleted_at\":null}', '{\"employee_id\":\"1\",\"total_amount\":225,\"updated_at\":\"2026-03-31 05:00:09\"}', '127.0.0.1', 'Mozilla/5.0 (Windows NT 10.0; Win64; x64) AppleWebKit/537.36 (KHTML, like Gecko) Chrome/146.0.0.0 Safari/537.36', '2026-03-30 21:00:09', '2026-03-30 21:00:09'),
(32, 5, 'updated', 'App\\Models\\Appointment', 8, '{\"id\":8,\"customer_id\":3,\"employee_id\":1,\"discount_id\":1,\"appointment_date\":\"2026-04-24T00:00:00.000000Z\",\"appointment_time\":\"2026-03-31T13:00:00.000000Z\",\"status\":\"pending\",\"payment_method\":\"cash\",\"payment_status\":\"pending\",\"total_amount\":\"225.00\",\"loyalty_discount_applied\":0,\"created_at\":\"2026-03-31T02:39:42.000000Z\",\"updated_at\":\"2026-03-31T05:00:09.000000Z\",\"deleted_at\":null}', '{\"payment_status\":\"paid\",\"updated_at\":\"2026-03-31 05:29:36\"}', '127.0.0.1', 'Mozilla/5.0 (Windows NT 10.0; Win64; x64) AppleWebKit/537.36 (KHTML, like Gecko) Chrome/146.0.0.0 Safari/537.36', '2026-03-30 21:29:36', '2026-03-30 21:29:36'),
(33, 5, 'updated', 'App\\Models\\Appointment', 8, '{\"id\":8,\"customer_id\":3,\"employee_id\":1,\"discount_id\":1,\"appointment_date\":\"2026-04-24T00:00:00.000000Z\",\"appointment_time\":\"2026-03-31T13:00:00.000000Z\",\"status\":\"pending\",\"payment_method\":\"cash\",\"payment_status\":\"paid\",\"total_amount\":\"225.00\",\"loyalty_discount_applied\":0,\"created_at\":\"2026-03-31T02:39:42.000000Z\",\"updated_at\":\"2026-03-31T05:29:36.000000Z\",\"deleted_at\":null}', '{\"status\":\"completed\",\"updated_at\":\"2026-03-31 05:29:44\"}', '127.0.0.1', 'Mozilla/5.0 (Windows NT 10.0; Win64; x64) AppleWebKit/537.36 (KHTML, like Gecko) Chrome/146.0.0.0 Safari/537.36', '2026-03-30 21:29:44', '2026-03-30 21:29:44'),
(34, 5, 'logout', NULL, NULL, NULL, NULL, '127.0.0.1', 'Mozilla/5.0 (Windows NT 10.0; Win64; x64) AppleWebKit/537.36 (KHTML, like Gecko) Chrome/146.0.0.0 Safari/537.36', '2026-03-30 21:29:54', '2026-03-30 21:29:54'),
(35, 6, 'login', NULL, NULL, NULL, NULL, '127.0.0.1', 'Mozilla/5.0 (Windows NT 10.0; Win64; x64) AppleWebKit/537.36 (KHTML, like Gecko) Chrome/146.0.0.0 Safari/537.36', '2026-03-30 21:30:05', '2026-03-30 21:30:05'),
(36, 3, 'updated', 'App\\Models\\User', 3, '{\"id\":3,\"name\":\"Bai Fatima Andong\",\"email\":\"bfandong@gmail.com\",\"role\":\"tech\",\"status\":\"active\",\"email_verified_at\":null,\"password\":\"$2y$12$zeAvfua..LaTnvt.BCarIufnNdWIOdhnqHmeutGAiYtTXrb5A.VmK\",\"remember_token\":null,\"created_at\":\"2026-03-14T14:22:08.000000Z\",\"updated_at\":\"2026-03-14T14:22:08.000000Z\"}', '{\"remember_token\":\"xAyED5XDge7x14sRrDgs7ytBfi4uuCJg8VNk2IeUJxuxhMGWSYBQA3nj2ibU\"}', '127.0.0.1', 'Mozilla/5.0 (Windows NT 10.0; Win64; x64) AppleWebKit/537.36 (KHTML, like Gecko) Chrome/146.0.0.0 Safari/537.36', '2026-04-03 15:12:49', '2026-04-03 15:12:49'),
(37, 3, 'login', NULL, NULL, NULL, NULL, '127.0.0.1', 'Mozilla/5.0 (Windows NT 10.0; Win64; x64) AppleWebKit/537.36 (KHTML, like Gecko) Chrome/146.0.0.0 Safari/537.36', '2026-04-03 15:12:49', '2026-04-03 15:12:49'),
(38, 3, 'updated', 'App\\Models\\User', 3, '{\"id\":3,\"name\":\"Bai Fatima Andong\",\"email\":\"bfandong@gmail.com\",\"role\":\"tech\",\"status\":\"active\",\"email_verified_at\":null,\"password\":\"$2y$12$zeAvfua..LaTnvt.BCarIufnNdWIOdhnqHmeutGAiYtTXrb5A.VmK\",\"remember_token\":\"xAyED5XDge7x14sRrDgs7ytBfi4uuCJg8VNk2IeUJxuxhMGWSYBQA3nj2ibU\",\"created_at\":\"2026-03-14T14:22:08.000000Z\",\"updated_at\":\"2026-03-14T14:22:08.000000Z\"}', '{\"remember_token\":\"LTcdlZWNvqV7TB2XkF02i7vm6ALtfcBU7E7bVIOz5dP0fPRTGXp9TXY8hKiU\"}', '127.0.0.1', 'Mozilla/5.0 (Windows NT 10.0; Win64; x64) AppleWebKit/537.36 (KHTML, like Gecko) Chrome/146.0.0.0 Safari/537.36', '2026-04-03 15:13:32', '2026-04-03 15:13:32'),
(39, 3, 'logout', NULL, NULL, NULL, NULL, '127.0.0.1', 'Mozilla/5.0 (Windows NT 10.0; Win64; x64) AppleWebKit/537.36 (KHTML, like Gecko) Chrome/146.0.0.0 Safari/537.36', '2026-04-03 15:13:32', '2026-04-03 15:13:32'),
(40, NULL, 'created', 'App\\Models\\User', 8, NULL, '{\"name\":\"Christian Cahilig\",\"email\":\"christianc.xviii@gmail.com\",\"password\":\"$2y$12$IvprSYEn9LKx\\/F6fT1kcWOIbPjVy0s193X5DVJhjbG1Ys7Pg35hau\",\"role\":\"customer\",\"status\":\"active\",\"updated_at\":\"2026-04-03 23:33:20\",\"created_at\":\"2026-04-03 23:33:20\",\"id\":8}', '127.0.0.1', 'Mozilla/5.0 (Windows NT 10.0; Win64; x64) AppleWebKit/537.36 (KHTML, like Gecko) Chrome/146.0.0.0 Safari/537.36', '2026-04-03 15:33:20', '2026-04-03 15:33:20'),
(41, NULL, 'created', 'App\\Models\\Customer', 5, NULL, '{\"user_id\":8,\"first_name\":\"Christian\",\"last_name\":\"Cahilig\",\"mobile_num\":\"09495655839\",\"updated_at\":\"2026-04-03 23:33:20\",\"created_at\":\"2026-04-03 23:33:20\",\"id\":5}', '127.0.0.1', 'Mozilla/5.0 (Windows NT 10.0; Win64; x64) AppleWebKit/537.36 (KHTML, like Gecko) Chrome/146.0.0.0 Safari/537.36', '2026-04-03 15:33:20', '2026-04-03 15:33:20'),
(42, 8, 'login', NULL, NULL, NULL, NULL, '127.0.0.1', 'Mozilla/5.0 (Windows NT 10.0; Win64; x64) AppleWebKit/537.36 (KHTML, like Gecko) Chrome/146.0.0.0 Safari/537.36', '2026-04-03 15:33:20', '2026-04-03 15:33:20'),
(43, 8, 'logout', NULL, NULL, NULL, NULL, '127.0.0.1', 'Mozilla/5.0 (Windows NT 10.0; Win64; x64) AppleWebKit/537.36 (KHTML, like Gecko) Chrome/146.0.0.0 Safari/537.36', '2026-04-03 15:33:25', '2026-04-03 15:33:25'),
(44, 8, 'login', NULL, NULL, NULL, NULL, '127.0.0.1', 'Mozilla/5.0 (Windows NT 10.0; Win64; x64) AppleWebKit/537.36 (KHTML, like Gecko) Chrome/146.0.0.0 Safari/537.36', '2026-04-03 16:14:56', '2026-04-03 16:14:56'),
(45, 8, 'logout', NULL, NULL, NULL, NULL, '127.0.0.1', 'Mozilla/5.0 (Windows NT 10.0; Win64; x64) AppleWebKit/537.36 (KHTML, like Gecko) Chrome/146.0.0.0 Safari/537.36', '2026-04-03 16:15:58', '2026-04-03 16:15:58'),
(46, 8, 'login', NULL, NULL, NULL, NULL, '127.0.0.1', 'Mozilla/5.0 (Windows NT 10.0; Win64; x64) AppleWebKit/537.36 (KHTML, like Gecko) Chrome/146.0.0.0 Safari/537.36', '2026-04-03 16:18:34', '2026-04-03 16:18:34'),
(47, 8, 'logout', NULL, NULL, NULL, NULL, '127.0.0.1', 'Mozilla/5.0 (Windows NT 10.0; Win64; x64) AppleWebKit/537.36 (KHTML, like Gecko) Chrome/146.0.0.0 Safari/537.36', '2026-04-03 16:26:43', '2026-04-03 16:26:43'),
(48, NULL, 'updated', 'App\\Models\\User', 8, '{\"id\":8,\"name\":\"Christian Cahilig\",\"email\":\"christianc.xviii@gmail.com\",\"role\":\"customer\",\"status\":\"active\",\"email_verified_at\":null,\"password\":\"$2y$12$IvprSYEn9LKx\\/F6fT1kcWOIbPjVy0s193X5DVJhjbG1Ys7Pg35hau\",\"remember_token\":null,\"created_at\":\"2026-04-03T23:33:20.000000Z\",\"updated_at\":\"2026-04-03T23:33:20.000000Z\"}', '{\"password\":\"$2y$12$cxk1eQLczkk1NtEHfTav2eTVfqp7WOtqfVajdDYlo4X\\/orEQxY6PC\",\"remember_token\":\"1lUzQ0jtIuozEr2elo8sIft0COf3slmha2vLd2AWvlfE1jRa90M6jMTljmTz\",\"updated_at\":\"2026-04-04 00:59:28\"}', '127.0.0.1', 'Mozilla/5.0 (Windows NT 10.0; Win64; x64) AppleWebKit/537.36 (KHTML, like Gecko) Chrome/146.0.0.0 Safari/537.36', '2026-04-03 16:59:28', '2026-04-03 16:59:28'),
(49, 8, 'login', NULL, NULL, NULL, NULL, '127.0.0.1', 'Mozilla/5.0 (Windows NT 10.0; Win64; x64) AppleWebKit/537.36 (KHTML, like Gecko) Chrome/146.0.0.0 Safari/537.36', '2026-04-03 16:59:56', '2026-04-03 16:59:56'),
(50, 8, 'updated', 'App\\Models\\User', 8, '{\"id\":8,\"name\":\"Christian Cahilig\",\"email\":\"christianc.xviii@gmail.com\",\"role\":\"customer\",\"status\":\"active\",\"email_verified_at\":null,\"password\":\"$2y$12$cxk1eQLczkk1NtEHfTav2eTVfqp7WOtqfVajdDYlo4X\\/orEQxY6PC\",\"remember_token\":\"1lUzQ0jtIuozEr2elo8sIft0COf3slmha2vLd2AWvlfE1jRa90M6jMTljmTz\",\"created_at\":\"2026-04-03T23:33:20.000000Z\",\"updated_at\":\"2026-04-04T00:59:28.000000Z\"}', '{\"remember_token\":\"SykHWBRsVEwnVuyM7kJ31Y6m9a7MpZbdjHuEcJfwsPnG1yB4SNSBQdZff3iB\"}', '127.0.0.1', 'Mozilla/5.0 (Windows NT 10.0; Win64; x64) AppleWebKit/537.36 (KHTML, like Gecko) Chrome/146.0.0.0 Safari/537.36', '2026-04-03 17:00:01', '2026-04-03 17:00:01'),
(51, 8, 'logout', NULL, NULL, NULL, NULL, '127.0.0.1', 'Mozilla/5.0 (Windows NT 10.0; Win64; x64) AppleWebKit/537.36 (KHTML, like Gecko) Chrome/146.0.0.0 Safari/537.36', '2026-04-03 17:00:01', '2026-04-03 17:00:01'),
(52, 1, 'login', NULL, NULL, NULL, NULL, '127.0.0.1', 'Mozilla/5.0 (Windows NT 10.0; Win64; x64) AppleWebKit/537.36 (KHTML, like Gecko) Chrome/147.0.0.0 Safari/537.36', '2026-04-13 18:01:53', '2026-04-13 18:01:53'),
(53, 1, 'updated', 'App\\Models\\Appointment', 8, '{\"id\":8,\"customer_id\":3,\"employee_id\":1,\"discount_id\":1,\"appointment_date\":\"2026-04-24T00:00:00.000000Z\",\"appointment_time\":\"2026-04-14T13:00:00.000000Z\",\"status\":\"completed\",\"payment_method\":\"cash\",\"payment_status\":\"paid\",\"total_amount\":\"225.00\",\"loyalty_discount_applied\":0,\"created_at\":\"2026-03-31T02:39:42.000000Z\",\"updated_at\":\"2026-03-31T05:29:44.000000Z\",\"deleted_at\":null}', '{\"status\":\"confirmed\",\"total_amount\":225,\"updated_at\":\"2026-04-14 02:38:41\"}', '127.0.0.1', 'Mozilla/5.0 (Windows NT 10.0; Win64; x64) AppleWebKit/537.36 (KHTML, like Gecko) Chrome/147.0.0.0 Safari/537.36', '2026-04-13 18:38:41', '2026-04-13 18:38:41'),
(54, 1, 'updated', 'App\\Models\\Appointment', 2, '{\"id\":2,\"customer_id\":1,\"employee_id\":2,\"discount_id\":null,\"appointment_date\":\"2026-03-17T00:00:00.000000Z\",\"appointment_time\":\"2026-04-14T10:00:00.000000Z\",\"status\":\"confirmed\",\"payment_method\":\"cash\",\"payment_status\":\"pending\",\"total_amount\":\"250.00\",\"loyalty_discount_applied\":0,\"created_at\":\"2026-03-14T11:13:08.000000Z\",\"updated_at\":\"2026-03-20T22:13:33.000000Z\",\"deleted_at\":null}', '{\"status\":\"completed\",\"updated_at\":\"2026-04-14 02:39:09\"}', '127.0.0.1', 'Mozilla/5.0 (Windows NT 10.0; Win64; x64) AppleWebKit/537.36 (KHTML, like Gecko) Chrome/147.0.0.0 Safari/537.36', '2026-04-13 18:39:09', '2026-04-13 18:39:09'),
(55, 1, 'updated', 'App\\Models\\Appointment', 3, '{\"id\":3,\"customer_id\":2,\"employee_id\":1,\"discount_id\":null,\"appointment_date\":\"2026-03-18T00:00:00.000000Z\",\"appointment_time\":\"2026-04-14T00:18:00.000000Z\",\"status\":\"pending\",\"payment_method\":\"gcash\",\"payment_status\":\"pending\",\"total_amount\":\"550.00\",\"loyalty_discount_applied\":0,\"created_at\":\"2026-03-15T13:15:43.000000Z\",\"updated_at\":\"2026-03-15T13:15:43.000000Z\",\"deleted_at\":null}', '{\"status\":\"completed\",\"total_amount\":\"1299.00\",\"updated_at\":\"2026-04-14 02:40:08\"}', '127.0.0.1', 'Mozilla/5.0 (Windows NT 10.0; Win64; x64) AppleWebKit/537.36 (KHTML, like Gecko) Chrome/147.0.0.0 Safari/537.36', '2026-04-13 18:40:08', '2026-04-13 18:40:08'),
(56, 1, 'created', 'App\\Models\\Payment', 3, NULL, '{\"appointment_id\":3,\"amount\":\"1299.00\",\"payment_method\":\"gcash\",\"reference_number\":\"NANFFASU9F32\",\"status\":\"pending\",\"updated_at\":\"2026-04-14 02:40:08\",\"created_at\":\"2026-04-14 02:40:08\",\"id\":3}', '127.0.0.1', 'Mozilla/5.0 (Windows NT 10.0; Win64; x64) AppleWebKit/537.36 (KHTML, like Gecko) Chrome/147.0.0.0 Safari/537.36', '2026-04-13 18:40:08', '2026-04-13 18:40:08'),
(57, 1, 'updated', 'App\\Models\\Appointment', 5, '{\"id\":5,\"customer_id\":3,\"employee_id\":1,\"discount_id\":null,\"appointment_date\":\"2026-04-09T00:00:00.000000Z\",\"appointment_time\":\"2026-04-14T10:00:00.000000Z\",\"status\":\"pending\",\"payment_method\":\"cash\",\"payment_status\":\"pending\",\"total_amount\":\"99.00\",\"loyalty_discount_applied\":0,\"created_at\":\"2026-03-21T06:39:40.000000Z\",\"updated_at\":\"2026-03-21T10:42:32.000000Z\",\"deleted_at\":null}', '{\"status\":\"completed\",\"updated_at\":\"2026-04-14 02:40:25\"}', '127.0.0.1', 'Mozilla/5.0 (Windows NT 10.0; Win64; x64) AppleWebKit/537.36 (KHTML, like Gecko) Chrome/147.0.0.0 Safari/537.36', '2026-04-13 18:40:25', '2026-04-13 18:40:25'),
(58, 1, 'updated', 'App\\Models\\Appointment', 5, '{\"id\":5,\"customer_id\":3,\"employee_id\":1,\"discount_id\":null,\"appointment_date\":\"2026-04-09T00:00:00.000000Z\",\"appointment_time\":\"2026-04-14T10:00:00.000000Z\",\"status\":\"completed\",\"payment_method\":\"cash\",\"payment_status\":\"pending\",\"total_amount\":\"99.00\",\"loyalty_discount_applied\":0,\"created_at\":\"2026-03-21T06:39:40.000000Z\",\"updated_at\":\"2026-04-14T02:40:25.000000Z\",\"deleted_at\":null}', '{\"status\":\"confirmed\",\"updated_at\":\"2026-04-14 02:41:00\"}', '127.0.0.1', 'Mozilla/5.0 (Windows NT 10.0; Win64; x64) AppleWebKit/537.36 (KHTML, like Gecko) Chrome/147.0.0.0 Safari/537.36', '2026-04-13 18:41:00', '2026-04-13 18:41:00'),
(59, 1, 'updated', 'App\\Models\\Appointment', 5, '{\"id\":5,\"customer_id\":3,\"employee_id\":1,\"discount_id\":null,\"appointment_date\":\"2026-04-09T00:00:00.000000Z\",\"appointment_time\":\"2026-04-14T10:00:00.000000Z\",\"status\":\"confirmed\",\"payment_method\":\"cash\",\"payment_status\":\"pending\",\"total_amount\":\"99.00\",\"loyalty_discount_applied\":0,\"created_at\":\"2026-03-21T06:39:40.000000Z\",\"updated_at\":\"2026-04-14T02:41:00.000000Z\",\"deleted_at\":null}', '{\"payment_status\":\"paid\",\"updated_at\":\"2026-04-14 02:46:33\"}', '127.0.0.1', 'Mozilla/5.0 (Windows NT 10.0; Win64; x64) AppleWebKit/537.36 (KHTML, like Gecko) Chrome/147.0.0.0 Safari/537.36', '2026-04-13 18:46:33', '2026-04-13 18:46:33'),
(60, 1, 'updated', 'App\\Models\\Appointment', 5, '{\"id\":5,\"customer_id\":3,\"employee_id\":1,\"discount_id\":null,\"appointment_date\":\"2026-04-09T00:00:00.000000Z\",\"appointment_time\":\"2026-04-14T10:00:00.000000Z\",\"status\":\"confirmed\",\"payment_method\":\"cash\",\"payment_status\":\"paid\",\"total_amount\":\"99.00\",\"loyalty_discount_applied\":0,\"created_at\":\"2026-03-21T06:39:40.000000Z\",\"updated_at\":\"2026-04-14T02:46:33.000000Z\",\"deleted_at\":null}', '{\"status\":\"completed\",\"updated_at\":\"2026-04-14 02:46:41\"}', '127.0.0.1', 'Mozilla/5.0 (Windows NT 10.0; Win64; x64) AppleWebKit/537.36 (KHTML, like Gecko) Chrome/147.0.0.0 Safari/537.36', '2026-04-13 18:46:41', '2026-04-13 18:46:41'),
(61, 1, 'updated', 'App\\Models\\Appointment', 6, '{\"id\":6,\"customer_id\":4,\"employee_id\":1,\"discount_id\":null,\"appointment_date\":\"2026-04-07T00:00:00.000000Z\",\"appointment_time\":\"2026-04-14T09:00:00.000000Z\",\"status\":\"pending\",\"payment_method\":\"gcash\",\"payment_status\":\"for_validation\",\"total_amount\":\"1200.00\",\"loyalty_discount_applied\":0,\"created_at\":\"2026-03-21T06:56:44.000000Z\",\"updated_at\":\"2026-03-21T06:56:44.000000Z\",\"deleted_at\":null}', '{\"payment_status\":\"paid\",\"updated_at\":\"2026-04-14 02:47:41\"}', '127.0.0.1', 'Mozilla/5.0 (Windows NT 10.0; Win64; x64) AppleWebKit/537.36 (KHTML, like Gecko) Chrome/147.0.0.0 Safari/537.36', '2026-04-13 18:47:41', '2026-04-13 18:47:41'),
(62, 1, 'updated', 'App\\Models\\Payment', 1, '{\"id\":1,\"appointment_id\":6,\"amount\":\"1200.00\",\"payment_method\":\"gcash\",\"reference_number\":\"DANNDAUD90AY31\",\"validated_at\":null,\"status\":\"pending\",\"created_at\":\"2026-03-21T06:56:44.000000Z\",\"updated_at\":\"2026-03-21T06:56:44.000000Z\"}', '{\"validated_at\":\"2026-04-14 02:47:41\",\"status\":\"validated\",\"updated_at\":\"2026-04-14 02:47:41\"}', '127.0.0.1', 'Mozilla/5.0 (Windows NT 10.0; Win64; x64) AppleWebKit/537.36 (KHTML, like Gecko) Chrome/147.0.0.0 Safari/537.36', '2026-04-13 18:47:41', '2026-04-13 18:47:41'),
(63, 1, 'updated', 'App\\Models\\Appointment', 4, '{\"id\":4,\"customer_id\":3,\"employee_id\":2,\"discount_id\":null,\"appointment_date\":\"2026-03-31T00:00:00.000000Z\",\"appointment_time\":\"2026-04-14T13:00:00.000000Z\",\"status\":\"pending\",\"payment_method\":\"cash\",\"payment_status\":\"pending\",\"total_amount\":\"399.00\",\"loyalty_discount_applied\":0,\"created_at\":\"2026-03-21T01:12:25.000000Z\",\"updated_at\":\"2026-03-21T01:12:25.000000Z\",\"deleted_at\":null}', '{\"status\":\"cancelled\",\"updated_at\":\"2026-04-14 02:57:15\"}', '127.0.0.1', 'Mozilla/5.0 (Windows NT 10.0; Win64; x64) AppleWebKit/537.36 (KHTML, like Gecko) Chrome/147.0.0.0 Safari/537.36', '2026-04-13 18:57:15', '2026-04-13 18:57:15'),
(64, 1, 'updated', 'App\\Models\\Appointment', 6, '{\"id\":6,\"customer_id\":4,\"employee_id\":1,\"discount_id\":null,\"appointment_date\":\"2026-04-07T00:00:00.000000Z\",\"appointment_time\":\"2026-04-14T09:00:00.000000Z\",\"status\":\"pending\",\"payment_method\":\"gcash\",\"payment_status\":\"paid\",\"total_amount\":\"1200.00\",\"loyalty_discount_applied\":0,\"created_at\":\"2026-03-21T06:56:44.000000Z\",\"updated_at\":\"2026-04-14T02:47:41.000000Z\",\"deleted_at\":null}', '{\"status\":\"completed\",\"updated_at\":\"2026-04-14 02:59:24\"}', '127.0.0.1', 'Mozilla/5.0 (Windows NT 10.0; Win64; x64) AppleWebKit/537.36 (KHTML, like Gecko) Chrome/147.0.0.0 Safari/537.36', '2026-04-13 18:59:24', '2026-04-13 18:59:24'),
(65, 1, 'updated', 'App\\Models\\Appointment', 2, '{\"id\":2,\"customer_id\":1,\"employee_id\":2,\"discount_id\":null,\"appointment_date\":\"2026-03-17T00:00:00.000000Z\",\"appointment_time\":\"2026-04-14T10:00:00.000000Z\",\"status\":\"completed\",\"payment_method\":\"cash\",\"payment_status\":\"pending\",\"total_amount\":\"250.00\",\"loyalty_discount_applied\":0,\"created_at\":\"2026-03-14T11:13:08.000000Z\",\"updated_at\":\"2026-04-14T02:39:09.000000Z\",\"deleted_at\":null}', '{\"status\":\"confirmed\",\"updated_at\":\"2026-04-14 03:10:51\"}', '127.0.0.1', 'Mozilla/5.0 (Windows NT 10.0; Win64; x64) AppleWebKit/537.36 (KHTML, like Gecko) Chrome/147.0.0.0 Safari/537.36', '2026-04-13 19:10:51', '2026-04-13 19:10:51'),
(66, 1, 'updated', 'App\\Models\\Appointment', 3, '{\"id\":3,\"customer_id\":2,\"employee_id\":1,\"discount_id\":null,\"appointment_date\":\"2026-03-18T00:00:00.000000Z\",\"appointment_time\":\"2026-04-14T00:18:00.000000Z\",\"status\":\"completed\",\"payment_method\":\"gcash\",\"payment_status\":\"pending\",\"total_amount\":\"1299.00\",\"loyalty_discount_applied\":0,\"created_at\":\"2026-03-15T13:15:43.000000Z\",\"updated_at\":\"2026-04-14T02:40:08.000000Z\",\"deleted_at\":null}', '{\"status\":\"confirmed\",\"updated_at\":\"2026-04-14 03:11:05\"}', '127.0.0.1', 'Mozilla/5.0 (Windows NT 10.0; Win64; x64) AppleWebKit/537.36 (KHTML, like Gecko) Chrome/147.0.0.0 Safari/537.36', '2026-04-13 19:11:05', '2026-04-13 19:11:05'),
(67, 1, 'updated', 'App\\Models\\Appointment', 2, '{\"id\":2,\"customer_id\":1,\"employee_id\":2,\"discount_id\":null,\"appointment_date\":\"2026-03-17T00:00:00.000000Z\",\"appointment_time\":\"2026-04-14T10:00:00.000000Z\",\"status\":\"confirmed\",\"payment_method\":\"cash\",\"payment_status\":\"pending\",\"total_amount\":\"250.00\",\"loyalty_discount_applied\":0,\"created_at\":\"2026-03-14T11:13:08.000000Z\",\"updated_at\":\"2026-04-14T03:10:51.000000Z\",\"deleted_at\":null}', '{\"payment_status\":\"paid\",\"updated_at\":\"2026-04-14 03:11:27\"}', '127.0.0.1', 'Mozilla/5.0 (Windows NT 10.0; Win64; x64) AppleWebKit/537.36 (KHTML, like Gecko) Chrome/147.0.0.0 Safari/537.36', '2026-04-13 19:11:27', '2026-04-13 19:11:27'),
(68, 1, 'updated', 'App\\Models\\Appointment', 3, '{\"id\":3,\"customer_id\":2,\"employee_id\":1,\"discount_id\":null,\"appointment_date\":\"2026-03-18T00:00:00.000000Z\",\"appointment_time\":\"2026-04-14T00:18:00.000000Z\",\"status\":\"confirmed\",\"payment_method\":\"gcash\",\"payment_status\":\"pending\",\"total_amount\":\"1299.00\",\"loyalty_discount_applied\":0,\"created_at\":\"2026-03-15T13:15:43.000000Z\",\"updated_at\":\"2026-04-14T03:11:05.000000Z\",\"deleted_at\":null}', '{\"payment_status\":\"paid\",\"updated_at\":\"2026-04-14 03:11:43\"}', '127.0.0.1', 'Mozilla/5.0 (Windows NT 10.0; Win64; x64) AppleWebKit/537.36 (KHTML, like Gecko) Chrome/147.0.0.0 Safari/537.36', '2026-04-13 19:11:43', '2026-04-13 19:11:43'),
(69, 1, 'updated', 'App\\Models\\Payment', 3, '{\"id\":3,\"appointment_id\":3,\"amount\":\"1299.00\",\"payment_method\":\"gcash\",\"reference_number\":\"NANFFASU9F32\",\"validated_at\":null,\"status\":\"pending\",\"created_at\":\"2026-04-14T02:40:08.000000Z\",\"updated_at\":\"2026-04-14T02:40:08.000000Z\"}', '{\"validated_at\":\"2026-04-14 03:11:43\",\"status\":\"validated\",\"updated_at\":\"2026-04-14 03:11:43\"}', '127.0.0.1', 'Mozilla/5.0 (Windows NT 10.0; Win64; x64) AppleWebKit/537.36 (KHTML, like Gecko) Chrome/147.0.0.0 Safari/537.36', '2026-04-13 19:11:43', '2026-04-13 19:11:43'),
(70, 1, 'created', 'App\\Models\\Appointment', 9, NULL, '{\"customer_id\":2,\"employee_id\":\"2\",\"discount_id\":null,\"appointment_date\":\"2026-04-14 00:00:00\",\"appointment_time\":\"12:30\",\"status\":\"pending\",\"payment_method\":\"cash\",\"payment_status\":\"pending\",\"total_amount\":\"499.00\",\"updated_at\":\"2026-04-14 03:20:43\",\"created_at\":\"2026-04-14 03:20:43\",\"id\":9}', '127.0.0.1', 'Mozilla/5.0 (Windows NT 10.0; Win64; x64) AppleWebKit/537.36 (KHTML, like Gecko) Chrome/147.0.0.0 Safari/537.36', '2026-04-13 19:20:43', '2026-04-13 19:20:43'),
(71, 1, 'updated', 'App\\Models\\Appointment', 9, '{\"id\":9,\"customer_id\":2,\"employee_id\":2,\"discount_id\":null,\"appointment_date\":\"2026-04-14T00:00:00.000000Z\",\"appointment_time\":\"2026-04-14T12:30:00.000000Z\",\"status\":\"pending\",\"payment_method\":\"cash\",\"payment_status\":\"pending\",\"total_amount\":\"499.00\",\"loyalty_discount_applied\":0,\"created_at\":\"2026-04-14T03:20:43.000000Z\",\"updated_at\":\"2026-04-14T03:20:43.000000Z\",\"deleted_at\":null}', '{\"payment_status\":\"paid\",\"updated_at\":\"2026-04-14 03:22:20\"}', '127.0.0.1', 'Mozilla/5.0 (Windows NT 10.0; Win64; x64) AppleWebKit/537.36 (KHTML, like Gecko) Chrome/147.0.0.0 Safari/537.36', '2026-04-13 19:22:20', '2026-04-13 19:22:20'),
(72, 1, 'updated', 'App\\Models\\Appointment', 9, '{\"id\":9,\"customer_id\":2,\"employee_id\":2,\"discount_id\":null,\"appointment_date\":\"2026-04-14T00:00:00.000000Z\",\"appointment_time\":\"2026-04-14T12:30:00.000000Z\",\"status\":\"pending\",\"payment_method\":\"cash\",\"payment_status\":\"paid\",\"total_amount\":\"499.00\",\"loyalty_discount_applied\":0,\"created_at\":\"2026-04-14T03:20:43.000000Z\",\"updated_at\":\"2026-04-14T03:22:20.000000Z\",\"deleted_at\":null}', '{\"status\":\"completed\",\"updated_at\":\"2026-04-14 03:22:31\"}', '127.0.0.1', 'Mozilla/5.0 (Windows NT 10.0; Win64; x64) AppleWebKit/537.36 (KHTML, like Gecko) Chrome/147.0.0.0 Safari/537.36', '2026-04-13 19:22:31', '2026-04-13 19:22:31'),
(73, 1, 'updated', 'App\\Models\\Appointment', 3, '{\"id\":3,\"customer_id\":2,\"employee_id\":1,\"discount_id\":null,\"appointment_date\":\"2026-03-18T00:00:00.000000Z\",\"appointment_time\":\"2026-04-14T00:18:00.000000Z\",\"status\":\"confirmed\",\"payment_method\":\"gcash\",\"payment_status\":\"paid\",\"total_amount\":\"1299.00\",\"loyalty_discount_applied\":0,\"created_at\":\"2026-03-15T13:15:43.000000Z\",\"updated_at\":\"2026-04-14T03:11:43.000000Z\",\"deleted_at\":null}', '{\"status\":\"completed\",\"updated_at\":\"2026-04-14 03:23:55\"}', '127.0.0.1', 'Mozilla/5.0 (Windows NT 10.0; Win64; x64) AppleWebKit/537.36 (KHTML, like Gecko) Chrome/147.0.0.0 Safari/537.36', '2026-04-13 19:23:55', '2026-04-13 19:23:55'),
(74, 1, 'created', 'App\\Models\\Appointment', 10, NULL, '{\"customer_id\":4,\"employee_id\":\"2\",\"discount_id\":null,\"appointment_date\":\"2026-04-14 00:00:00\",\"appointment_time\":\"11:00\",\"status\":\"confirmed\",\"payment_method\":\"cash\",\"payment_status\":\"pending\",\"total_amount\":\"750.00\",\"updated_at\":\"2026-04-14 03:31:06\",\"created_at\":\"2026-04-14 03:31:06\",\"id\":10}', '127.0.0.1', 'Mozilla/5.0 (Windows NT 10.0; Win64; x64) AppleWebKit/537.36 (KHTML, like Gecko) Chrome/147.0.0.0 Safari/537.36', '2026-04-13 19:31:06', '2026-04-13 19:31:06'),
(75, 1, 'updated', 'App\\Models\\Appointment', 4, '{\"id\":4,\"customer_id\":3,\"employee_id\":2,\"discount_id\":null,\"appointment_date\":\"2026-03-31T00:00:00.000000Z\",\"appointment_time\":\"2026-04-14T13:00:00.000000Z\",\"status\":\"cancelled\",\"payment_method\":\"cash\",\"payment_status\":\"pending\",\"total_amount\":\"399.00\",\"loyalty_discount_applied\":0,\"created_at\":\"2026-03-21T01:12:25.000000Z\",\"updated_at\":\"2026-04-14T02:57:15.000000Z\",\"deleted_at\":null}', '{\"status\":\"pending\",\"updated_at\":\"2026-04-14 03:31:36\"}', '127.0.0.1', 'Mozilla/5.0 (Windows NT 10.0; Win64; x64) AppleWebKit/537.36 (KHTML, like Gecko) Chrome/147.0.0.0 Safari/537.36', '2026-04-13 19:31:36', '2026-04-13 19:31:36'),
(76, 1, 'updated', 'App\\Models\\Appointment', 4, '{\"id\":4,\"customer_id\":3,\"employee_id\":2,\"discount_id\":null,\"appointment_date\":\"2026-03-31T00:00:00.000000Z\",\"appointment_time\":\"2026-04-14T13:00:00.000000Z\",\"status\":\"pending\",\"payment_method\":\"cash\",\"payment_status\":\"pending\",\"total_amount\":\"399.00\",\"loyalty_discount_applied\":0,\"created_at\":\"2026-03-21T01:12:25.000000Z\",\"updated_at\":\"2026-04-14T03:31:36.000000Z\",\"deleted_at\":null}', '{\"status\":\"cancelled\",\"updated_at\":\"2026-04-14 03:36:16\"}', '127.0.0.1', 'Mozilla/5.0 (Windows NT 10.0; Win64; x64) AppleWebKit/537.36 (KHTML, like Gecko) Chrome/147.0.0.0 Safari/537.36', '2026-04-13 19:36:16', '2026-04-13 19:36:16'),
(77, 1, 'updated', 'App\\Models\\Appointment', 10, '{\"id\":10,\"customer_id\":4,\"employee_id\":2,\"discount_id\":null,\"appointment_date\":\"2026-04-14T00:00:00.000000Z\",\"appointment_time\":\"2026-04-14T11:00:00.000000Z\",\"status\":\"confirmed\",\"payment_method\":\"cash\",\"payment_status\":\"pending\",\"total_amount\":\"750.00\",\"loyalty_discount_applied\":0,\"created_at\":\"2026-04-14T03:31:06.000000Z\",\"updated_at\":\"2026-04-14T03:31:06.000000Z\",\"deleted_at\":null}', '{\"payment_status\":\"paid\",\"updated_at\":\"2026-04-14 03:37:09\"}', '127.0.0.1', 'Mozilla/5.0 (Windows NT 10.0; Win64; x64) AppleWebKit/537.36 (KHTML, like Gecko) Chrome/147.0.0.0 Safari/537.36', '2026-04-13 19:37:09', '2026-04-13 19:37:09'),
(78, 1, 'updated', 'App\\Models\\Appointment', 10, '{\"id\":10,\"customer_id\":4,\"employee_id\":2,\"discount_id\":null,\"appointment_date\":\"2026-04-14T00:00:00.000000Z\",\"appointment_time\":\"2026-04-14T11:00:00.000000Z\",\"status\":\"confirmed\",\"payment_method\":\"cash\",\"payment_status\":\"paid\",\"total_amount\":\"750.00\",\"loyalty_discount_applied\":0,\"created_at\":\"2026-04-14T03:31:06.000000Z\",\"updated_at\":\"2026-04-14T03:37:09.000000Z\",\"deleted_at\":null}', '{\"status\":\"completed\",\"updated_at\":\"2026-04-14 03:37:17\"}', '127.0.0.1', 'Mozilla/5.0 (Windows NT 10.0; Win64; x64) AppleWebKit/537.36 (KHTML, like Gecko) Chrome/147.0.0.0 Safari/537.36', '2026-04-13 19:37:17', '2026-04-13 19:37:17'),
(79, 1, 'updated', 'App\\Models\\Product', 10, '{\"id\":10,\"name\":\"Hair Dryer\",\"category\":\"Styling Tools\",\"size\":\"1800W\",\"quantity\":3,\"price\":\"1500.00\",\"created_at\":\"2026-03-16T05:12:57.000000Z\",\"updated_at\":\"2026-03-16T05:12:57.000000Z\",\"deleted_at\":null}', '{\"quantity\":\"13\",\"updated_at\":\"2026-04-14 03:48:12\"}', '127.0.0.1', 'Mozilla/5.0 (Windows NT 10.0; Win64; x64) AppleWebKit/537.36 (KHTML, like Gecko) Chrome/147.0.0.0 Safari/537.36', '2026-04-13 19:48:12', '2026-04-13 19:48:12'),
(80, 1, 'updated', 'App\\Models\\Product', 21, '{\"id\":21,\"name\":\"Holographic Top Coat\",\"category\":\"Nail Products\",\"size\":\"20ml\",\"quantity\":3,\"price\":\"185.00\",\"created_at\":\"2026-03-16T06:09:13.000000Z\",\"updated_at\":\"2026-03-16T06:09:13.000000Z\",\"deleted_at\":null}', '{\"quantity\":\"15\",\"updated_at\":\"2026-04-14 03:48:28\"}', '127.0.0.1', 'Mozilla/5.0 (Windows NT 10.0; Win64; x64) AppleWebKit/537.36 (KHTML, like Gecko) Chrome/147.0.0.0 Safari/537.36', '2026-04-13 19:48:28', '2026-04-13 19:48:28'),
(81, 1, 'logout', NULL, NULL, NULL, NULL, '127.0.0.1', 'Mozilla/5.0 (Windows NT 10.0; Win64; x64) AppleWebKit/537.36 (KHTML, like Gecko) Chrome/147.0.0.0 Safari/537.36', '2026-04-13 19:48:43', '2026-04-13 19:48:43'),
(82, 1, 'login', NULL, NULL, NULL, NULL, '127.0.0.1', 'Mozilla/5.0 (Windows NT 10.0; Win64; x64) AppleWebKit/537.36 (KHTML, like Gecko) Chrome/147.0.0.0 Safari/537.36', '2026-04-13 19:50:12', '2026-04-13 19:50:12'),
(83, 1, 'logout', NULL, NULL, NULL, NULL, '127.0.0.1', 'Mozilla/5.0 (Windows NT 10.0; Win64; x64) AppleWebKit/537.36 (KHTML, like Gecko) Chrome/147.0.0.0 Safari/537.36', '2026-04-13 19:51:05', '2026-04-13 19:51:05'),
(84, 5, 'login', NULL, NULL, NULL, NULL, '127.0.0.1', 'Mozilla/5.0 (Windows NT 10.0; Win64; x64) AppleWebKit/537.36 (KHTML, like Gecko) Chrome/147.0.0.0 Safari/537.36', '2026-04-15 05:15:18', '2026-04-15 05:15:18'),
(85, 5, 'logout', NULL, NULL, NULL, NULL, '127.0.0.1', 'Mozilla/5.0 (Windows NT 10.0; Win64; x64) AppleWebKit/537.36 (KHTML, like Gecko) Chrome/147.0.0.0 Safari/537.36', '2026-04-15 05:26:20', '2026-04-15 05:26:20'),
(86, 3, 'login', NULL, NULL, NULL, NULL, '127.0.0.1', 'Mozilla/5.0 (Windows NT 10.0; Win64; x64) AppleWebKit/537.36 (KHTML, like Gecko) Chrome/147.0.0.0 Safari/537.36', '2026-04-15 05:26:38', '2026-04-15 05:26:38'),
(87, 3, 'updated', 'App\\Models\\User', 3, '{\"id\":3,\"name\":\"Bai Fatima Andong\",\"email\":\"bfandong@gmail.com\",\"role\":\"tech\",\"status\":\"active\",\"email_verified_at\":null,\"password\":\"$2y$12$zeAvfua..LaTnvt.BCarIufnNdWIOdhnqHmeutGAiYtTXrb5A.VmK\",\"remember_token\":\"LTcdlZWNvqV7TB2XkF02i7vm6ALtfcBU7E7bVIOz5dP0fPRTGXp9TXY8hKiU\",\"created_at\":\"2026-03-14T14:22:08.000000Z\",\"updated_at\":\"2026-03-14T14:22:08.000000Z\"}', '{\"remember_token\":\"669sZDtrzgmGmCn6IK5xvyjaDY27uEfS9tzqjlspB2PZZa8Txyhpqxgrnp1M\"}', '127.0.0.1', 'Mozilla/5.0 (Windows NT 10.0; Win64; x64) AppleWebKit/537.36 (KHTML, like Gecko) Chrome/147.0.0.0 Safari/537.36', '2026-04-15 05:27:29', '2026-04-15 05:27:29'),
(88, 3, 'logout', NULL, NULL, NULL, NULL, '127.0.0.1', 'Mozilla/5.0 (Windows NT 10.0; Win64; x64) AppleWebKit/537.36 (KHTML, like Gecko) Chrome/147.0.0.0 Safari/537.36', '2026-04-15 05:27:29', '2026-04-15 05:27:29'),
(89, 6, 'login', NULL, NULL, NULL, NULL, '127.0.0.1', 'Mozilla/5.0 (Windows NT 10.0; Win64; x64) AppleWebKit/537.36 (KHTML, like Gecko) Chrome/147.0.0.0 Safari/537.36', '2026-04-15 05:29:09', '2026-04-15 05:29:09'),
(90, 1, 'login', NULL, NULL, NULL, NULL, '127.0.0.1', 'Mozilla/5.0 (Windows NT 10.0; Win64; x64) AppleWebKit/537.36 (KHTML, like Gecko) Chrome/147.0.0.0 Safari/537.36', '2026-04-15 15:06:50', '2026-04-15 15:06:50'),
(91, 1, 'logout', NULL, NULL, NULL, NULL, '127.0.0.1', 'Mozilla/5.0 (Windows NT 10.0; Win64; x64) AppleWebKit/537.36 (KHTML, like Gecko) Chrome/147.0.0.0 Safari/537.36', '2026-04-15 15:20:41', '2026-04-15 15:20:41'),
(92, 5, 'login', NULL, NULL, NULL, NULL, '127.0.0.1', 'Mozilla/5.0 (Windows NT 10.0; Win64; x64) AppleWebKit/537.36 (KHTML, like Gecko) Chrome/147.0.0.0 Safari/537.36', '2026-04-15 15:20:53', '2026-04-15 15:20:53'),
(93, 5, 'logout', NULL, NULL, NULL, NULL, '127.0.0.1', 'Mozilla/5.0 (Windows NT 10.0; Win64; x64) AppleWebKit/537.36 (KHTML, like Gecko) Chrome/147.0.0.0 Safari/537.36', '2026-04-15 15:21:32', '2026-04-15 15:21:32'),
(94, 1, 'login', NULL, NULL, NULL, NULL, '127.0.0.1', 'Mozilla/5.0 (Windows NT 10.0; Win64; x64) AppleWebKit/537.36 (KHTML, like Gecko) Chrome/147.0.0.0 Safari/537.36', '2026-04-15 15:21:47', '2026-04-15 15:21:47'),
(95, 1, 'logout', NULL, NULL, NULL, NULL, '127.0.0.1', 'Mozilla/5.0 (Windows NT 10.0; Win64; x64) AppleWebKit/537.36 (KHTML, like Gecko) Chrome/147.0.0.0 Safari/537.36', '2026-04-15 15:27:32', '2026-04-15 15:27:32'),
(96, 6, 'login', NULL, NULL, NULL, NULL, '127.0.0.1', 'Mozilla/5.0 (Windows NT 10.0; Win64; x64) AppleWebKit/537.36 (KHTML, like Gecko) Chrome/147.0.0.0 Safari/537.36', '2026-04-15 15:27:43', '2026-04-15 15:27:43'),
(97, 6, 'logout', NULL, NULL, NULL, NULL, '127.0.0.1', 'Mozilla/5.0 (Windows NT 10.0; Win64; x64) AppleWebKit/537.36 (KHTML, like Gecko) Chrome/147.0.0.0 Safari/537.36', '2026-04-15 15:40:29', '2026-04-15 15:40:29'),
(98, 1, 'login', NULL, NULL, NULL, NULL, '127.0.0.1', 'Mozilla/5.0 (Windows NT 10.0; Win64; x64) AppleWebKit/537.36 (KHTML, like Gecko) Chrome/147.0.0.0 Safari/537.36', '2026-04-15 15:40:40', '2026-04-15 15:40:40'),
(99, 1, 'logout', NULL, NULL, NULL, NULL, '127.0.0.1', 'Mozilla/5.0 (Windows NT 10.0; Win64; x64) AppleWebKit/537.36 (KHTML, like Gecko) Chrome/147.0.0.0 Safari/537.36', '2026-04-15 17:23:20', '2026-04-15 17:23:20'),
(100, 5, 'login', NULL, NULL, NULL, NULL, '127.0.0.1', 'Mozilla/5.0 (Windows NT 10.0; Win64; x64) AppleWebKit/537.36 (KHTML, like Gecko) Chrome/147.0.0.0 Safari/537.36', '2026-04-15 17:23:39', '2026-04-15 17:23:39'),
(101, 5, 'logout', NULL, NULL, NULL, NULL, '127.0.0.1', 'Mozilla/5.0 (Windows NT 10.0; Win64; x64) AppleWebKit/537.36 (KHTML, like Gecko) Chrome/147.0.0.0 Safari/537.36', '2026-04-15 17:24:49', '2026-04-15 17:24:49'),
(102, 1, 'login', NULL, NULL, NULL, NULL, '127.0.0.1', 'Mozilla/5.0 (Windows NT 10.0; Win64; x64) AppleWebKit/537.36 (KHTML, like Gecko) Chrome/147.0.0.0 Safari/537.36', '2026-04-15 17:25:04', '2026-04-15 17:25:04'),
(103, 1, 'logout', NULL, NULL, NULL, NULL, '127.0.0.1', 'Mozilla/5.0 (Windows NT 10.0; Win64; x64) AppleWebKit/537.36 (KHTML, like Gecko) Chrome/147.0.0.0 Safari/537.36', '2026-04-15 17:27:48', '2026-04-15 17:27:48'),
(104, 3, 'login', NULL, NULL, NULL, NULL, '127.0.0.1', 'Mozilla/5.0 (Windows NT 10.0; Win64; x64) AppleWebKit/537.36 (KHTML, like Gecko) Chrome/147.0.0.0 Safari/537.36', '2026-04-15 17:28:00', '2026-04-15 17:28:00'),
(105, 3, 'updated', 'App\\Models\\User', 3, '{\"id\":3,\"name\":\"Bai Fatima Andong\",\"email\":\"bfandong@gmail.com\",\"role\":\"tech\",\"status\":\"active\",\"email_verified_at\":null,\"password\":\"$2y$12$zeAvfua..LaTnvt.BCarIufnNdWIOdhnqHmeutGAiYtTXrb5A.VmK\",\"remember_token\":\"669sZDtrzgmGmCn6IK5xvyjaDY27uEfS9tzqjlspB2PZZa8Txyhpqxgrnp1M\",\"created_at\":\"2026-03-14T14:22:08.000000Z\",\"updated_at\":\"2026-03-14T14:22:08.000000Z\"}', '{\"remember_token\":\"cWo99KHO5OjDPyZJZ4iMvqOl938VVlRuYsh8Ou1p0ZOkBzDk0DuRwrW3WDYN\"}', '127.0.0.1', 'Mozilla/5.0 (Windows NT 10.0; Win64; x64) AppleWebKit/537.36 (KHTML, like Gecko) Chrome/147.0.0.0 Safari/537.36', '2026-04-15 17:29:49', '2026-04-15 17:29:49'),
(106, 3, 'logout', NULL, NULL, NULL, NULL, '127.0.0.1', 'Mozilla/5.0 (Windows NT 10.0; Win64; x64) AppleWebKit/537.36 (KHTML, like Gecko) Chrome/147.0.0.0 Safari/537.36', '2026-04-15 17:29:49', '2026-04-15 17:29:49'),
(107, 2, 'login', NULL, NULL, NULL, NULL, '127.0.0.1', 'Mozilla/5.0 (Windows NT 10.0; Win64; x64) AppleWebKit/537.36 (KHTML, like Gecko) Chrome/147.0.0.0 Safari/537.36', '2026-04-15 17:30:11', '2026-04-15 17:30:11'),
(108, 2, 'logout', NULL, NULL, NULL, NULL, '127.0.0.1', 'Mozilla/5.0 (Windows NT 10.0; Win64; x64) AppleWebKit/537.36 (KHTML, like Gecko) Chrome/147.0.0.0 Safari/537.36', '2026-04-15 17:37:51', '2026-04-15 17:37:51'),
(109, 5, 'login', NULL, NULL, NULL, NULL, '127.0.0.1', 'Mozilla/5.0 (Windows NT 10.0; Win64; x64) AppleWebKit/537.36 (KHTML, like Gecko) Chrome/147.0.0.0 Safari/537.36', '2026-04-15 17:38:06', '2026-04-15 17:38:06'),
(110, 5, 'logout', NULL, NULL, NULL, NULL, '127.0.0.1', 'Mozilla/5.0 (Windows NT 10.0; Win64; x64) AppleWebKit/537.36 (KHTML, like Gecko) Chrome/147.0.0.0 Safari/537.36', '2026-04-15 17:46:27', '2026-04-15 17:46:27'),
(111, 1, 'login', NULL, NULL, NULL, NULL, '127.0.0.1', 'Mozilla/5.0 (Windows NT 10.0; Win64; x64) AppleWebKit/537.36 (KHTML, like Gecko) Chrome/147.0.0.0 Safari/537.36', '2026-04-15 17:46:43', '2026-04-15 17:46:43'),
(112, 1, 'logout', NULL, NULL, NULL, NULL, '127.0.0.1', 'Mozilla/5.0 (Windows NT 10.0; Win64; x64) AppleWebKit/537.36 (KHTML, like Gecko) Chrome/147.0.0.0 Safari/537.36', '2026-04-15 17:48:34', '2026-04-15 17:48:34');
INSERT INTO `audit_logs` (`id`, `user_id`, `action`, `model_type`, `model_id`, `old_values`, `new_values`, `ip`, `user_agent`, `created_at`, `updated_at`) VALUES
(113, 2, 'login', NULL, NULL, NULL, NULL, '127.0.0.1', 'Mozilla/5.0 (Windows NT 10.0; Win64; x64) AppleWebKit/537.36 (KHTML, like Gecko) Chrome/147.0.0.0 Safari/537.36', '2026-04-15 17:48:50', '2026-04-15 17:48:50'),
(114, 2, 'logout', NULL, NULL, NULL, NULL, '127.0.0.1', 'Mozilla/5.0 (Windows NT 10.0; Win64; x64) AppleWebKit/537.36 (KHTML, like Gecko) Chrome/147.0.0.0 Safari/537.36', '2026-04-15 18:02:53', '2026-04-15 18:02:53'),
(115, 3, 'login', NULL, NULL, NULL, NULL, '127.0.0.1', 'Mozilla/5.0 (Windows NT 10.0; Win64; x64) AppleWebKit/537.36 (KHTML, like Gecko) Chrome/147.0.0.0 Safari/537.36', '2026-04-15 18:09:52', '2026-04-15 18:09:52'),
(116, 3, 'updated', 'App\\Models\\User', 3, '{\"id\":3,\"name\":\"Bai Fatima Andong\",\"email\":\"bfandong@gmail.com\",\"role\":\"tech\",\"status\":\"active\",\"email_verified_at\":null,\"password\":\"$2y$12$zeAvfua..LaTnvt.BCarIufnNdWIOdhnqHmeutGAiYtTXrb5A.VmK\",\"remember_token\":\"cWo99KHO5OjDPyZJZ4iMvqOl938VVlRuYsh8Ou1p0ZOkBzDk0DuRwrW3WDYN\",\"created_at\":\"2026-03-14T14:22:08.000000Z\",\"updated_at\":\"2026-03-14T14:22:08.000000Z\"}', '{\"remember_token\":\"DveAvN0gU0XRbi763CXvdvZpXdrnbRoNKvhFPAEkBsHKE4OKN6v3kEW0yXgq\"}', '127.0.0.1', 'Mozilla/5.0 (Windows NT 10.0; Win64; x64) AppleWebKit/537.36 (KHTML, like Gecko) Chrome/147.0.0.0 Safari/537.36', '2026-04-15 18:16:51', '2026-04-15 18:16:51'),
(117, 3, 'logout', NULL, NULL, NULL, NULL, '127.0.0.1', 'Mozilla/5.0 (Windows NT 10.0; Win64; x64) AppleWebKit/537.36 (KHTML, like Gecko) Chrome/147.0.0.0 Safari/537.36', '2026-04-15 18:16:51', '2026-04-15 18:16:51'),
(118, 1, 'login', NULL, NULL, NULL, NULL, '127.0.0.1', 'Mozilla/5.0 (Windows NT 10.0; Win64; x64) AppleWebKit/537.36 (KHTML, like Gecko) Chrome/147.0.0.0 Safari/537.36', '2026-04-15 18:17:01', '2026-04-15 18:17:01'),
(119, 1, 'logout', NULL, NULL, NULL, NULL, '127.0.0.1', 'Mozilla/5.0 (Windows NT 10.0; Win64; x64) AppleWebKit/537.36 (KHTML, like Gecko) Chrome/147.0.0.0 Safari/537.36', '2026-04-15 18:18:10', '2026-04-15 18:18:10'),
(120, 6, 'login', NULL, NULL, NULL, NULL, '127.0.0.1', 'Mozilla/5.0 (Windows NT 10.0; Win64; x64) AppleWebKit/537.36 (KHTML, like Gecko) Chrome/147.0.0.0 Safari/537.36', '2026-04-15 18:23:57', '2026-04-15 18:23:57'),
(121, 6, 'logout', NULL, NULL, NULL, NULL, '127.0.0.1', 'Mozilla/5.0 (Windows NT 10.0; Win64; x64) AppleWebKit/537.36 (KHTML, like Gecko) Chrome/147.0.0.0 Safari/537.36', '2026-04-15 19:03:02', '2026-04-15 19:03:02'),
(122, 1, 'login', NULL, NULL, NULL, NULL, '127.0.0.1', 'Mozilla/5.0 (Windows NT 10.0; Win64; x64) AppleWebKit/537.36 (KHTML, like Gecko) Chrome/147.0.0.0 Safari/537.36', '2026-04-15 19:03:17', '2026-04-15 19:03:17'),
(123, 1, 'logout', NULL, NULL, NULL, NULL, '127.0.0.1', 'Mozilla/5.0 (Windows NT 10.0; Win64; x64) AppleWebKit/537.36 (KHTML, like Gecko) Chrome/147.0.0.0 Safari/537.36', '2026-04-15 19:49:23', '2026-04-15 19:49:23'),
(124, 1, 'login', NULL, NULL, NULL, NULL, '127.0.0.1', 'Mozilla/5.0 (Windows NT 10.0; Win64; x64) AppleWebKit/537.36 (KHTML, like Gecko) Chrome/147.0.0.0 Safari/537.36', '2026-04-20 00:41:50', '2026-04-20 00:41:50'),
(125, 1, 'updated', 'App\\Models\\User', 2, '{\"id\":2,\"name\":\"Karylle Mish Gellica\",\"email\":\"kmgellica@gmail.com\",\"role\":\"tech\",\"status\":\"active\",\"email_verified_at\":null,\"password\":\"$2y$12$G6A7zQBAbcr0ak2CNjJw7.k1TxtgNSdp9koqncaOra3DRWdit5QKa\",\"remember_token\":null,\"created_at\":\"2026-03-14T13:26:47.000000Z\",\"updated_at\":\"2026-03-29T06:30:36.000000Z\"}', '{\"name\":\"Karylle Mi Gellica\",\"updated_at\":\"2026-04-20 08:56:03\"}', '127.0.0.1', 'Mozilla/5.0 (Windows NT 10.0; Win64; x64) AppleWebKit/537.36 (KHTML, like Gecko) Chrome/147.0.0.0 Safari/537.36', '2026-04-20 00:56:03', '2026-04-20 00:56:03'),
(126, 1, 'updated', 'App\\Models\\Employee', 1, '{\"id\":1,\"user_id\":2,\"job_role_id\":1,\"first_name\":\"Karylle Mish\",\"last_name\":\"Gellica\",\"birthdate\":\"2005-06-14T00:00:00.000000Z\",\"mobile_num\":\"09718412647\",\"gender\":\"female\",\"image\":\"employees\\/IHf0LdKrtNwI4JBLZFui0hzR0VdfP5OirBK9YYed.jpg\",\"hire_date\":\"2025-07-14T00:00:00.000000Z\",\"created_at\":\"2026-03-14T13:26:47.000000Z\",\"updated_at\":\"2026-03-16T08:03:21.000000Z\"}', '{\"first_name\":\"Karylle Mi\",\"updated_at\":\"2026-04-20 08:56:03\"}', '127.0.0.1', 'Mozilla/5.0 (Windows NT 10.0; Win64; x64) AppleWebKit/537.36 (KHTML, like Gecko) Chrome/147.0.0.0 Safari/537.36', '2026-04-20 00:56:03', '2026-04-20 00:56:03'),
(127, 1, 'created', 'App\\Models\\User', 9, NULL, '{\"name\":\"Annika Dumalogdog\",\"email\":\"adumalogdog@gmail.com\",\"password\":\"$2y$12$bGSzjJfhd\\/3aEEZSGCuPZ.AQ4D7GAjTgxt6udF2m4tN3W6CW4a6YC\",\"role\":\"customer\",\"status\":\"active\",\"updated_at\":\"2026-04-20 09:17:03\",\"created_at\":\"2026-04-20 09:17:03\",\"id\":9}', '127.0.0.1', 'Mozilla/5.0 (Windows NT 10.0; Win64; x64) AppleWebKit/537.36 (KHTML, like Gecko) Chrome/147.0.0.0 Safari/537.36', '2026-04-20 01:17:03', '2026-04-20 01:17:03'),
(128, 1, 'created', 'App\\Models\\Customer', 6, NULL, '{\"user_id\":9,\"first_name\":\"Annika\",\"last_name\":\"Dumalogdog\",\"mobile_num\":\"09781264612\",\"birthdate\":\"2005-07-06 00:00:00\",\"gender\":\"female\",\"updated_at\":\"2026-04-20 09:17:03\",\"created_at\":\"2026-04-20 09:17:03\",\"id\":6}', '127.0.0.1', 'Mozilla/5.0 (Windows NT 10.0; Win64; x64) AppleWebKit/537.36 (KHTML, like Gecko) Chrome/147.0.0.0 Safari/537.36', '2026-04-20 01:17:03', '2026-04-20 01:17:03'),
(129, 1, 'updated', 'App\\Models\\Customer', 6, '{\"id\":6,\"user_id\":9,\"first_name\":\"Annika\",\"last_name\":\"Dumalogdog\",\"birthdate\":\"2005-07-06T00:00:00.000000Z\",\"mobile_num\":\"09781264612\",\"gender\":\"female\",\"loyalty_discount_available\":0,\"image\":null,\"created_at\":\"2026-04-20T09:17:03.000000Z\",\"updated_at\":\"2026-04-20T09:17:03.000000Z\"}', '{\"mobile_num\":\"09872642412\",\"updated_at\":\"2026-04-20 09:17:44\"}', '127.0.0.1', 'Mozilla/5.0 (Windows NT 10.0; Win64; x64) AppleWebKit/537.36 (KHTML, like Gecko) Chrome/147.0.0.0 Safari/537.36', '2026-04-20 01:17:44', '2026-04-20 01:17:44'),
(130, 1, 'logout', NULL, NULL, NULL, NULL, '127.0.0.1', 'Mozilla/5.0 (Windows NT 10.0; Win64; x64) AppleWebKit/537.36 (KHTML, like Gecko) Chrome/147.0.0.0 Safari/537.36', '2026-04-20 02:06:00', '2026-04-20 02:06:00'),
(131, 1, 'login', NULL, NULL, NULL, NULL, '127.0.0.1', 'Mozilla/5.0 (Windows NT 10.0; Win64; x64) AppleWebKit/537.36 (KHTML, like Gecko) Chrome/147.0.0.0 Safari/537.36', '2026-04-20 02:23:10', '2026-04-20 02:23:10'),
(132, 1, 'updated', 'App\\Models\\User', 5, '{\"id\":5,\"name\":\"Loren Odiong\",\"email\":\"jlodiong@gmail.com\",\"role\":\"frontdesk\",\"status\":\"active\",\"email_verified_at\":null,\"password\":\"$2y$12$Oej1yjfBUpmiAi3mIJRSuuWdxFjsdlKolEza4JYVp34NGEHQlYBve\",\"remember_token\":null,\"created_at\":\"2026-03-15T02:08:08.000000Z\",\"updated_at\":\"2026-03-22T08:19:43.000000Z\",\"invitation_token\":null,\"invitation_sent_at\":null,\"invitation_accepted_at\":null,\"invitation_expires_at\":null}', '{\"status\":\"inactive\",\"updated_at\":\"2026-04-20 10:49:38\"}', '127.0.0.1', 'Mozilla/5.0 (Windows NT 10.0; Win64; x64) AppleWebKit/537.36 (KHTML, like Gecko) Chrome/147.0.0.0 Safari/537.36', '2026-04-20 02:49:38', '2026-04-20 02:49:38'),
(133, 1, 'updated', 'App\\Models\\User', 5, '{\"id\":5,\"name\":\"Loren Odiong\",\"email\":\"jlodiong@gmail.com\",\"role\":\"frontdesk\",\"status\":\"inactive\",\"email_verified_at\":null,\"password\":\"$2y$12$Oej1yjfBUpmiAi3mIJRSuuWdxFjsdlKolEza4JYVp34NGEHQlYBve\",\"remember_token\":null,\"created_at\":\"2026-03-15T02:08:08.000000Z\",\"updated_at\":\"2026-04-20T10:49:38.000000Z\",\"invitation_token\":null,\"invitation_sent_at\":null,\"invitation_accepted_at\":null,\"invitation_expires_at\":null}', '{\"status\":\"active\",\"updated_at\":\"2026-04-20 10:49:54\"}', '127.0.0.1', 'Mozilla/5.0 (Windows NT 10.0; Win64; x64) AppleWebKit/537.36 (KHTML, like Gecko) Chrome/147.0.0.0 Safari/537.36', '2026-04-20 02:49:54', '2026-04-20 02:49:54'),
(134, 1, 'created', 'App\\Models\\User', 10, NULL, '{\"name\":\"James Cahilig\",\"email\":\"cjcahilig@gmail.com\",\"password\":\"$2y$12$66PWzgfwpUOsGQH2CsgLzedSIrc0eGwZa4pEBQMJBq.7G9KDvN9qe\",\"role\":\"tech\",\"status\":\"invited\",\"updated_at\":\"2026-04-20 11:36:58\",\"created_at\":\"2026-04-20 11:36:58\",\"id\":10}', '127.0.0.1', 'Mozilla/5.0 (Windows NT 10.0; Win64; x64) AppleWebKit/537.36 (KHTML, like Gecko) Chrome/147.0.0.0 Safari/537.36', '2026-04-20 03:36:58', '2026-04-20 03:36:58'),
(135, 1, 'created', 'App\\Models\\Employee', 5, NULL, '{\"user_id\":10,\"job_role_id\":\"1\",\"first_name\":\"James\",\"last_name\":\"Cahilig\",\"mobile_num\":\"09495655839\",\"birthdate\":\"2002-01-18 00:00:00\",\"gender\":\"male\",\"hire_date\":\"2025-11-18 00:00:00\",\"image\":\"employees\\/CvXAEcB4BKjthorjS48Wnb4yvvmgb9kue9F7eBJs.png\",\"updated_at\":\"2026-04-20 11:36:58\",\"created_at\":\"2026-04-20 11:36:58\",\"id\":5}', '127.0.0.1', 'Mozilla/5.0 (Windows NT 10.0; Win64; x64) AppleWebKit/537.36 (KHTML, like Gecko) Chrome/147.0.0.0 Safari/537.36', '2026-04-20 03:36:58', '2026-04-20 03:36:58'),
(136, 1, 'updated', 'App\\Models\\User', 10, '{\"name\":\"James Cahilig\",\"email\":\"cjcahilig@gmail.com\",\"password\":\"$2y$12$66PWzgfwpUOsGQH2CsgLzedSIrc0eGwZa4pEBQMJBq.7G9KDvN9qe\",\"role\":\"tech\",\"status\":\"invited\",\"updated_at\":\"2026-04-20T11:36:58.000000Z\",\"created_at\":\"2026-04-20T11:36:58.000000Z\",\"id\":10}', '{\"invitation_token\":\"FnCet0tUib3LsfVWLW6KPfg8gOEQQjQDfaSOPl75qdnS7HdqKjfhi2Ek4s2kgV54\",\"invitation_sent_at\":\"2026-04-20 11:36:58\",\"invitation_expires_at\":\"2026-04-27 11:36:58\"}', '127.0.0.1', 'Mozilla/5.0 (Windows NT 10.0; Win64; x64) AppleWebKit/537.36 (KHTML, like Gecko) Chrome/147.0.0.0 Safari/537.36', '2026-04-20 03:36:58', '2026-04-20 03:36:58'),
(137, 1, 'created', 'App\\Models\\User', 11, NULL, '{\"name\":\"James Cahilig\",\"email\":\"cjcahilig@gmail.com\",\"password\":\"$2y$12$Yn\\/8HcPga1KKrYkqHS7AiOv5ICHL.BWNJB2hTD3g0PLyBA81hOd3S\",\"role\":\"tech\",\"status\":\"invited\",\"updated_at\":\"2026-04-20 11:49:14\",\"created_at\":\"2026-04-20 11:49:14\",\"id\":11}', '127.0.0.1', 'Mozilla/5.0 (Windows NT 10.0; Win64; x64) AppleWebKit/537.36 (KHTML, like Gecko) Chrome/147.0.0.0 Safari/537.36', '2026-04-20 03:49:14', '2026-04-20 03:49:14'),
(138, 1, 'created', 'App\\Models\\Employee', 6, NULL, '{\"user_id\":11,\"job_role_id\":\"1\",\"first_name\":\"James\",\"last_name\":\"Cahilig\",\"mobile_num\":\"09495655839\",\"birthdate\":\"2002-01-18 00:00:00\",\"gender\":\"male\",\"hire_date\":\"2025-07-17 00:00:00\",\"image\":\"employees\\/d3xwEASwsUb43b0bIKkX5aLdjp6rUOM4bBEt1o7I.png\",\"updated_at\":\"2026-04-20 11:49:14\",\"created_at\":\"2026-04-20 11:49:14\",\"id\":6}', '127.0.0.1', 'Mozilla/5.0 (Windows NT 10.0; Win64; x64) AppleWebKit/537.36 (KHTML, like Gecko) Chrome/147.0.0.0 Safari/537.36', '2026-04-20 03:49:14', '2026-04-20 03:49:14'),
(139, 1, 'updated', 'App\\Models\\User', 11, '{\"name\":\"James Cahilig\",\"email\":\"cjcahilig@gmail.com\",\"password\":\"$2y$12$Yn\\/8HcPga1KKrYkqHS7AiOv5ICHL.BWNJB2hTD3g0PLyBA81hOd3S\",\"role\":\"tech\",\"status\":\"invited\",\"updated_at\":\"2026-04-20T11:49:14.000000Z\",\"created_at\":\"2026-04-20T11:49:14.000000Z\",\"id\":11}', '{\"invitation_token\":\"T8jYCv6cuXshjr49UMmSwnvGWQ8mV6s71VR9Wxz3YrsmYScOe2uUM95HAeY6plca\",\"invitation_sent_at\":\"2026-04-20 11:49:14\",\"invitation_expires_at\":\"2026-04-27 11:49:14\"}', '127.0.0.1', 'Mozilla/5.0 (Windows NT 10.0; Win64; x64) AppleWebKit/537.36 (KHTML, like Gecko) Chrome/147.0.0.0 Safari/537.36', '2026-04-20 03:49:14', '2026-04-20 03:49:14'),
(140, 1, 'created', 'App\\Models\\User', 12, NULL, '{\"name\":\"James Cahilig\",\"email\":\"cjcahilig@gmail.com\",\"password\":\"$2y$12$qzNK6jnmFurXAg0Gdt43I.77vDl7cK4XftgSsE5xO.YAURNasZLzC\",\"role\":\"tech\",\"status\":\"invited\",\"updated_at\":\"2026-04-20 11:59:57\",\"created_at\":\"2026-04-20 11:59:57\",\"id\":12}', '127.0.0.1', 'Mozilla/5.0 (Windows NT 10.0; Win64; x64) AppleWebKit/537.36 (KHTML, like Gecko) Chrome/147.0.0.0 Safari/537.36', '2026-04-20 03:59:57', '2026-04-20 03:59:57'),
(141, 1, 'created', 'App\\Models\\Employee', 5, NULL, '{\"user_id\":12,\"personal_email\":\"christianc.xviii@gmail.com\",\"job_role_id\":\"1\",\"first_name\":\"James\",\"last_name\":\"Cahilig\",\"mobile_num\":\"09495655839\",\"birthdate\":\"2002-02-18 00:00:00\",\"gender\":\"male\",\"hire_date\":\"2025-11-14 00:00:00\",\"image\":\"employees\\/H1WTKoFewJ1KrcHeSgCjRiVQoST87ovcDDDUyo1b.png\",\"updated_at\":\"2026-04-20 11:59:57\",\"created_at\":\"2026-04-20 11:59:57\",\"id\":5}', '127.0.0.1', 'Mozilla/5.0 (Windows NT 10.0; Win64; x64) AppleWebKit/537.36 (KHTML, like Gecko) Chrome/147.0.0.0 Safari/537.36', '2026-04-20 03:59:57', '2026-04-20 03:59:57'),
(142, 1, 'updated', 'App\\Models\\User', 12, '{\"name\":\"James Cahilig\",\"email\":\"cjcahilig@gmail.com\",\"password\":\"$2y$12$qzNK6jnmFurXAg0Gdt43I.77vDl7cK4XftgSsE5xO.YAURNasZLzC\",\"role\":\"tech\",\"status\":\"invited\",\"updated_at\":\"2026-04-20T11:59:57.000000Z\",\"created_at\":\"2026-04-20T11:59:57.000000Z\",\"id\":12}', '{\"invitation_token\":\"OQgnJMeyj38yEz2SmFxHz1CowwXXG6GZ2RGhtmpNZ8JM4ZDa59fn09t6AZmcx5su\",\"invitation_sent_at\":\"2026-04-20 11:59:57\",\"invitation_expires_at\":\"2026-04-27 11:59:57\"}', '127.0.0.1', 'Mozilla/5.0 (Windows NT 10.0; Win64; x64) AppleWebKit/537.36 (KHTML, like Gecko) Chrome/147.0.0.0 Safari/537.36', '2026-04-20 03:59:57', '2026-04-20 03:59:57'),
(143, 1, 'updated', 'App\\Models\\User', 12, '{\"id\":12,\"name\":\"James Cahilig\",\"email\":\"cjcahilig@gmail.com\",\"role\":\"tech\",\"status\":\"invited\",\"email_verified_at\":null,\"password\":\"$2y$12$qzNK6jnmFurXAg0Gdt43I.77vDl7cK4XftgSsE5xO.YAURNasZLzC\",\"remember_token\":null,\"created_at\":\"2026-04-20T11:59:57.000000Z\",\"updated_at\":\"2026-04-20T11:59:57.000000Z\",\"invitation_token\":\"OQgnJMeyj38yEz2SmFxHz1CowwXXG6GZ2RGhtmpNZ8JM4ZDa59fn09t6AZmcx5su\",\"invitation_sent_at\":\"2026-04-20T11:59:57.000000Z\",\"invitation_accepted_at\":null,\"invitation_expires_at\":\"2026-04-27T11:59:57.000000Z\"}', '{\"status\":\"active\",\"password\":\"$2y$12$feJUKbXr.u0iy.iE2cnolO9jLidc8LdqPoaFbraYVCIjMck9LnC8u\",\"updated_at\":\"2026-04-20 12:01:15\",\"invitation_token\":null,\"invitation_accepted_at\":\"2026-04-20 12:01:15\"}', '127.0.0.1', 'Mozilla/5.0 (Windows NT 10.0; Win64; x64) AppleWebKit/537.36 (KHTML, like Gecko) Chrome/147.0.0.0 Safari/537.36', '2026-04-20 04:01:15', '2026-04-20 04:01:15'),
(144, 12, 'login', NULL, NULL, NULL, NULL, '127.0.0.1', 'Mozilla/5.0 (Windows NT 10.0; Win64; x64) AppleWebKit/537.36 (KHTML, like Gecko) Chrome/147.0.0.0 Safari/537.36', '2026-04-20 04:01:15', '2026-04-20 04:01:15'),
(145, 12, 'logout', NULL, NULL, NULL, NULL, '127.0.0.1', 'Mozilla/5.0 (Windows NT 10.0; Win64; x64) AppleWebKit/537.36 (KHTML, like Gecko) Chrome/147.0.0.0 Safari/537.36', '2026-04-20 04:01:30', '2026-04-20 04:01:30'),
(146, 1, 'login', NULL, NULL, NULL, NULL, '127.0.0.1', 'Mozilla/5.0 (Windows NT 10.0; Win64; x64) AppleWebKit/537.36 (KHTML, like Gecko) Chrome/147.0.0.0 Safari/537.36', '2026-04-20 04:02:21', '2026-04-20 04:02:21'),
(147, 1, 'login', NULL, NULL, NULL, NULL, '127.0.0.1', 'Mozilla/5.0 (Windows NT 10.0; Win64; x64) AppleWebKit/537.36 (KHTML, like Gecko) Chrome/147.0.0.0 Safari/537.36', '2026-04-20 16:38:43', '2026-04-20 16:38:43'),
(148, 1, 'created', 'App\\Models\\User', 13, NULL, '{\"name\":\"Rihanna Bishi\",\"email\":\"rbishi@gmail.com\",\"password\":\"$2y$12$trO\\/GFpxkvr.A8PRY8Mla.XZRWYORQoFcu1vVd3CAsmprGrkFAnIa\",\"role\":\"tech\",\"status\":\"invited\",\"updated_at\":\"2026-04-21 00:40:51\",\"created_at\":\"2026-04-21 00:40:51\",\"id\":13}', '127.0.0.1', 'Mozilla/5.0 (Windows NT 10.0; Win64; x64) AppleWebKit/537.36 (KHTML, like Gecko) Chrome/147.0.0.0 Safari/537.36', '2026-04-20 16:40:51', '2026-04-20 16:40:51'),
(149, 1, 'created', 'App\\Models\\Employee', 6, NULL, '{\"user_id\":13,\"personal_email\":\"hanna.ix02@gmail.com\",\"job_role_id\":\"2\",\"first_name\":\"Rihanna\",\"last_name\":\"Bishi\",\"mobile_num\":\"09716471241\",\"birthdate\":\"2007-02-09 00:00:00\",\"gender\":\"female\",\"hire_date\":\"2026-01-15 00:00:00\",\"updated_at\":\"2026-04-21 00:40:51\",\"created_at\":\"2026-04-21 00:40:51\",\"id\":6}', '127.0.0.1', 'Mozilla/5.0 (Windows NT 10.0; Win64; x64) AppleWebKit/537.36 (KHTML, like Gecko) Chrome/147.0.0.0 Safari/537.36', '2026-04-20 16:40:51', '2026-04-20 16:40:51'),
(150, 1, 'updated', 'App\\Models\\User', 13, '{\"name\":\"Rihanna Bishi\",\"email\":\"rbishi@gmail.com\",\"password\":\"$2y$12$trO\\/GFpxkvr.A8PRY8Mla.XZRWYORQoFcu1vVd3CAsmprGrkFAnIa\",\"role\":\"tech\",\"status\":\"invited\",\"updated_at\":\"2026-04-21T00:40:51.000000Z\",\"created_at\":\"2026-04-21T00:40:51.000000Z\",\"id\":13}', '{\"invitation_token\":\"K9974VKCx68ndPzmYi11odGlS6RQxpoaBfkybk6OdVoZqAJL7DL2wAY16WaYpu9S\",\"invitation_sent_at\":\"2026-04-21 00:40:51\",\"invitation_expires_at\":\"2026-04-28 00:40:51\"}', '127.0.0.1', 'Mozilla/5.0 (Windows NT 10.0; Win64; x64) AppleWebKit/537.36 (KHTML, like Gecko) Chrome/147.0.0.0 Safari/537.36', '2026-04-20 16:40:51', '2026-04-20 16:40:51'),
(151, NULL, 'updated', 'App\\Models\\User', 13, '{\"id\":13,\"name\":\"Rihanna Bishi\",\"email\":\"rbishi@gmail.com\",\"role\":\"tech\",\"status\":\"invited\",\"email_verified_at\":null,\"password\":\"$2y$12$trO\\/GFpxkvr.A8PRY8Mla.XZRWYORQoFcu1vVd3CAsmprGrkFAnIa\",\"remember_token\":null,\"created_at\":\"2026-04-21T00:40:51.000000Z\",\"updated_at\":\"2026-04-21T00:40:51.000000Z\",\"invitation_token\":\"K9974VKCx68ndPzmYi11odGlS6RQxpoaBfkybk6OdVoZqAJL7DL2wAY16WaYpu9S\",\"invitation_sent_at\":\"2026-04-21T00:40:51.000000Z\",\"invitation_accepted_at\":null,\"invitation_expires_at\":\"2026-04-28T00:40:51.000000Z\"}', '{\"status\":\"active\",\"password\":\"$2y$12$3hzbXOSxyHZ\\/Sv5Xv0Y6m.F4TNtYLwIRRzAYI0k9ChmDbTj3pksRq\",\"updated_at\":\"2026-04-21 00:42:55\",\"invitation_token\":null,\"invitation_accepted_at\":\"2026-04-21 00:42:55\"}', '127.0.0.1', 'Mozilla/5.0 (Windows NT 10.0; Win64; x64) AppleWebKit/537.36 (KHTML, like Gecko) Chrome/147.0.0.0 Safari/537.36', '2026-04-20 16:42:55', '2026-04-20 16:42:55'),
(152, 13, 'login', NULL, NULL, NULL, NULL, '127.0.0.1', 'Mozilla/5.0 (Windows NT 10.0; Win64; x64) AppleWebKit/537.36 (KHTML, like Gecko) Chrome/147.0.0.0 Safari/537.36', '2026-04-20 16:42:55', '2026-04-20 16:42:55'),
(153, 1, 'updated', 'App\\Models\\Customer', 6, '{\"id\":6,\"user_id\":9,\"first_name\":\"Annika\",\"last_name\":\"Dumalogdog\",\"birthdate\":\"2005-07-06T00:00:00.000000Z\",\"mobile_num\":\"09872642412\",\"gender\":\"female\",\"loyalty_discount_available\":0,\"image\":null,\"created_at\":\"2026-04-20T09:17:03.000000Z\",\"updated_at\":\"2026-04-20T09:17:44.000000Z\"}', '{\"image\":\"customers\\/Ju1qrVu7Yn2C9sdyM7W97n3Q2ge4zdEPvLhgkmEJ.jpg\",\"updated_at\":\"2026-04-21 00:56:29\"}', '127.0.0.1', 'Mozilla/5.0 (Windows NT 10.0; Win64; x64) AppleWebKit/537.36 (KHTML, like Gecko) Chrome/147.0.0.0 Safari/537.36', '2026-04-20 16:56:29', '2026-04-20 16:56:29'),
(154, 1, 'updated', 'App\\Models\\User', 13, '{\"id\":13,\"name\":\"Rihanna Bishi\",\"email\":\"rbishi@gmail.com\",\"role\":\"tech\",\"status\":\"active\",\"email_verified_at\":null,\"password\":\"$2y$12$3hzbXOSxyHZ\\/Sv5Xv0Y6m.F4TNtYLwIRRzAYI0k9ChmDbTj3pksRq\",\"remember_token\":null,\"created_at\":\"2026-04-21T00:40:51.000000Z\",\"updated_at\":\"2026-04-21T00:42:55.000000Z\",\"invitation_token\":null,\"invitation_sent_at\":\"2026-04-21T00:40:51.000000Z\",\"invitation_accepted_at\":\"2026-04-21T00:42:55.000000Z\",\"invitation_expires_at\":\"2026-04-28T00:40:51.000000Z\"}', '{\"name\":\"Hanna Bishi\",\"updated_at\":\"2026-04-21 00:57:32\"}', '127.0.0.1', 'Mozilla/5.0 (Windows NT 10.0; Win64; x64) AppleWebKit/537.36 (KHTML, like Gecko) Chrome/147.0.0.0 Safari/537.36', '2026-04-20 16:57:32', '2026-04-20 16:57:32'),
(155, 1, 'updated', 'App\\Models\\Employee', 6, '{\"id\":6,\"user_id\":13,\"job_role_id\":2,\"first_name\":\"Rihanna\",\"last_name\":\"Bishi\",\"personal_email\":\"hanna.ix02@gmail.com\",\"birthdate\":\"2007-02-09T00:00:00.000000Z\",\"mobile_num\":\"09716471241\",\"gender\":\"female\",\"image\":null,\"hire_date\":\"2026-01-15T00:00:00.000000Z\",\"created_at\":\"2026-04-21T00:40:51.000000Z\",\"updated_at\":\"2026-04-21T00:40:51.000000Z\"}', '{\"first_name\":\"Hanna\",\"updated_at\":\"2026-04-21 00:57:32\"}', '127.0.0.1', 'Mozilla/5.0 (Windows NT 10.0; Win64; x64) AppleWebKit/537.36 (KHTML, like Gecko) Chrome/147.0.0.0 Safari/537.36', '2026-04-20 16:57:32', '2026-04-20 16:57:32'),
(156, 1, 'created', 'App\\Models\\Appointment', 11, NULL, '{\"customer_id\":6,\"employee_id\":null,\"discount_id\":null,\"appointment_date\":\"2026-04-23 00:00:00\",\"appointment_time\":\"11:00\",\"status\":\"pending\",\"payment_method\":\"cash\",\"payment_status\":\"pending\",\"total_amount\":\"1888.00\",\"updated_at\":\"2026-04-21 01:19:40\",\"created_at\":\"2026-04-21 01:19:40\",\"id\":11}', '127.0.0.1', 'Mozilla/5.0 (Windows NT 10.0; Win64; x64) AppleWebKit/537.36 (KHTML, like Gecko) Chrome/147.0.0.0 Safari/537.36', '2026-04-20 17:19:40', '2026-04-20 17:19:40'),
(157, 1, 'login', NULL, NULL, NULL, NULL, '127.0.0.1', 'Mozilla/5.0 (Windows NT 10.0; Win64; x64) AppleWebKit/537.36 (KHTML, like Gecko) Chrome/147.0.0.0 Safari/537.36', '2026-04-22 22:32:30', '2026-04-22 22:32:30'),
(158, 1, 'updated', 'App\\Models\\User', 2, '{\"id\":2,\"name\":\"Karylle Mi Gellica\",\"email\":\"kmgellica@gmail.com\",\"role\":\"tech\",\"status\":\"active\",\"email_verified_at\":null,\"password\":\"$2y$12$G6A7zQBAbcr0ak2CNjJw7.k1TxtgNSdp9koqncaOra3DRWdit5QKa\",\"remember_token\":null,\"created_at\":\"2026-03-14T13:26:47.000000Z\",\"updated_at\":\"2026-04-20T08:56:03.000000Z\",\"invitation_token\":null,\"invitation_sent_at\":null,\"invitation_accepted_at\":null,\"invitation_expires_at\":null}', '{\"name\":\"Karylle Mish Gellica\",\"updated_at\":\"2026-04-23 06:33:51\"}', '127.0.0.1', 'Mozilla/5.0 (Windows NT 10.0; Win64; x64) AppleWebKit/537.36 (KHTML, like Gecko) Chrome/147.0.0.0 Safari/537.36', '2026-04-22 22:33:51', '2026-04-22 22:33:51'),
(159, 1, 'updated', 'App\\Models\\Employee', 1, '{\"id\":1,\"user_id\":2,\"job_role_id\":1,\"first_name\":\"Karylle Mi\",\"last_name\":\"Gellica\",\"personal_email\":null,\"birthdate\":\"2005-06-14T00:00:00.000000Z\",\"mobile_num\":\"09718412647\",\"gender\":\"female\",\"image\":\"employees\\/IHf0LdKrtNwI4JBLZFui0hzR0VdfP5OirBK9YYed.jpg\",\"hire_date\":\"2025-07-14T00:00:00.000000Z\",\"created_at\":\"2026-03-14T13:26:47.000000Z\",\"updated_at\":\"2026-04-20T08:56:03.000000Z\"}', '{\"first_name\":\"Karylle Mish\",\"updated_at\":\"2026-04-23 06:33:51\"}', '127.0.0.1', 'Mozilla/5.0 (Windows NT 10.0; Win64; x64) AppleWebKit/537.36 (KHTML, like Gecko) Chrome/147.0.0.0 Safari/537.36', '2026-04-22 22:33:51', '2026-04-22 22:33:51'),
(160, 1, 'logout', NULL, NULL, NULL, NULL, '127.0.0.1', 'Mozilla/5.0 (Windows NT 10.0; Win64; x64) AppleWebKit/537.36 (KHTML, like Gecko) Chrome/147.0.0.0 Safari/537.36', '2026-04-22 22:36:26', '2026-04-22 22:36:26'),
(161, 6, 'login', NULL, NULL, NULL, NULL, '127.0.0.1', 'Mozilla/5.0 (Windows NT 10.0; Win64; x64) AppleWebKit/537.36 (KHTML, like Gecko) Chrome/147.0.0.0 Safari/537.36', '2026-04-22 22:37:06', '2026-04-22 22:37:06'),
(162, 6, 'logout', NULL, NULL, NULL, NULL, '127.0.0.1', 'Mozilla/5.0 (Windows NT 10.0; Win64; x64) AppleWebKit/537.36 (KHTML, like Gecko) Chrome/147.0.0.0 Safari/537.36', '2026-04-22 22:38:53', '2026-04-22 22:38:53'),
(163, 1, 'login', NULL, NULL, NULL, NULL, '127.0.0.1', 'Mozilla/5.0 (Windows NT 10.0; Win64; x64) AppleWebKit/537.36 (KHTML, like Gecko) Chrome/147.0.0.0 Safari/537.36', '2026-04-22 23:18:36', '2026-04-22 23:18:36'),
(164, 1, 'created', 'App\\Models\\User', 14, NULL, '{\"name\":\"Nazlah Nanding\",\"email\":\"nnanding@gmail.com\",\"password\":\"$2y$12$KY33zEUcW\\/RYLXYK386VFOFrIHb1I8Fi391LNVO0G8p5QiiDQpahi\",\"role\":\"tech\",\"status\":\"invited\",\"updated_at\":\"2026-04-23 07:20:59\",\"created_at\":\"2026-04-23 07:20:59\",\"id\":14}', '127.0.0.1', 'Mozilla/5.0 (Windows NT 10.0; Win64; x64) AppleWebKit/537.36 (KHTML, like Gecko) Chrome/147.0.0.0 Safari/537.36', '2026-04-22 23:20:59', '2026-04-22 23:20:59'),
(165, 1, 'created', 'App\\Models\\Employee', 7, NULL, '{\"user_id\":14,\"personal_email\":\"hazeljoyhingpit@gmail.com\",\"job_role_id\":\"1\",\"first_name\":\"Nazlah\",\"last_name\":\"Nanding\",\"mobile_num\":\"09472934972\",\"birthdate\":\"2004-08-07 00:00:00\",\"gender\":\"female\",\"hire_date\":\"2026-04-23 00:00:00\",\"updated_at\":\"2026-04-23 07:20:59\",\"created_at\":\"2026-04-23 07:20:59\",\"id\":7}', '127.0.0.1', 'Mozilla/5.0 (Windows NT 10.0; Win64; x64) AppleWebKit/537.36 (KHTML, like Gecko) Chrome/147.0.0.0 Safari/537.36', '2026-04-22 23:20:59', '2026-04-22 23:20:59'),
(166, 1, 'updated', 'App\\Models\\User', 14, '{\"name\":\"Nazlah Nanding\",\"email\":\"nnanding@gmail.com\",\"password\":\"$2y$12$KY33zEUcW\\/RYLXYK386VFOFrIHb1I8Fi391LNVO0G8p5QiiDQpahi\",\"role\":\"tech\",\"status\":\"invited\",\"updated_at\":\"2026-04-23T07:20:59.000000Z\",\"created_at\":\"2026-04-23T07:20:59.000000Z\",\"id\":14}', '{\"invitation_token\":\"oYn95T2RxpNMaeYwrIOHidbKWdhuhRBYS7hkE0w7ENNyxyzn5JUmw2dkSR32CuML\",\"invitation_sent_at\":\"2026-04-23 07:20:59\",\"invitation_expires_at\":\"2026-04-30 07:20:59\"}', '127.0.0.1', 'Mozilla/5.0 (Windows NT 10.0; Win64; x64) AppleWebKit/537.36 (KHTML, like Gecko) Chrome/147.0.0.0 Safari/537.36', '2026-04-22 23:20:59', '2026-04-22 23:20:59'),
(167, 1, 'updated', 'App\\Models\\User', 14, '{\"id\":14,\"name\":\"Nazlah Nanding\",\"email\":\"nnanding@gmail.com\",\"role\":\"tech\",\"status\":\"invited\",\"email_verified_at\":null,\"password\":\"$2y$12$KY33zEUcW\\/RYLXYK386VFOFrIHb1I8Fi391LNVO0G8p5QiiDQpahi\",\"remember_token\":null,\"created_at\":\"2026-04-23T07:20:59.000000Z\",\"updated_at\":\"2026-04-23T07:20:59.000000Z\",\"invitation_token\":\"oYn95T2RxpNMaeYwrIOHidbKWdhuhRBYS7hkE0w7ENNyxyzn5JUmw2dkSR32CuML\",\"invitation_sent_at\":\"2026-04-23T07:20:59.000000Z\",\"invitation_accepted_at\":null,\"invitation_expires_at\":\"2026-04-30T07:20:59.000000Z\"}', '{\"updated_at\":\"2026-04-23 07:29:57\",\"invitation_token\":\"T3LotFi4MInPMZfTJKMcavarrW93zPkvMt3Qe5DWDsCipqvytf1eG0jitwoSPpa4\",\"invitation_sent_at\":\"2026-04-23 07:29:57\",\"invitation_expires_at\":\"2026-04-30 07:29:57\"}', '127.0.0.1', 'Mozilla/5.0 (Windows NT 10.0; Win64; x64) AppleWebKit/537.36 (KHTML, like Gecko) Chrome/147.0.0.0 Safari/537.36', '2026-04-22 23:29:57', '2026-04-22 23:29:57'),
(168, 1, 'updated', 'App\\Models\\User', 14, '{\"id\":14,\"name\":\"Nazlah Nanding\",\"email\":\"nnanding@gmail.com\",\"role\":\"tech\",\"status\":\"invited\",\"email_verified_at\":null,\"password\":\"$2y$12$KY33zEUcW\\/RYLXYK386VFOFrIHb1I8Fi391LNVO0G8p5QiiDQpahi\",\"remember_token\":null,\"created_at\":\"2026-04-23T07:20:59.000000Z\",\"updated_at\":\"2026-04-23T07:29:57.000000Z\",\"invitation_token\":\"T3LotFi4MInPMZfTJKMcavarrW93zPkvMt3Qe5DWDsCipqvytf1eG0jitwoSPpa4\",\"invitation_sent_at\":\"2026-04-23T07:29:57.000000Z\",\"invitation_accepted_at\":null,\"invitation_expires_at\":\"2026-04-30T07:29:57.000000Z\"}', '{\"updated_at\":\"2026-04-23 07:30:29\",\"invitation_token\":\"JVoj4cyGJJHD1mifCLqrhWTNuD1ZssRnJyll3e9XOs1kamTr7svonXZL0ha92gQs\",\"invitation_sent_at\":\"2026-04-23 07:30:29\",\"invitation_expires_at\":\"2026-04-30 07:30:29\"}', '127.0.0.1', 'Mozilla/5.0 (Windows NT 10.0; Win64; x64) AppleWebKit/537.36 (KHTML, like Gecko) Chrome/147.0.0.0 Safari/537.36', '2026-04-22 23:30:29', '2026-04-22 23:30:29'),
(169, 1, 'updated', 'App\\Models\\User', 14, '{\"id\":14,\"name\":\"Nazlah Nanding\",\"email\":\"nnanding@gmail.com\",\"role\":\"tech\",\"status\":\"invited\",\"email_verified_at\":null,\"password\":\"$2y$12$KY33zEUcW\\/RYLXYK386VFOFrIHb1I8Fi391LNVO0G8p5QiiDQpahi\",\"remember_token\":null,\"created_at\":\"2026-04-23T07:20:59.000000Z\",\"updated_at\":\"2026-04-23T07:30:29.000000Z\",\"invitation_token\":\"JVoj4cyGJJHD1mifCLqrhWTNuD1ZssRnJyll3e9XOs1kamTr7svonXZL0ha92gQs\",\"invitation_sent_at\":\"2026-04-23T07:30:29.000000Z\",\"invitation_accepted_at\":null,\"invitation_expires_at\":\"2026-04-30T07:30:29.000000Z\"}', '{\"updated_at\":\"2026-04-23 07:32:19\",\"invitation_token\":\"7PAJvzftMBvDlQfKWtcXDg5znKR7Z3HrYEdIpks3cKsrGI0hM7tZzyBXqrHrn8mu\",\"invitation_sent_at\":\"2026-04-23 07:32:19\",\"invitation_expires_at\":\"2026-04-30 07:32:19\"}', '127.0.0.1', 'Mozilla/5.0 (Windows NT 10.0; Win64; x64) AppleWebKit/537.36 (KHTML, like Gecko) Chrome/147.0.0.0 Safari/537.36', '2026-04-22 23:32:19', '2026-04-22 23:32:19'),
(170, 1, 'updated', 'App\\Models\\User', 14, '{\"id\":14,\"name\":\"Nazlah Nanding\",\"email\":\"nnanding@gmail.com\",\"role\":\"tech\",\"status\":\"invited\",\"email_verified_at\":null,\"password\":\"$2y$12$KY33zEUcW\\/RYLXYK386VFOFrIHb1I8Fi391LNVO0G8p5QiiDQpahi\",\"remember_token\":null,\"created_at\":\"2026-04-23T07:20:59.000000Z\",\"updated_at\":\"2026-04-23T07:32:19.000000Z\",\"invitation_token\":\"7PAJvzftMBvDlQfKWtcXDg5znKR7Z3HrYEdIpks3cKsrGI0hM7tZzyBXqrHrn8mu\",\"invitation_sent_at\":\"2026-04-23T07:32:19.000000Z\",\"invitation_accepted_at\":null,\"invitation_expires_at\":\"2026-04-30T07:32:19.000000Z\"}', '{\"updated_at\":\"2026-04-23 07:34:54\",\"invitation_token\":\"lzQi4zlvPGNou3AkruEMSTjACj3jfI2mep7kMPSQgT4XVbxjwoWfaB7DplKx5AuP\",\"invitation_sent_at\":\"2026-04-23 07:34:54\",\"invitation_expires_at\":\"2026-04-30 07:34:54\"}', '127.0.0.1', 'Mozilla/5.0 (Windows NT 10.0; Win64; x64) AppleWebKit/537.36 (KHTML, like Gecko) Chrome/147.0.0.0 Safari/537.36', '2026-04-22 23:34:54', '2026-04-22 23:34:54'),
(171, 1, 'logout', NULL, NULL, NULL, NULL, '127.0.0.1', 'Mozilla/5.0 (Windows NT 10.0; Win64; x64) AppleWebKit/537.36 (KHTML, like Gecko) Chrome/147.0.0.0 Safari/537.36', '2026-04-22 23:37:50', '2026-04-22 23:37:50'),
(172, 1, 'login', NULL, NULL, NULL, NULL, '127.0.0.1', 'Mozilla/5.0 (Windows NT 10.0; Win64; x64) AppleWebKit/537.36 (KHTML, like Gecko) Chrome/147.0.0.0 Safari/537.36', '2026-04-23 00:07:18', '2026-04-23 00:07:18'),
(173, 1, 'created', 'App\\Models\\User', 15, NULL, '{\"name\":\"Karylle Tafales\",\"email\":\"ktafales@gmail.com\",\"password\":\"$2y$12$5mJqoyNlPwCkMSVGUC1EU.OzLjeKWOtwPFllFloZ3oIc2HjXQxEAi\",\"role\":\"tech\",\"status\":\"invited\",\"updated_at\":\"2026-04-23 08:09:51\",\"created_at\":\"2026-04-23 08:09:51\",\"id\":15}', '127.0.0.1', 'Mozilla/5.0 (Windows NT 10.0; Win64; x64) AppleWebKit/537.36 (KHTML, like Gecko) Chrome/147.0.0.0 Safari/537.36', '2026-04-23 00:09:51', '2026-04-23 00:09:51'),
(174, 1, 'created', 'App\\Models\\Employee', 8, NULL, '{\"user_id\":15,\"personal_email\":\"mishgellica@gmail.com\",\"job_role_id\":\"2\",\"first_name\":\"Karylle\",\"last_name\":\"Tafales\",\"mobile_num\":\"09781264861\",\"birthdate\":\"2003-09-09 00:00:00\",\"gender\":\"female\",\"hire_date\":\"2026-04-23 00:00:00\",\"updated_at\":\"2026-04-23 08:09:51\",\"created_at\":\"2026-04-23 08:09:51\",\"id\":8}', '127.0.0.1', 'Mozilla/5.0 (Windows NT 10.0; Win64; x64) AppleWebKit/537.36 (KHTML, like Gecko) Chrome/147.0.0.0 Safari/537.36', '2026-04-23 00:09:51', '2026-04-23 00:09:51'),
(175, 1, 'updated', 'App\\Models\\User', 15, '{\"name\":\"Karylle Tafales\",\"email\":\"ktafales@gmail.com\",\"password\":\"$2y$12$5mJqoyNlPwCkMSVGUC1EU.OzLjeKWOtwPFllFloZ3oIc2HjXQxEAi\",\"role\":\"tech\",\"status\":\"invited\",\"updated_at\":\"2026-04-23T08:09:51.000000Z\",\"created_at\":\"2026-04-23T08:09:51.000000Z\",\"id\":15}', '{\"invitation_token\":\"BHKG57Uz3oYkQoAltnrSORnEvXFDK23RbZBx9aZ44C9fB0JCFide5M1xmdIZebWR\",\"invitation_sent_at\":\"2026-04-23 08:09:51\",\"invitation_expires_at\":\"2026-04-30 08:09:51\"}', '127.0.0.1', 'Mozilla/5.0 (Windows NT 10.0; Win64; x64) AppleWebKit/537.36 (KHTML, like Gecko) Chrome/147.0.0.0 Safari/537.36', '2026-04-23 00:09:51', '2026-04-23 00:09:51'),
(176, 1, 'login', NULL, NULL, NULL, NULL, '127.0.0.1', 'Mozilla/5.0 (Windows NT 10.0; Win64; x64) AppleWebKit/537.36 (KHTML, like Gecko) Chrome/147.0.0.0 Safari/537.36', '2026-04-26 20:20:26', '2026-04-26 20:20:26'),
(177, 1, 'created', 'App\\Models\\Appointment', 12, NULL, '{\"customer_id\":6,\"employee_id\":null,\"discount_id\":null,\"appointment_date\":\"2026-04-27 00:00:00\",\"appointment_time\":\"15:30\",\"status\":\"pending\",\"payment_method\":\"cash\",\"payment_status\":\"pending\",\"total_amount\":\"1200.00\",\"updated_at\":\"2026-04-27 07:55:08\",\"created_at\":\"2026-04-27 07:55:08\",\"id\":12}', '127.0.0.1', 'Mozilla/5.0 (Windows NT 10.0; Win64; x64) AppleWebKit/537.36 (KHTML, like Gecko) Chrome/147.0.0.0 Safari/537.36', '2026-04-26 23:55:08', '2026-04-26 23:55:08'),
(178, 1, 'updated', 'App\\Models\\Appointment', 12, '{\"id\":12,\"customer_id\":6,\"employee_id\":null,\"discount_id\":null,\"appointment_date\":\"2026-04-27T00:00:00.000000Z\",\"appointment_time\":\"2026-04-27T15:30:00.000000Z\",\"status\":\"pending\",\"payment_method\":\"cash\",\"payment_status\":\"pending\",\"total_amount\":\"1200.00\",\"loyalty_discount_applied\":0,\"created_at\":\"2026-04-27T07:55:08.000000Z\",\"updated_at\":\"2026-04-27T07:55:08.000000Z\",\"deleted_at\":null}', '{\"employee_id\":\"5\",\"status\":\"confirmed\",\"updated_at\":\"2026-04-27 07:55:28\"}', '127.0.0.1', 'Mozilla/5.0 (Windows NT 10.0; Win64; x64) AppleWebKit/537.36 (KHTML, like Gecko) Chrome/147.0.0.0 Safari/537.36', '2026-04-26 23:55:28', '2026-04-26 23:55:28'),
(179, 1, 'updated', 'App\\Models\\Appointment', 12, '{\"id\":12,\"customer_id\":6,\"employee_id\":5,\"discount_id\":null,\"appointment_date\":\"2026-04-27T00:00:00.000000Z\",\"appointment_time\":\"2026-04-27T15:30:00.000000Z\",\"status\":\"confirmed\",\"payment_method\":\"cash\",\"payment_status\":\"pending\",\"total_amount\":\"1200.00\",\"loyalty_discount_applied\":0,\"created_at\":\"2026-04-27T07:55:08.000000Z\",\"updated_at\":\"2026-04-27T07:55:28.000000Z\",\"deleted_at\":null}', '{\"payment_status\":\"paid\",\"updated_at\":\"2026-04-27 07:55:37\"}', '127.0.0.1', 'Mozilla/5.0 (Windows NT 10.0; Win64; x64) AppleWebKit/537.36 (KHTML, like Gecko) Chrome/147.0.0.0 Safari/537.36', '2026-04-26 23:55:37', '2026-04-26 23:55:37'),
(180, 1, 'updated', 'App\\Models\\Appointment', 12, '{\"id\":12,\"customer_id\":6,\"employee_id\":5,\"discount_id\":null,\"appointment_date\":\"2026-04-27T00:00:00.000000Z\",\"appointment_time\":\"2026-04-27T15:30:00.000000Z\",\"status\":\"confirmed\",\"payment_method\":\"cash\",\"payment_status\":\"paid\",\"total_amount\":\"1200.00\",\"loyalty_discount_applied\":0,\"created_at\":\"2026-04-27T07:55:08.000000Z\",\"updated_at\":\"2026-04-27T07:55:37.000000Z\",\"deleted_at\":null}', '{\"status\":\"completed\",\"updated_at\":\"2026-04-27 07:55:50\"}', '127.0.0.1', 'Mozilla/5.0 (Windows NT 10.0; Win64; x64) AppleWebKit/537.36 (KHTML, like Gecko) Chrome/147.0.0.0 Safari/537.36', '2026-04-26 23:55:50', '2026-04-26 23:55:50'),
(181, 1, 'updated', 'App\\Models\\Product', 1, '{\"id\":1,\"name\":\"Plastic Gloves\",\"category\":\"Others\",\"size\":\"50pcs\",\"quantity\":2,\"price\":\"25.00\",\"created_at\":\"2026-03-15T01:12:47.000000Z\",\"updated_at\":\"2026-04-27T07:55:50.000000Z\",\"deleted_at\":null}', '{\"quantity\":\"12\",\"updated_at\":\"2026-04-27 09:26:31\"}', '127.0.0.1', 'Mozilla/5.0 (Windows NT 10.0; Win64; x64) AppleWebKit/537.36 (KHTML, like Gecko) Chrome/147.0.0.0 Safari/537.36', '2026-04-27 01:26:31', '2026-04-27 01:26:31'),
(182, 1, 'updated', 'App\\Models\\Product', 3, '{\"id\":3,\"name\":\"Shampoo\",\"category\":\"Shampoo\",\"size\":\"500ml\",\"quantity\":8,\"price\":\"220.00\",\"created_at\":\"2026-03-16T05:12:57.000000Z\",\"updated_at\":\"2026-03-16T06:12:26.000000Z\",\"deleted_at\":null}', '{\"quantity\":\"18\",\"updated_at\":\"2026-04-27 09:26:45\"}', '127.0.0.1', 'Mozilla/5.0 (Windows NT 10.0; Win64; x64) AppleWebKit/537.36 (KHTML, like Gecko) Chrome/147.0.0.0 Safari/537.36', '2026-04-27 01:26:45', '2026-04-27 01:26:45'),
(183, 1, 'updated', 'App\\Models\\Product', 5, '{\"id\":5,\"name\":\"Conditioner\",\"category\":\"Conditioner\",\"size\":\"500ml\",\"quantity\":5,\"price\":\"240.00\",\"created_at\":\"2026-03-16T05:12:57.000000Z\",\"updated_at\":\"2026-03-16T05:12:57.000000Z\",\"deleted_at\":null}', '{\"quantity\":\"15\",\"updated_at\":\"2026-04-27 09:26:55\"}', '127.0.0.1', 'Mozilla/5.0 (Windows NT 10.0; Win64; x64) AppleWebKit/537.36 (KHTML, like Gecko) Chrome/147.0.0.0 Safari/537.36', '2026-04-27 01:26:55', '2026-04-27 01:26:55'),
(184, 1, 'updated', 'App\\Models\\Product', 6, '{\"id\":6,\"name\":\"Hair Mask\",\"category\":\"Treatment Products\",\"size\":\"200ml\",\"quantity\":7,\"price\":\"350.00\",\"created_at\":\"2026-03-16T05:12:57.000000Z\",\"updated_at\":\"2026-03-16T05:12:57.000000Z\",\"deleted_at\":null}', '{\"quantity\":\"17\",\"updated_at\":\"2026-04-27 09:27:08\"}', '127.0.0.1', 'Mozilla/5.0 (Windows NT 10.0; Win64; x64) AppleWebKit/537.36 (KHTML, like Gecko) Chrome/147.0.0.0 Safari/537.36', '2026-04-27 01:27:08', '2026-04-27 01:27:08'),
(185, 1, 'updated', 'App\\Models\\Product', 11, '{\"id\":11,\"name\":\"Flat Iron\",\"category\":\"Styling Tools\",\"size\":\"1 inch\",\"quantity\":4,\"price\":\"1200.00\",\"created_at\":\"2026-03-16T05:12:57.000000Z\",\"updated_at\":\"2026-03-16T05:12:57.000000Z\",\"deleted_at\":null}', '{\"quantity\":\"14\",\"updated_at\":\"2026-04-27 09:27:24\"}', '127.0.0.1', 'Mozilla/5.0 (Windows NT 10.0; Win64; x64) AppleWebKit/537.36 (KHTML, like Gecko) Chrome/147.0.0.0 Safari/537.36', '2026-04-27 01:27:24', '2026-04-27 01:27:24'),
(186, 1, 'updated', 'App\\Models\\Product', 12, '{\"id\":12,\"name\":\"Curling Wand\",\"category\":\"Styling Tools\",\"size\":\"25mm\",\"quantity\":2,\"price\":\"1300.00\",\"created_at\":\"2026-03-16T05:12:57.000000Z\",\"updated_at\":\"2026-03-16T05:12:57.000000Z\",\"deleted_at\":null}', '{\"quantity\":\"12\",\"updated_at\":\"2026-04-27 09:27:34\"}', '127.0.0.1', 'Mozilla/5.0 (Windows NT 10.0; Win64; x64) AppleWebKit/537.36 (KHTML, like Gecko) Chrome/147.0.0.0 Safari/537.36', '2026-04-27 01:27:34', '2026-04-27 01:27:34'),
(187, 1, 'updated', 'App\\Models\\Product', 16, '{\"id\":16,\"name\":\"Top Coat\",\"category\":\"Nail Products\",\"size\":\"15ml\",\"quantity\":9,\"price\":\"90.00\",\"created_at\":\"2026-03-16T05:12:57.000000Z\",\"updated_at\":\"2026-03-16T05:12:57.000000Z\",\"deleted_at\":null}', '{\"quantity\":\"19\",\"updated_at\":\"2026-04-27 09:27:44\"}', '127.0.0.1', 'Mozilla/5.0 (Windows NT 10.0; Win64; x64) AppleWebKit/537.36 (KHTML, like Gecko) Chrome/147.0.0.0 Safari/537.36', '2026-04-27 01:27:44', '2026-04-27 01:27:44'),
(188, 1, 'login', NULL, NULL, NULL, NULL, '127.0.0.1', 'Mozilla/5.0 (Windows NT 10.0; Win64; x64) AppleWebKit/537.36 (KHTML, like Gecko) Chrome/148.0.0.0 Safari/537.36', '2026-05-09 14:49:26', '2026-05-09 14:49:26'),
(189, 1, 'deleted', 'App\\Models\\Product', 3, '{\"id\":3,\"name\":\"Shampoo\",\"category\":\"Shampoo\",\"size\":\"500ml\",\"quantity\":18,\"price\":\"220.00\",\"created_at\":\"2026-03-16T05:12:57.000000Z\",\"updated_at\":\"2026-05-10T00:09:44.000000Z\",\"deleted_at\":\"2026-05-10T00:09:44.000000Z\"}', NULL, '127.0.0.1', 'Mozilla/5.0 (Windows NT 10.0; Win64; x64) AppleWebKit/537.36 (KHTML, like Gecko) Chrome/148.0.0.0 Safari/537.36', '2026-05-09 16:09:44', '2026-05-09 16:09:44'),
(190, 1, 'updated', 'App\\Models\\Product', 3, '{\"id\":3,\"name\":\"Shampoo\",\"category\":\"Shampoo\",\"size\":\"500ml\",\"quantity\":18,\"price\":\"220.00\",\"created_at\":\"2026-03-16T05:12:57.000000Z\",\"updated_at\":\"2026-05-10T00:09:44.000000Z\",\"deleted_at\":\"2026-05-10T00:09:44.000000Z\"}', '{\"updated_at\":\"2026-05-10 00:12:53\",\"deleted_at\":null}', '127.0.0.1', 'Mozilla/5.0 (Windows NT 10.0; Win64; x64) AppleWebKit/537.36 (KHTML, like Gecko) Chrome/148.0.0.0 Safari/537.36', '2026-05-09 16:12:53', '2026-05-09 16:12:53'),
(191, 1, 'updated', 'App\\Models\\User', 13, '{\"id\":13,\"name\":\"Hanna Bishi\",\"email\":\"rbishi@gmail.com\",\"role\":\"tech\",\"status\":\"active\",\"email_verified_at\":null,\"password\":\"$2y$12$3hzbXOSxyHZ\\/Sv5Xv0Y6m.F4TNtYLwIRRzAYI0k9ChmDbTj3pksRq\",\"remember_token\":null,\"created_at\":\"2026-04-21T00:40:51.000000Z\",\"updated_at\":\"2026-04-21T00:57:32.000000Z\",\"invitation_token\":null,\"invitation_sent_at\":\"2026-04-21T00:40:51.000000Z\",\"invitation_accepted_at\":\"2026-04-21T00:42:55.000000Z\",\"invitation_expires_at\":\"2026-04-28T00:40:51.000000Z\"}', '{\"status\":\"inactive\",\"updated_at\":\"2026-05-10 00:16:43\"}', '127.0.0.1', 'Mozilla/5.0 (Windows NT 10.0; Win64; x64) AppleWebKit/537.36 (KHTML, like Gecko) Chrome/148.0.0.0 Safari/537.36', '2026-05-09 16:16:43', '2026-05-09 16:16:43'),
(192, 1, 'updated', 'App\\Models\\User', 13, '{\"id\":13,\"name\":\"Hanna Bishi\",\"email\":\"rbishi@gmail.com\",\"role\":\"tech\",\"status\":\"inactive\",\"email_verified_at\":null,\"password\":\"$2y$12$3hzbXOSxyHZ\\/Sv5Xv0Y6m.F4TNtYLwIRRzAYI0k9ChmDbTj3pksRq\",\"remember_token\":null,\"created_at\":\"2026-04-21T00:40:51.000000Z\",\"updated_at\":\"2026-05-10T00:16:43.000000Z\",\"invitation_token\":null,\"invitation_sent_at\":\"2026-04-21T00:40:51.000000Z\",\"invitation_accepted_at\":\"2026-04-21T00:42:55.000000Z\",\"invitation_expires_at\":\"2026-04-28T00:40:51.000000Z\"}', '{\"status\":\"active\",\"updated_at\":\"2026-05-10 00:16:53\"}', '127.0.0.1', 'Mozilla/5.0 (Windows NT 10.0; Win64; x64) AppleWebKit/537.36 (KHTML, like Gecko) Chrome/148.0.0.0 Safari/537.36', '2026-05-09 16:16:53', '2026-05-09 16:16:53'),
(193, 1, 'updated', 'App\\Models\\Product', 3, '{\"id\":3,\"name\":\"Shampoo\",\"category\":\"Shampoo\",\"size\":\"500ml\",\"quantity\":18,\"price\":\"220.00\",\"created_at\":\"2026-03-16T05:12:57.000000Z\",\"updated_at\":\"2026-05-10T00:12:53.000000Z\",\"deleted_at\":null}', '{\"quantity\":\"19\",\"updated_at\":\"2026-05-10 00:21:27\"}', '127.0.0.1', 'Mozilla/5.0 (Windows NT 10.0; Win64; x64) AppleWebKit/537.36 (KHTML, like Gecko) Chrome/148.0.0.0 Safari/537.36', '2026-05-09 16:21:27', '2026-05-09 16:21:27'),
(194, 1, 'updated', 'App\\Models\\Employee', 6, '{\"id\":6,\"user_id\":13,\"job_role_id\":2,\"first_name\":\"Hanna\",\"last_name\":\"Bishi\",\"personal_email\":\"hanna.ix02@gmail.com\",\"birthdate\":\"2007-02-09T00:00:00.000000Z\",\"mobile_num\":\"09716471241\",\"gender\":\"female\",\"image\":null,\"hire_date\":\"2026-01-15T00:00:00.000000Z\",\"created_at\":\"2026-04-21T00:40:51.000000Z\",\"updated_at\":\"2026-04-21T00:57:32.000000Z\"}', '{\"mobile_num\":\"09718412647\",\"updated_at\":\"2026-05-10 01:20:12\"}', '127.0.0.1', 'Mozilla/5.0 (Windows NT 10.0; Win64; x64) AppleWebKit/537.36 (KHTML, like Gecko) Chrome/148.0.0.0 Safari/537.36', '2026-05-09 17:20:12', '2026-05-09 17:20:12'),
(195, 1, 'updated', 'App\\Models\\Employee', 6, '{\"id\":6,\"user_id\":13,\"job_role_id\":2,\"first_name\":\"Hanna\",\"last_name\":\"Bishi\",\"personal_email\":\"hanna.ix02@gmail.com\",\"birthdate\":\"2007-02-09T00:00:00.000000Z\",\"mobile_num\":\"09718412647\",\"gender\":\"female\",\"image\":null,\"hire_date\":\"2026-01-15T00:00:00.000000Z\",\"created_at\":\"2026-04-21T00:40:51.000000Z\",\"updated_at\":\"2026-05-10T01:20:12.000000Z\"}', '{\"mobile_num\":\"09716471241\",\"updated_at\":\"2026-05-10 01:22:38\"}', '127.0.0.1', 'Mozilla/5.0 (Windows NT 10.0; Win64; x64) AppleWebKit/537.36 (KHTML, like Gecko) Chrome/148.0.0.0 Safari/537.36', '2026-05-09 17:22:38', '2026-05-09 17:22:38'),
(196, 1, 'updated', 'App\\Models\\User', 15, '{\"id\":15,\"name\":\"Karylle Tafales\",\"email\":\"ktafales@gmail.com\",\"role\":\"tech\",\"status\":\"invited\",\"email_verified_at\":null,\"password\":\"$2y$12$5mJqoyNlPwCkMSVGUC1EU.OzLjeKWOtwPFllFloZ3oIc2HjXQxEAi\",\"remember_token\":null,\"created_at\":\"2026-04-23T08:09:51.000000Z\",\"updated_at\":\"2026-04-23T08:09:51.000000Z\",\"invitation_token\":\"BHKG57Uz3oYkQoAltnrSORnEvXFDK23RbZBx9aZ44C9fB0JCFide5M1xmdIZebWR\",\"invitation_sent_at\":\"2026-04-23T08:09:51.000000Z\",\"invitation_accepted_at\":null,\"invitation_expires_at\":\"2026-04-30T08:09:51.000000Z\"}', '{\"updated_at\":\"2026-05-10 01:25:11\",\"invitation_token\":\"ta9m0M3PieglntYntzsFynDr2C4RNW3Ygz36N2VjcaSWheJkndyTwOP3hG1nIYVh\",\"invitation_sent_at\":\"2026-05-10 01:25:11\",\"invitation_expires_at\":\"2026-05-17 01:25:11\"}', '127.0.0.1', 'Mozilla/5.0 (Windows NT 10.0; Win64; x64) AppleWebKit/537.36 (KHTML, like Gecko) Chrome/148.0.0.0 Safari/537.36', '2026-05-09 17:25:11', '2026-05-09 17:25:11'),
(197, 1, 'updated', 'App\\Models\\User', 15, '{\"id\":15,\"name\":\"Karylle Tafales\",\"email\":\"ktafales@gmail.com\",\"role\":\"tech\",\"status\":\"invited\",\"email_verified_at\":null,\"password\":\"$2y$12$5mJqoyNlPwCkMSVGUC1EU.OzLjeKWOtwPFllFloZ3oIc2HjXQxEAi\",\"remember_token\":null,\"created_at\":\"2026-04-23T08:09:51.000000Z\",\"updated_at\":\"2026-05-10T01:25:11.000000Z\",\"invitation_token\":\"ta9m0M3PieglntYntzsFynDr2C4RNW3Ygz36N2VjcaSWheJkndyTwOP3hG1nIYVh\",\"invitation_sent_at\":\"2026-05-10T01:25:11.000000Z\",\"invitation_accepted_at\":null,\"invitation_expires_at\":\"2026-05-17T01:25:11.000000Z\"}', '{\"updated_at\":\"2026-05-10 01:36:34\",\"invitation_token\":\"jVZ7fLCwhhPLbhPLI7HqNgRkTUaThBIUqmZAkjnB8qsTsAXlLaYjCSUjmMTYrAlt\",\"invitation_sent_at\":\"2026-05-10 01:36:34\",\"invitation_expires_at\":\"2026-05-17 01:36:34\"}', '127.0.0.1', 'Mozilla/5.0 (Windows NT 10.0; Win64; x64) AppleWebKit/537.36 (KHTML, like Gecko) Chrome/148.0.0.0 Safari/537.36', '2026-05-09 17:36:34', '2026-05-09 17:36:34'),
(198, 1, 'deleted', 'App\\Models\\Employee', 8, '{\"id\":8,\"user_id\":15,\"job_role_id\":2,\"first_name\":\"Karylle\",\"last_name\":\"Tafales\",\"personal_email\":\"mishgellica@gmail.com\",\"birthdate\":\"2003-09-09T00:00:00.000000Z\",\"mobile_num\":\"09781264861\",\"gender\":\"female\",\"image\":null,\"hire_date\":\"2026-04-23T00:00:00.000000Z\",\"created_at\":\"2026-04-23T08:09:51.000000Z\",\"updated_at\":\"2026-04-23T08:09:51.000000Z\"}', NULL, '127.0.0.1', 'Mozilla/5.0 (Windows NT 10.0; Win64; x64) AppleWebKit/537.36 (KHTML, like Gecko) Chrome/148.0.0.0 Safari/537.36', '2026-05-09 17:39:58', '2026-05-09 17:39:58'),
(199, 1, 'deleted', 'App\\Models\\User', 15, '{\"id\":15,\"name\":\"Karylle Tafales\",\"email\":\"ktafales@gmail.com\",\"role\":\"tech\",\"status\":\"invited\",\"email_verified_at\":null,\"password\":\"$2y$12$5mJqoyNlPwCkMSVGUC1EU.OzLjeKWOtwPFllFloZ3oIc2HjXQxEAi\",\"remember_token\":null,\"created_at\":\"2026-04-23T08:09:51.000000Z\",\"updated_at\":\"2026-05-10T01:36:34.000000Z\",\"invitation_token\":\"jVZ7fLCwhhPLbhPLI7HqNgRkTUaThBIUqmZAkjnB8qsTsAXlLaYjCSUjmMTYrAlt\",\"invitation_sent_at\":\"2026-05-10T01:36:34.000000Z\",\"invitation_accepted_at\":null,\"invitation_expires_at\":\"2026-05-17T01:36:34.000000Z\"}', NULL, '127.0.0.1', 'Mozilla/5.0 (Windows NT 10.0; Win64; x64) AppleWebKit/537.36 (KHTML, like Gecko) Chrome/148.0.0.0 Safari/537.36', '2026-05-09 17:39:58', '2026-05-09 17:39:58'),
(200, 1, 'updated', 'App\\Models\\User', 14, '{\"id\":14,\"name\":\"Nazlah Nanding\",\"email\":\"nnanding@gmail.com\",\"role\":\"tech\",\"status\":\"invited\",\"email_verified_at\":null,\"password\":\"$2y$12$KY33zEUcW\\/RYLXYK386VFOFrIHb1I8Fi391LNVO0G8p5QiiDQpahi\",\"remember_token\":null,\"created_at\":\"2026-04-23T07:20:59.000000Z\",\"updated_at\":\"2026-04-23T07:34:54.000000Z\",\"invitation_token\":\"lzQi4zlvPGNou3AkruEMSTjACj3jfI2mep7kMPSQgT4XVbxjwoWfaB7DplKx5AuP\",\"invitation_sent_at\":\"2026-04-23T07:34:54.000000Z\",\"invitation_accepted_at\":null,\"invitation_expires_at\":\"2026-04-30T07:34:54.000000Z\"}', '{\"status\":\"inactive\",\"updated_at\":\"2026-05-10 01:43:26\"}', '127.0.0.1', 'Mozilla/5.0 (Windows NT 10.0; Win64; x64) AppleWebKit/537.36 (KHTML, like Gecko) Chrome/148.0.0.0 Safari/537.36', '2026-05-09 17:43:26', '2026-05-09 17:43:26'),
(201, 1, 'updated', 'App\\Models\\User', 14, '{\"id\":14,\"name\":\"Nazlah Nanding\",\"email\":\"nnanding@gmail.com\",\"role\":\"tech\",\"status\":\"inactive\",\"email_verified_at\":null,\"password\":\"$2y$12$KY33zEUcW\\/RYLXYK386VFOFrIHb1I8Fi391LNVO0G8p5QiiDQpahi\",\"remember_token\":null,\"created_at\":\"2026-04-23T07:20:59.000000Z\",\"updated_at\":\"2026-05-10T01:43:26.000000Z\",\"invitation_token\":\"lzQi4zlvPGNou3AkruEMSTjACj3jfI2mep7kMPSQgT4XVbxjwoWfaB7DplKx5AuP\",\"invitation_sent_at\":\"2026-04-23T07:34:54.000000Z\",\"invitation_accepted_at\":null,\"invitation_expires_at\":\"2026-04-30T07:34:54.000000Z\"}', '{\"status\":\"active\",\"updated_at\":\"2026-05-10 01:43:36\"}', '127.0.0.1', 'Mozilla/5.0 (Windows NT 10.0; Win64; x64) AppleWebKit/537.36 (KHTML, like Gecko) Chrome/148.0.0.0 Safari/537.36', '2026-05-09 17:43:36', '2026-05-09 17:43:36'),
(202, 1, 'created', 'App\\Models\\User', 16, NULL, '{\"name\":\"Rena Cahilig\",\"email\":\"rcahilig@gmail.com\",\"password\":\"$2y$12$Ws00OqDQJaIi1BAFndXUWuakpgoROi4ob1ZrnL68Tfemqu4Kf7LnS\",\"role\":\"frontdesk\",\"status\":\"invited\",\"updated_at\":\"2026-05-10 02:08:45\",\"created_at\":\"2026-05-10 02:08:45\",\"id\":16}', '127.0.0.1', 'Mozilla/5.0 (Windows NT 10.0; Win64; x64) AppleWebKit/537.36 (KHTML, like Gecko) Chrome/148.0.0.0 Safari/537.36', '2026-05-09 18:08:45', '2026-05-09 18:08:45'),
(203, 1, 'created', 'App\\Models\\Employee', 9, NULL, '{\"user_id\":16,\"personal_email\":\"r.cahilig.544799@umindanao.edu.ph\",\"job_role_id\":\"3\",\"first_name\":\"Rena\",\"last_name\":\"Cahilig\",\"mobile_num\":\"09662469129\",\"birthdate\":\"2003-11-27 00:00:00\",\"gender\":\"female\",\"hire_date\":\"2026-04-07 00:00:00\",\"updated_at\":\"2026-05-10 02:08:45\",\"created_at\":\"2026-05-10 02:08:45\",\"id\":9}', '127.0.0.1', 'Mozilla/5.0 (Windows NT 10.0; Win64; x64) AppleWebKit/537.36 (KHTML, like Gecko) Chrome/148.0.0.0 Safari/537.36', '2026-05-09 18:08:45', '2026-05-09 18:08:45');
INSERT INTO `audit_logs` (`id`, `user_id`, `action`, `model_type`, `model_id`, `old_values`, `new_values`, `ip`, `user_agent`, `created_at`, `updated_at`) VALUES
(204, 1, 'updated', 'App\\Models\\User', 16, '{\"name\":\"Rena Cahilig\",\"email\":\"rcahilig@gmail.com\",\"password\":\"$2y$12$Ws00OqDQJaIi1BAFndXUWuakpgoROi4ob1ZrnL68Tfemqu4Kf7LnS\",\"role\":\"frontdesk\",\"status\":\"invited\",\"updated_at\":\"2026-05-10T02:08:45.000000Z\",\"created_at\":\"2026-05-10T02:08:45.000000Z\",\"id\":16}', '{\"invitation_token\":\"HxadNBBYVmzofXsxEMQ5Pqqm0TKAhz18jHF8W7ALwrcU3C3YUEQRK0mtze1Y1wij\",\"invitation_sent_at\":\"2026-05-10 02:08:45\",\"invitation_expires_at\":\"2026-05-17 02:08:45\"}', '127.0.0.1', 'Mozilla/5.0 (Windows NT 10.0; Win64; x64) AppleWebKit/537.36 (KHTML, like Gecko) Chrome/148.0.0.0 Safari/537.36', '2026-05-09 18:08:45', '2026-05-09 18:08:45'),
(205, 1, 'updated', 'App\\Models\\User', 16, '{\"id\":16,\"name\":\"Rena Cahilig\",\"email\":\"rcahilig@gmail.com\",\"role\":\"frontdesk\",\"status\":\"invited\",\"email_verified_at\":null,\"password\":\"$2y$12$Ws00OqDQJaIi1BAFndXUWuakpgoROi4ob1ZrnL68Tfemqu4Kf7LnS\",\"remember_token\":null,\"created_at\":\"2026-05-10T02:08:45.000000Z\",\"updated_at\":\"2026-05-10T02:08:45.000000Z\",\"invitation_token\":\"HxadNBBYVmzofXsxEMQ5Pqqm0TKAhz18jHF8W7ALwrcU3C3YUEQRK0mtze1Y1wij\",\"invitation_sent_at\":\"2026-05-10T02:08:45.000000Z\",\"invitation_accepted_at\":null,\"invitation_expires_at\":\"2026-05-17T02:08:45.000000Z\"}', '{\"updated_at\":\"2026-05-10 02:11:42\",\"invitation_token\":\"XI9VhYHCE6Tq18nubqwTwp93pLBlF1gqP6WaV3HKSxfycWjW1e96VBMtopL7WlIq\",\"invitation_sent_at\":\"2026-05-10 02:11:42\",\"invitation_expires_at\":\"2026-05-17 02:11:42\"}', '127.0.0.1', 'Mozilla/5.0 (Windows NT 10.0; Win64; x64) AppleWebKit/537.36 (KHTML, like Gecko) Chrome/148.0.0.0 Safari/537.36', '2026-05-09 18:11:42', '2026-05-09 18:11:42'),
(206, 1, 'updated', 'App\\Models\\User', 16, '{\"id\":16,\"name\":\"Rena Cahilig\",\"email\":\"rcahilig@gmail.com\",\"role\":\"frontdesk\",\"status\":\"invited\",\"email_verified_at\":null,\"password\":\"$2y$12$Ws00OqDQJaIi1BAFndXUWuakpgoROi4ob1ZrnL68Tfemqu4Kf7LnS\",\"remember_token\":null,\"created_at\":\"2026-05-10T02:08:45.000000Z\",\"updated_at\":\"2026-05-10T02:11:42.000000Z\",\"invitation_token\":\"XI9VhYHCE6Tq18nubqwTwp93pLBlF1gqP6WaV3HKSxfycWjW1e96VBMtopL7WlIq\",\"invitation_sent_at\":\"2026-05-10T02:11:42.000000Z\",\"invitation_accepted_at\":null,\"invitation_expires_at\":\"2026-05-17T02:11:42.000000Z\"}', '{\"status\":\"inactive\",\"updated_at\":\"2026-05-10 02:12:41\"}', '127.0.0.1', 'Mozilla/5.0 (Windows NT 10.0; Win64; x64) AppleWebKit/537.36 (KHTML, like Gecko) Chrome/148.0.0.0 Safari/537.36', '2026-05-09 18:12:41', '2026-05-09 18:12:41'),
(207, 1, 'updated', 'App\\Models\\User', 16, '{\"id\":16,\"name\":\"Rena Cahilig\",\"email\":\"rcahilig@gmail.com\",\"role\":\"frontdesk\",\"status\":\"inactive\",\"email_verified_at\":null,\"password\":\"$2y$12$Ws00OqDQJaIi1BAFndXUWuakpgoROi4ob1ZrnL68Tfemqu4Kf7LnS\",\"remember_token\":null,\"created_at\":\"2026-05-10T02:08:45.000000Z\",\"updated_at\":\"2026-05-10T02:12:41.000000Z\",\"invitation_token\":\"XI9VhYHCE6Tq18nubqwTwp93pLBlF1gqP6WaV3HKSxfycWjW1e96VBMtopL7WlIq\",\"invitation_sent_at\":\"2026-05-10T02:11:42.000000Z\",\"invitation_accepted_at\":null,\"invitation_expires_at\":\"2026-05-17T02:11:42.000000Z\"}', '{\"invitation_token\":null}', '127.0.0.1', 'Mozilla/5.0 (Windows NT 10.0; Win64; x64) AppleWebKit/537.36 (KHTML, like Gecko) Chrome/148.0.0.0 Safari/537.36', '2026-05-09 18:12:41', '2026-05-09 18:12:41'),
(208, 1, 'updated', 'App\\Models\\User', 16, '{\"id\":16,\"name\":\"Rena Cahilig\",\"email\":\"rcahilig@gmail.com\",\"role\":\"frontdesk\",\"status\":\"inactive\",\"email_verified_at\":null,\"password\":\"$2y$12$Ws00OqDQJaIi1BAFndXUWuakpgoROi4ob1ZrnL68Tfemqu4Kf7LnS\",\"remember_token\":null,\"created_at\":\"2026-05-10T02:08:45.000000Z\",\"updated_at\":\"2026-05-10T02:12:41.000000Z\",\"invitation_token\":null,\"invitation_sent_at\":\"2026-05-10T02:11:42.000000Z\",\"invitation_accepted_at\":null,\"invitation_expires_at\":\"2026-05-17T02:11:42.000000Z\"}', '{\"status\":\"invited\",\"updated_at\":\"2026-05-10 02:13:20\"}', '127.0.0.1', 'Mozilla/5.0 (Windows NT 10.0; Win64; x64) AppleWebKit/537.36 (KHTML, like Gecko) Chrome/148.0.0.0 Safari/537.36', '2026-05-09 18:13:20', '2026-05-09 18:13:20'),
(209, 1, 'updated', 'App\\Models\\User', 16, '{\"id\":16,\"name\":\"Rena Cahilig\",\"email\":\"rcahilig@gmail.com\",\"role\":\"frontdesk\",\"status\":\"invited\",\"email_verified_at\":null,\"password\":\"$2y$12$Ws00OqDQJaIi1BAFndXUWuakpgoROi4ob1ZrnL68Tfemqu4Kf7LnS\",\"remember_token\":null,\"created_at\":\"2026-05-10T02:08:45.000000Z\",\"updated_at\":\"2026-05-10T02:13:20.000000Z\",\"invitation_token\":null,\"invitation_sent_at\":\"2026-05-10T02:11:42.000000Z\",\"invitation_accepted_at\":null,\"invitation_expires_at\":\"2026-05-17T02:11:42.000000Z\"}', '{\"invitation_token\":\"O0JkdLPWuiYbddc4F3rhQPEXelDDtnMxdxCbjTkg3dMVnMkePYmToniCFOHDZQbl\",\"invitation_sent_at\":\"2026-05-10 02:13:20\",\"invitation_expires_at\":\"2026-05-17 02:13:20\"}', '127.0.0.1', 'Mozilla/5.0 (Windows NT 10.0; Win64; x64) AppleWebKit/537.36 (KHTML, like Gecko) Chrome/148.0.0.0 Safari/537.36', '2026-05-09 18:13:20', '2026-05-09 18:13:20'),
(210, 1, 'updated', 'App\\Models\\User', 14, '{\"id\":14,\"name\":\"Nazlah Nanding\",\"email\":\"nnanding@gmail.com\",\"role\":\"tech\",\"status\":\"active\",\"email_verified_at\":null,\"password\":\"$2y$12$KY33zEUcW\\/RYLXYK386VFOFrIHb1I8Fi391LNVO0G8p5QiiDQpahi\",\"remember_token\":null,\"created_at\":\"2026-04-23T07:20:59.000000Z\",\"updated_at\":\"2026-05-10T01:43:36.000000Z\",\"invitation_token\":\"lzQi4zlvPGNou3AkruEMSTjACj3jfI2mep7kMPSQgT4XVbxjwoWfaB7DplKx5AuP\",\"invitation_sent_at\":\"2026-04-23T07:34:54.000000Z\",\"invitation_accepted_at\":null,\"invitation_expires_at\":\"2026-04-30T07:34:54.000000Z\"}', '{\"status\":\"inactive\",\"updated_at\":\"2026-05-10 02:23:24\"}', '127.0.0.1', 'Mozilla/5.0 (Windows NT 10.0; Win64; x64) AppleWebKit/537.36 (KHTML, like Gecko) Chrome/148.0.0.0 Safari/537.36', '2026-05-09 18:23:24', '2026-05-09 18:23:24'),
(211, 1, 'updated', 'App\\Models\\User', 14, '{\"id\":14,\"name\":\"Nazlah Nanding\",\"email\":\"nnanding@gmail.com\",\"role\":\"tech\",\"status\":\"inactive\",\"email_verified_at\":null,\"password\":\"$2y$12$KY33zEUcW\\/RYLXYK386VFOFrIHb1I8Fi391LNVO0G8p5QiiDQpahi\",\"remember_token\":null,\"created_at\":\"2026-04-23T07:20:59.000000Z\",\"updated_at\":\"2026-05-10T02:23:24.000000Z\",\"invitation_token\":\"lzQi4zlvPGNou3AkruEMSTjACj3jfI2mep7kMPSQgT4XVbxjwoWfaB7DplKx5AuP\",\"invitation_sent_at\":\"2026-04-23T07:34:54.000000Z\",\"invitation_accepted_at\":null,\"invitation_expires_at\":\"2026-04-30T07:34:54.000000Z\"}', '{\"status\":\"invited\",\"updated_at\":\"2026-05-10 02:24:06\"}', '127.0.0.1', 'Mozilla/5.0 (Windows NT 10.0; Win64; x64) AppleWebKit/537.36 (KHTML, like Gecko) Chrome/148.0.0.0 Safari/537.36', '2026-05-09 18:24:06', '2026-05-09 18:24:06'),
(212, 1, 'updated', 'App\\Models\\User', 14, '{\"id\":14,\"name\":\"Nazlah Nanding\",\"email\":\"nnanding@gmail.com\",\"role\":\"tech\",\"status\":\"invited\",\"email_verified_at\":null,\"password\":\"$2y$12$KY33zEUcW\\/RYLXYK386VFOFrIHb1I8Fi391LNVO0G8p5QiiDQpahi\",\"remember_token\":null,\"created_at\":\"2026-04-23T07:20:59.000000Z\",\"updated_at\":\"2026-05-10T02:24:06.000000Z\",\"invitation_token\":\"lzQi4zlvPGNou3AkruEMSTjACj3jfI2mep7kMPSQgT4XVbxjwoWfaB7DplKx5AuP\",\"invitation_sent_at\":\"2026-04-23T07:34:54.000000Z\",\"invitation_accepted_at\":null,\"invitation_expires_at\":\"2026-04-30T07:34:54.000000Z\"}', '{\"invitation_token\":\"KQ55lGUHv3UmvjGKxP1nyF9a8w0HrQl9AS3dwavhOoHjT7dasX6K6uIFvwzKRmSP\",\"invitation_sent_at\":\"2026-05-10 02:24:06\",\"invitation_expires_at\":\"2026-05-17 02:24:06\"}', '127.0.0.1', 'Mozilla/5.0 (Windows NT 10.0; Win64; x64) AppleWebKit/537.36 (KHTML, like Gecko) Chrome/148.0.0.0 Safari/537.36', '2026-05-09 18:24:06', '2026-05-09 18:24:06'),
(213, 1, 'updated', 'App\\Models\\User', 13, '{\"id\":13,\"name\":\"Hanna Bishi\",\"email\":\"rbishi@gmail.com\",\"role\":\"tech\",\"status\":\"active\",\"email_verified_at\":null,\"password\":\"$2y$12$3hzbXOSxyHZ\\/Sv5Xv0Y6m.F4TNtYLwIRRzAYI0k9ChmDbTj3pksRq\",\"remember_token\":null,\"created_at\":\"2026-04-21T00:40:51.000000Z\",\"updated_at\":\"2026-05-10T00:16:53.000000Z\",\"invitation_token\":null,\"invitation_sent_at\":\"2026-04-21T00:40:51.000000Z\",\"invitation_accepted_at\":\"2026-04-21T00:42:55.000000Z\",\"invitation_expires_at\":\"2026-04-28T00:40:51.000000Z\"}', '{\"status\":\"inactive\",\"updated_at\":\"2026-05-10 02:27:12\"}', '127.0.0.1', 'Mozilla/5.0 (Windows NT 10.0; Win64; x64) AppleWebKit/537.36 (KHTML, like Gecko) Chrome/148.0.0.0 Safari/537.36', '2026-05-09 18:27:12', '2026-05-09 18:27:12'),
(214, 1, 'updated', 'App\\Models\\User', 13, '{\"id\":13,\"name\":\"Hanna Bishi\",\"email\":\"rbishi@gmail.com\",\"role\":\"tech\",\"status\":\"inactive\",\"email_verified_at\":null,\"password\":\"$2y$12$3hzbXOSxyHZ\\/Sv5Xv0Y6m.F4TNtYLwIRRzAYI0k9ChmDbTj3pksRq\",\"remember_token\":null,\"created_at\":\"2026-04-21T00:40:51.000000Z\",\"updated_at\":\"2026-05-10T02:27:12.000000Z\",\"invitation_token\":null,\"invitation_sent_at\":\"2026-04-21T00:40:51.000000Z\",\"invitation_accepted_at\":\"2026-04-21T00:42:55.000000Z\",\"invitation_expires_at\":\"2026-04-28T00:40:51.000000Z\"}', '{\"status\":\"active\",\"updated_at\":\"2026-05-10 02:27:20\"}', '127.0.0.1', 'Mozilla/5.0 (Windows NT 10.0; Win64; x64) AppleWebKit/537.36 (KHTML, like Gecko) Chrome/148.0.0.0 Safari/537.36', '2026-05-09 18:27:20', '2026-05-09 18:27:20'),
(215, 1, 'updated', 'App\\Models\\User', 9, '{\"id\":9,\"name\":\"Annika Dumalogdog\",\"email\":\"adumalogdog@gmail.com\",\"role\":\"customer\",\"status\":\"active\",\"email_verified_at\":null,\"password\":\"$2y$12$bGSzjJfhd\\/3aEEZSGCuPZ.AQ4D7GAjTgxt6udF2m4tN3W6CW4a6YC\",\"remember_token\":null,\"created_at\":\"2026-04-20T09:17:03.000000Z\",\"updated_at\":\"2026-04-20T09:17:03.000000Z\",\"invitation_token\":null,\"invitation_sent_at\":null,\"invitation_accepted_at\":\"2026-03-20T12:01:15.000000Z\",\"invitation_expires_at\":null}', '{\"status\":\"inactive\",\"updated_at\":\"2026-05-10 02:27:42\"}', '127.0.0.1', 'Mozilla/5.0 (Windows NT 10.0; Win64; x64) AppleWebKit/537.36 (KHTML, like Gecko) Chrome/148.0.0.0 Safari/537.36', '2026-05-09 18:27:42', '2026-05-09 18:27:42'),
(216, 1, 'updated', 'App\\Models\\User', 9, '{\"id\":9,\"name\":\"Annika Dumalogdog\",\"email\":\"adumalogdog@gmail.com\",\"role\":\"customer\",\"status\":\"inactive\",\"email_verified_at\":null,\"password\":\"$2y$12$bGSzjJfhd\\/3aEEZSGCuPZ.AQ4D7GAjTgxt6udF2m4tN3W6CW4a6YC\",\"remember_token\":null,\"created_at\":\"2026-04-20T09:17:03.000000Z\",\"updated_at\":\"2026-05-10T02:27:42.000000Z\",\"invitation_token\":null,\"invitation_sent_at\":null,\"invitation_accepted_at\":\"2026-03-20T12:01:15.000000Z\",\"invitation_expires_at\":null}', '{\"status\":\"active\",\"updated_at\":\"2026-05-10 02:27:52\"}', '127.0.0.1', 'Mozilla/5.0 (Windows NT 10.0; Win64; x64) AppleWebKit/537.36 (KHTML, like Gecko) Chrome/148.0.0.0 Safari/537.36', '2026-05-09 18:27:52', '2026-05-09 18:27:52'),
(217, 1, 'created', 'App\\Models\\User', 17, NULL, '{\"name\":\"Glinda Guding\",\"email\":\"gguding@gmail.com\",\"password\":\"$2y$12$7E6fdMHIU9RfgivOo6yV2.Zm74s.Tiv6YpbT4tzC\\/AcdpmZGBnZE.\",\"role\":\"customer\",\"status\":\"active\",\"updated_at\":\"2026-05-10 02:52:17\",\"created_at\":\"2026-05-10 02:52:17\",\"id\":17}', '127.0.0.1', 'Mozilla/5.0 (Windows NT 10.0; Win64; x64) AppleWebKit/537.36 (KHTML, like Gecko) Chrome/148.0.0.0 Safari/537.36', '2026-05-09 18:52:17', '2026-05-09 18:52:17'),
(218, 1, 'created', 'App\\Models\\Customer', 7, NULL, '{\"user_id\":17,\"first_name\":\"Glinda\",\"last_name\":\"Guding\",\"mobile_num\":\"09361289491\",\"birthdate\":\"2001-06-13 00:00:00\",\"gender\":\"female\",\"image\":\"customers\\/z0ed0AniFLAvJs6dM6UFRfOUPkCEMWqtdyDR2ljm.jpg\",\"updated_at\":\"2026-05-10 02:52:17\",\"created_at\":\"2026-05-10 02:52:17\",\"id\":7}', '127.0.0.1', 'Mozilla/5.0 (Windows NT 10.0; Win64; x64) AppleWebKit/537.36 (KHTML, like Gecko) Chrome/148.0.0.0 Safari/537.36', '2026-05-09 18:52:17', '2026-05-09 18:52:17'),
(219, 1, 'login', NULL, NULL, NULL, NULL, '127.0.0.1', 'Mozilla/5.0 (Windows NT 10.0; Win64; x64) AppleWebKit/537.36 (KHTML, like Gecko) Chrome/148.0.0.0 Safari/537.36', '2026-05-10 00:58:06', '2026-05-10 00:58:06'),
(220, 1, 'deleted', 'App\\Models\\Service', 12, '{\"id\":12,\"name\":\"Short Rebonding\",\"description\":\"Chemical straightening for short hair. Smooth and straight results.\",\"price\":\"1888.00\",\"duration\":150,\"category\":\"Rebonding\",\"image\":\"services\\/WAy6JPWOZ1Dz4sYThXg9rcXBCOhtPNc9pwixHDFf.jpg\",\"created_at\":\"2026-03-16T06:32:02.000000Z\",\"updated_at\":\"2026-05-10T10:23:17.000000Z\",\"deleted_at\":\"2026-05-10T10:23:17.000000Z\"}', NULL, '127.0.0.1', 'Mozilla/5.0 (Windows NT 10.0; Win64; x64) AppleWebKit/537.36 (KHTML, like Gecko) Chrome/148.0.0.0 Safari/537.36', '2026-05-10 02:23:17', '2026-05-10 02:23:17'),
(221, 1, 'updated', 'App\\Models\\Service', 12, '{\"id\":12,\"name\":\"Short Rebonding\",\"description\":\"Chemical straightening for short hair. Smooth and straight results.\",\"price\":\"1888.00\",\"duration\":150,\"category\":\"Rebonding\",\"image\":\"services\\/WAy6JPWOZ1Dz4sYThXg9rcXBCOhtPNc9pwixHDFf.jpg\",\"created_at\":\"2026-03-16T06:32:02.000000Z\",\"updated_at\":\"2026-05-10T10:23:17.000000Z\",\"deleted_at\":\"2026-05-10T10:23:17.000000Z\"}', '{\"updated_at\":\"2026-05-10 10:23:40\",\"deleted_at\":null}', '127.0.0.1', 'Mozilla/5.0 (Windows NT 10.0; Win64; x64) AppleWebKit/537.36 (KHTML, like Gecko) Chrome/148.0.0.0 Safari/537.36', '2026-05-10 02:23:40', '2026-05-10 02:23:40'),
(222, 1, 'deleted', 'App\\Models\\Service', 5, '{\"id\":5,\"name\":\"Mid Fade\",\"description\":\"A clean, versatile haircut where the fade starts midway between the temples and ears, blending smoothly for a sharp yet balanced look.\",\"price\":\"99.00\",\"duration\":30,\"category\":\"Haircut\",\"image\":\"services\\/wzb2AFt4B12dsGtxtBsm6yKw5OI1yukQYMYW0Pvy.jpg\",\"created_at\":\"2026-03-16T06:32:02.000000Z\",\"updated_at\":\"2026-05-10T10:24:20.000000Z\",\"deleted_at\":\"2026-05-10T10:24:20.000000Z\"}', NULL, '127.0.0.1', 'Mozilla/5.0 (Windows NT 10.0; Win64; x64) AppleWebKit/537.36 (KHTML, like Gecko) Chrome/148.0.0.0 Safari/537.36', '2026-05-10 02:24:20', '2026-05-10 02:24:20'),
(223, 1, 'updated', 'App\\Models\\Service', 5, '{\"id\":5,\"name\":\"Mid Fade\",\"description\":\"A clean, versatile haircut where the fade starts midway between the temples and ears, blending smoothly for a sharp yet balanced look.\",\"price\":\"99.00\",\"duration\":30,\"category\":\"Haircut\",\"image\":\"services\\/wzb2AFt4B12dsGtxtBsm6yKw5OI1yukQYMYW0Pvy.jpg\",\"created_at\":\"2026-03-16T06:32:02.000000Z\",\"updated_at\":\"2026-05-10T10:24:20.000000Z\",\"deleted_at\":\"2026-05-10T10:24:20.000000Z\"}', '{\"updated_at\":\"2026-05-10 10:24:27\",\"deleted_at\":null}', '127.0.0.1', 'Mozilla/5.0 (Windows NT 10.0; Win64; x64) AppleWebKit/537.36 (KHTML, like Gecko) Chrome/148.0.0.0 Safari/537.36', '2026-05-10 02:24:27', '2026-05-10 02:24:27'),
(224, 1, 'deleted', 'App\\Models\\Appointment', 11, '{\"id\":11,\"customer_id\":6,\"employee_id\":null,\"discount_id\":null,\"appointment_date\":\"2026-04-23T00:00:00.000000Z\",\"appointment_time\":\"2026-05-10T11:00:00.000000Z\",\"status\":\"pending\",\"payment_method\":\"cash\",\"payment_status\":\"pending\",\"total_amount\":\"1888.00\",\"loyalty_discount_applied\":0,\"created_at\":\"2026-04-21T01:19:40.000000Z\",\"updated_at\":\"2026-05-10T11:04:35.000000Z\",\"deleted_at\":\"2026-05-10T11:04:35.000000Z\"}', NULL, '127.0.0.1', 'Mozilla/5.0 (Windows NT 10.0; Win64; x64) AppleWebKit/537.36 (KHTML, like Gecko) Chrome/148.0.0.0 Safari/537.36', '2026-05-10 03:04:35', '2026-05-10 03:04:35'),
(225, 1, 'updated', 'App\\Models\\Appointment', 11, '{\"id\":11,\"customer_id\":6,\"employee_id\":null,\"discount_id\":null,\"appointment_date\":\"2026-04-23T00:00:00.000000Z\",\"appointment_time\":\"2026-05-10T11:00:00.000000Z\",\"status\":\"pending\",\"payment_method\":\"cash\",\"payment_status\":\"pending\",\"total_amount\":\"1888.00\",\"loyalty_discount_applied\":0,\"created_at\":\"2026-04-21T01:19:40.000000Z\",\"updated_at\":\"2026-05-10T11:04:35.000000Z\",\"deleted_at\":\"2026-05-10T11:04:35.000000Z\"}', '{\"updated_at\":\"2026-05-10 11:04:43\",\"deleted_at\":null}', '127.0.0.1', 'Mozilla/5.0 (Windows NT 10.0; Win64; x64) AppleWebKit/537.36 (KHTML, like Gecko) Chrome/148.0.0.0 Safari/537.36', '2026-05-10 03:04:43', '2026-05-10 03:04:43'),
(226, 1, 'updated', 'App\\Models\\Appointment', 11, '{\"id\":11,\"customer_id\":6,\"employee_id\":null,\"discount_id\":null,\"appointment_date\":\"2026-04-23T00:00:00.000000Z\",\"appointment_time\":\"2026-05-10T11:00:00.000000Z\",\"status\":\"pending\",\"payment_method\":\"cash\",\"payment_status\":\"pending\",\"total_amount\":\"1888.00\",\"loyalty_discount_applied\":0,\"created_at\":\"2026-04-21T01:19:40.000000Z\",\"updated_at\":\"2026-05-10T11:04:43.000000Z\",\"deleted_at\":null}', '{\"employee_id\":\"5\",\"status\":\"confirmed\",\"updated_at\":\"2026-05-10 11:07:17\"}', '127.0.0.1', 'Mozilla/5.0 (Windows NT 10.0; Win64; x64) AppleWebKit/537.36 (KHTML, like Gecko) Chrome/148.0.0.0 Safari/537.36', '2026-05-10 03:07:17', '2026-05-10 03:07:17'),
(227, 1, 'updated', 'App\\Models\\Appointment', 11, '{\"id\":11,\"customer_id\":6,\"employee_id\":5,\"discount_id\":null,\"appointment_date\":\"2026-04-23T00:00:00.000000Z\",\"appointment_time\":\"2026-05-10T11:00:00.000000Z\",\"status\":\"confirmed\",\"payment_method\":\"cash\",\"payment_status\":\"pending\",\"total_amount\":\"1888.00\",\"loyalty_discount_applied\":0,\"created_at\":\"2026-04-21T01:19:40.000000Z\",\"updated_at\":\"2026-05-10T11:07:17.000000Z\",\"deleted_at\":null}', '{\"employee_id\":null,\"updated_at\":\"2026-05-10 11:10:15\"}', '127.0.0.1', 'Mozilla/5.0 (Windows NT 10.0; Win64; x64) AppleWebKit/537.36 (KHTML, like Gecko) Chrome/148.0.0.0 Safari/537.36', '2026-05-10 03:10:15', '2026-05-10 03:10:15'),
(228, 1, 'updated', 'App\\Models\\Appointment', 11, '{\"id\":11,\"customer_id\":6,\"employee_id\":null,\"discount_id\":null,\"appointment_date\":\"2026-04-23T00:00:00.000000Z\",\"appointment_time\":\"2026-05-10T11:00:00.000000Z\",\"status\":\"confirmed\",\"payment_method\":\"cash\",\"payment_status\":\"pending\",\"total_amount\":\"1888.00\",\"loyalty_discount_applied\":0,\"created_at\":\"2026-04-21T01:19:40.000000Z\",\"updated_at\":\"2026-05-10T11:10:15.000000Z\",\"deleted_at\":null}', '{\"employee_id\":\"5\",\"updated_at\":\"2026-05-10 11:10:26\"}', '127.0.0.1', 'Mozilla/5.0 (Windows NT 10.0; Win64; x64) AppleWebKit/537.36 (KHTML, like Gecko) Chrome/148.0.0.0 Safari/537.36', '2026-05-10 03:10:26', '2026-05-10 03:10:26'),
(229, 1, 'updated', 'App\\Models\\Appointment', 11, '{\"id\":11,\"customer_id\":6,\"employee_id\":5,\"discount_id\":null,\"appointment_date\":\"2026-04-23T00:00:00.000000Z\",\"appointment_time\":\"2026-05-10T11:00:00.000000Z\",\"status\":\"confirmed\",\"payment_method\":\"cash\",\"payment_status\":\"pending\",\"total_amount\":\"1888.00\",\"loyalty_discount_applied\":0,\"created_at\":\"2026-04-21T01:19:40.000000Z\",\"updated_at\":\"2026-05-10T11:10:26.000000Z\",\"deleted_at\":null}', '{\"payment_status\":\"paid\",\"updated_at\":\"2026-05-10 11:10:38\"}', '127.0.0.1', 'Mozilla/5.0 (Windows NT 10.0; Win64; x64) AppleWebKit/537.36 (KHTML, like Gecko) Chrome/148.0.0.0 Safari/537.36', '2026-05-10 03:10:38', '2026-05-10 03:10:38'),
(230, 1, 'updated', 'App\\Models\\Appointment', 11, '{\"id\":11,\"customer_id\":6,\"employee_id\":5,\"discount_id\":null,\"appointment_date\":\"2026-04-23T00:00:00.000000Z\",\"appointment_time\":\"2026-05-10T11:00:00.000000Z\",\"status\":\"confirmed\",\"payment_method\":\"cash\",\"payment_status\":\"paid\",\"total_amount\":\"1888.00\",\"loyalty_discount_applied\":0,\"created_at\":\"2026-04-21T01:19:40.000000Z\",\"updated_at\":\"2026-05-10T11:10:38.000000Z\",\"deleted_at\":null}', '{\"status\":\"completed\",\"updated_at\":\"2026-05-10 11:12:18\"}', '127.0.0.1', 'Mozilla/5.0 (Windows NT 10.0; Win64; x64) AppleWebKit/537.36 (KHTML, like Gecko) Chrome/148.0.0.0 Safari/537.36', '2026-05-10 03:12:18', '2026-05-10 03:12:18'),
(231, 1, 'updated', 'App\\Models\\Appointment', 4, '{\"id\":4,\"customer_id\":3,\"employee_id\":2,\"discount_id\":null,\"appointment_date\":\"2026-03-31T00:00:00.000000Z\",\"appointment_time\":\"2026-05-10T13:00:00.000000Z\",\"status\":\"cancelled\",\"payment_method\":\"cash\",\"payment_status\":\"pending\",\"total_amount\":\"399.00\",\"loyalty_discount_applied\":0,\"created_at\":\"2026-03-21T01:12:25.000000Z\",\"updated_at\":\"2026-04-14T03:36:16.000000Z\",\"deleted_at\":null}', '{\"status\":\"pending\",\"updated_at\":\"2026-05-10 11:13:59\"}', '127.0.0.1', 'Mozilla/5.0 (Windows NT 10.0; Win64; x64) AppleWebKit/537.36 (KHTML, like Gecko) Chrome/148.0.0.0 Safari/537.36', '2026-05-10 03:13:59', '2026-05-10 03:13:59'),
(232, 1, 'updated', 'App\\Models\\Appointment', 4, '{\"id\":4,\"customer_id\":3,\"employee_id\":2,\"discount_id\":null,\"appointment_date\":\"2026-03-31T00:00:00.000000Z\",\"appointment_time\":\"2026-05-10T13:00:00.000000Z\",\"status\":\"pending\",\"payment_method\":\"cash\",\"payment_status\":\"pending\",\"total_amount\":\"399.00\",\"loyalty_discount_applied\":0,\"created_at\":\"2026-03-21T01:12:25.000000Z\",\"updated_at\":\"2026-05-10T11:13:59.000000Z\",\"deleted_at\":null}', '{\"status\":\"cancelled\",\"updated_at\":\"2026-05-10 11:14:12\"}', '127.0.0.1', 'Mozilla/5.0 (Windows NT 10.0; Win64; x64) AppleWebKit/537.36 (KHTML, like Gecko) Chrome/148.0.0.0 Safari/537.36', '2026-05-10 03:14:12', '2026-05-10 03:14:12'),
(233, 1, 'login', NULL, NULL, NULL, NULL, '127.0.0.1', 'Mozilla/5.0 (Windows NT 10.0; Win64; x64) AppleWebKit/537.36 (KHTML, like Gecko) Chrome/148.0.0.0 Safari/537.36', '2026-05-11 02:52:23', '2026-05-11 02:52:23'),
(234, 1, 'created', 'App\\Models\\User', 18, NULL, '{\"name\":\"Spencer Agnew\",\"email\":\"sagnew@gmail.com\",\"password\":\"$2y$12$y1XadtaFyxnikejdsLk6x.M7zwKIOIVFZXnTE9y2G1pbNZZRigF1q\",\"role\":\"customer\",\"status\":\"active\",\"updated_at\":\"2026-05-11 11:18:43\",\"created_at\":\"2026-05-11 11:18:43\",\"id\":18}', '127.0.0.1', 'Mozilla/5.0 (Windows NT 10.0; Win64; x64) AppleWebKit/537.36 (KHTML, like Gecko) Chrome/148.0.0.0 Safari/537.36', '2026-05-11 03:18:43', '2026-05-11 03:18:43'),
(235, 1, 'created', 'App\\Models\\User', 19, NULL, '{\"name\":\"Spencer Agnew\",\"email\":\"sagnew@gmail.com\",\"password\":\"$2y$12$AaKZ.xvn7bIUPl9Ziu\\/2meMC6h6YnUVfpoa2cVfXHchTIR72cZ4ae\",\"role\":\"customer\",\"status\":\"active\",\"updated_at\":\"2026-05-11 11:58:31\",\"created_at\":\"2026-05-11 11:58:31\",\"id\":19}', '127.0.0.1', 'Mozilla/5.0 (Windows NT 10.0; Win64; x64) AppleWebKit/537.36 (KHTML, like Gecko) Chrome/148.0.0.0 Safari/537.36', '2026-05-11 03:58:31', '2026-05-11 03:58:31'),
(236, 1, 'created', 'App\\Models\\Customer', 9, NULL, '{\"user_id\":19,\"first_name\":\"Spencer\",\"last_name\":\"Agnew\",\"mobile_num\":\"09782141241\",\"updated_at\":\"2026-05-11 11:58:31\",\"created_at\":\"2026-05-11 11:58:31\",\"id\":9}', '127.0.0.1', 'Mozilla/5.0 (Windows NT 10.0; Win64; x64) AppleWebKit/537.36 (KHTML, like Gecko) Chrome/148.0.0.0 Safari/537.36', '2026-05-11 03:58:31', '2026-05-11 03:58:31'),
(237, 1, 'created', 'App\\Models\\Appointment', 13, NULL, '{\"customer_id\":9,\"employee_id\":null,\"discount_id\":null,\"appointment_date\":\"2026-05-12 00:00:00\",\"appointment_time\":\"11:00\",\"status\":\"pending\",\"payment_method\":\"gcash\",\"payment_status\":\"for_validation\",\"total_amount\":\"1888.00\",\"updated_at\":\"2026-05-11 11:58:31\",\"created_at\":\"2026-05-11 11:58:31\",\"id\":13}', '127.0.0.1', 'Mozilla/5.0 (Windows NT 10.0; Win64; x64) AppleWebKit/537.36 (KHTML, like Gecko) Chrome/148.0.0.0 Safari/537.36', '2026-05-11 03:58:31', '2026-05-11 03:58:31'),
(238, 1, 'created', 'App\\Models\\Payment', 4, NULL, '{\"appointment_id\":13,\"amount\":\"1888.00\",\"payment_method\":\"gcash\",\"reference_number\":\"NDADFFA0F77\",\"status\":\"pending\",\"updated_at\":\"2026-05-11 11:58:31\",\"created_at\":\"2026-05-11 11:58:31\",\"id\":4}', '127.0.0.1', 'Mozilla/5.0 (Windows NT 10.0; Win64; x64) AppleWebKit/537.36 (KHTML, like Gecko) Chrome/148.0.0.0 Safari/537.36', '2026-05-11 03:58:31', '2026-05-11 03:58:31'),
(239, 1, 'updated', 'App\\Models\\Appointment', 13, '{\"id\":13,\"customer_id\":9,\"employee_id\":null,\"discount_id\":null,\"appointment_date\":\"2026-05-12T00:00:00.000000Z\",\"appointment_time\":\"2026-05-11T11:00:00.000000Z\",\"status\":\"pending\",\"payment_method\":\"gcash\",\"payment_status\":\"for_validation\",\"total_amount\":\"1888.00\",\"loyalty_discount_applied\":0,\"created_at\":\"2026-05-11T11:58:31.000000Z\",\"updated_at\":\"2026-05-11T11:58:31.000000Z\",\"deleted_at\":null}', '{\"employee_id\":\"7\",\"status\":\"confirmed\",\"updated_at\":\"2026-05-11 12:03:02\"}', '127.0.0.1', 'Mozilla/5.0 (Windows NT 10.0; Win64; x64) AppleWebKit/537.36 (KHTML, like Gecko) Chrome/148.0.0.0 Safari/537.36', '2026-05-11 04:03:02', '2026-05-11 04:03:02'),
(240, 1, 'updated', 'App\\Models\\Appointment', 13, '{\"id\":13,\"customer_id\":9,\"employee_id\":7,\"discount_id\":null,\"appointment_date\":\"2026-05-12T00:00:00.000000Z\",\"appointment_time\":\"2026-05-11T11:00:00.000000Z\",\"status\":\"confirmed\",\"payment_method\":\"gcash\",\"payment_status\":\"for_validation\",\"total_amount\":\"1888.00\",\"loyalty_discount_applied\":0,\"created_at\":\"2026-05-11T11:58:31.000000Z\",\"updated_at\":\"2026-05-11T12:03:02.000000Z\",\"deleted_at\":null}', '{\"employee_id\":null,\"updated_at\":\"2026-05-11 12:06:19\"}', '127.0.0.1', 'Mozilla/5.0 (Windows NT 10.0; Win64; x64) AppleWebKit/537.36 (KHTML, like Gecko) Chrome/148.0.0.0 Safari/537.36', '2026-05-11 04:06:19', '2026-05-11 04:06:19'),
(241, 1, 'login', NULL, NULL, NULL, NULL, '127.0.0.1', 'Mozilla/5.0 (Windows NT 10.0; Win64; x64) AppleWebKit/537.36 (KHTML, like Gecko) Chrome/148.0.0.0 Safari/537.36', '2026-05-12 17:40:08', '2026-05-12 17:40:08'),
(242, 1, 'logout', NULL, NULL, NULL, NULL, '127.0.0.1', 'Mozilla/5.0 (Windows NT 10.0; Win64; x64) AppleWebKit/537.36 (KHTML, like Gecko) Chrome/148.0.0.0 Safari/537.36', '2026-05-12 21:06:30', '2026-05-12 21:06:30'),
(243, 5, 'login', NULL, NULL, NULL, NULL, '127.0.0.1', 'Mozilla/5.0 (Windows NT 10.0; Win64; x64) AppleWebKit/537.36 (KHTML, like Gecko) Chrome/148.0.0.0 Safari/537.36', '2026-05-12 21:06:48', '2026-05-12 21:06:48'),
(244, 5, 'logout', NULL, NULL, NULL, NULL, '127.0.0.1', 'Mozilla/5.0 (Windows NT 10.0; Win64; x64) AppleWebKit/537.36 (KHTML, like Gecko) Chrome/148.0.0.0 Safari/537.36', '2026-05-12 21:11:05', '2026-05-12 21:11:05'),
(245, 1, 'login', NULL, NULL, NULL, NULL, '127.0.0.1', 'Mozilla/5.0 (Windows NT 10.0; Win64; x64) AppleWebKit/537.36 (KHTML, like Gecko) Chrome/148.0.0.0 Safari/537.36', '2026-05-12 21:11:41', '2026-05-12 21:11:41'),
(246, 1, 'logout', NULL, NULL, NULL, NULL, '127.0.0.1', 'Mozilla/5.0 (Windows NT 10.0; Win64; x64) AppleWebKit/537.36 (KHTML, like Gecko) Chrome/148.0.0.0 Safari/537.36', '2026-05-12 21:39:15', '2026-05-12 21:39:15'),
(247, 5, 'login', NULL, NULL, NULL, NULL, '127.0.0.1', 'Mozilla/5.0 (Windows NT 10.0; Win64; x64) AppleWebKit/537.36 (KHTML, like Gecko) Chrome/148.0.0.0 Safari/537.36', '2026-05-12 21:39:39', '2026-05-12 21:39:39'),
(248, 5, 'updated', 'App\\Models\\Customer', 9, '{\"id\":9,\"user_id\":19,\"first_name\":\"Spencer\",\"last_name\":\"Agnew\",\"birthdate\":null,\"mobile_num\":\"09782141241\",\"gender\":null,\"loyalty_discount_available\":0,\"image\":null,\"created_at\":\"2026-05-11T11:58:31.000000Z\",\"updated_at\":\"2026-05-11T11:58:31.000000Z\"}', '{\"image\":\"customers\\/A8IzscYUoNd6AlxVlKDhhz4yJBgJMvqzhAyFlV7G.jpg\",\"updated_at\":\"2026-05-13 05:49:07\"}', '127.0.0.1', 'Mozilla/5.0 (Windows NT 10.0; Win64; x64) AppleWebKit/537.36 (KHTML, like Gecko) Chrome/148.0.0.0 Safari/537.36', '2026-05-12 21:49:07', '2026-05-12 21:49:07'),
(249, 5, 'logout', NULL, NULL, NULL, NULL, '127.0.0.1', 'Mozilla/5.0 (Windows NT 10.0; Win64; x64) AppleWebKit/537.36 (KHTML, like Gecko) Chrome/148.0.0.0 Safari/537.36', '2026-05-12 21:49:16', '2026-05-12 21:49:16'),
(250, 1, 'login', NULL, NULL, NULL, NULL, '127.0.0.1', 'Mozilla/5.0 (Windows NT 10.0; Win64; x64) AppleWebKit/537.36 (KHTML, like Gecko) Chrome/148.0.0.0 Safari/537.36', '2026-05-12 21:49:36', '2026-05-12 21:49:36'),
(251, 1, 'created', 'App\\Models\\User', 20, NULL, '{\"name\":\"Elphaba Bading\",\"email\":\"ebading@gmail.com\",\"password\":\"$2y$12$QYIc38BBc69GvWQ2\\/L.cdOQLf7.Elyx8PYtOK4MVFr4L090phcVMe\",\"role\":\"customer\",\"status\":\"active\",\"updated_at\":\"2026-05-13 05:57:52\",\"created_at\":\"2026-05-13 05:57:52\",\"id\":20}', '127.0.0.1', 'Mozilla/5.0 (Windows NT 10.0; Win64; x64) AppleWebKit/537.36 (KHTML, like Gecko) Chrome/148.0.0.0 Safari/537.36', '2026-05-12 21:57:52', '2026-05-12 21:57:52'),
(252, 1, 'created', 'App\\Models\\Customer', 10, NULL, '{\"user_id\":20,\"first_name\":\"Elphaba\",\"last_name\":\"Bading\",\"mobile_num\":\"09827146892\",\"birthdate\":\"1985-04-13 00:00:00\",\"gender\":\"female\",\"image\":\"customers\\/bwjqFBjixoaS3Kd7LFUv8LRmJ0ttj7H1ZScO9zfZ.jpg\",\"updated_at\":\"2026-05-13 05:57:52\",\"created_at\":\"2026-05-13 05:57:52\",\"id\":10}', '127.0.0.1', 'Mozilla/5.0 (Windows NT 10.0; Win64; x64) AppleWebKit/537.36 (KHTML, like Gecko) Chrome/148.0.0.0 Safari/537.36', '2026-05-12 21:57:52', '2026-05-12 21:57:52'),
(253, 1, 'login', NULL, NULL, NULL, NULL, '127.0.0.1', 'Mozilla/5.0 (Windows NT 10.0; Win64; x64) AppleWebKit/537.36 (KHTML, like Gecko) Chrome/148.0.0.0 Safari/537.36', '2026-05-13 14:27:47', '2026-05-13 14:27:47'),
(254, 1, 'logout', NULL, NULL, NULL, NULL, '127.0.0.1', 'Mozilla/5.0 (Windows NT 10.0; Win64; x64) AppleWebKit/537.36 (KHTML, like Gecko) Chrome/148.0.0.0 Safari/537.36', '2026-05-13 14:27:52', '2026-05-13 14:27:52'),
(255, 1, 'login', NULL, NULL, NULL, NULL, '127.0.0.1', 'Mozilla/5.0 (Windows NT 10.0; Win64; x64) AppleWebKit/537.36 (KHTML, like Gecko) Chrome/148.0.0.0 Safari/537.36', '2026-05-13 17:23:04', '2026-05-13 17:23:04'),
(256, 1, 'created', 'App\\Models\\User', 21, NULL, '{\"name\":\"Dakota Fanning\",\"email\":\"dfanning@gmail.com\",\"password\":\"$2y$12$NRPpsJQSFJ6rSB2wd1jg5u9SovmNB0rPv9Rc5nLXKeebqvrmyhKLy\",\"role\":\"customer\",\"status\":\"active\",\"updated_at\":\"2026-05-14 02:07:16\",\"created_at\":\"2026-05-14 02:07:16\",\"id\":21}', '127.0.0.1', 'Mozilla/5.0 (Windows NT 10.0; Win64; x64) AppleWebKit/537.36 (KHTML, like Gecko) Chrome/148.0.0.0 Safari/537.36', '2026-05-13 18:07:16', '2026-05-13 18:07:16'),
(257, 1, 'created', 'App\\Models\\Customer', 11, NULL, '{\"user_id\":21,\"first_name\":\"Dakota\",\"last_name\":\"Fanning\",\"mobile_num\":\"09892498729\",\"birthdate\":\"1999-06-09 00:00:00\",\"gender\":\"female\",\"image\":\"customers\\/ac3oGAsWjCBbPrMAVKznIeoIEoSQdOdBPkv2TqMz.png\",\"updated_at\":\"2026-05-14 02:07:17\",\"created_at\":\"2026-05-14 02:07:17\",\"id\":11}', '127.0.0.1', 'Mozilla/5.0 (Windows NT 10.0; Win64; x64) AppleWebKit/537.36 (KHTML, like Gecko) Chrome/148.0.0.0 Safari/537.36', '2026-05-13 18:07:17', '2026-05-13 18:07:17'),
(258, 1, 'updated', 'App\\Models\\User', 21, '{\"id\":21,\"name\":\"Dakota Fanning\",\"email\":\"dfanning@gmail.com\",\"role\":\"customer\",\"status\":\"active\",\"email_verified_at\":null,\"password\":\"$2y$12$NRPpsJQSFJ6rSB2wd1jg5u9SovmNB0rPv9Rc5nLXKeebqvrmyhKLy\",\"remember_token\":null,\"created_at\":\"2026-05-14T02:07:16.000000Z\",\"updated_at\":\"2026-05-14T02:07:16.000000Z\",\"invitation_token\":null,\"invitation_sent_at\":null,\"invitation_accepted_at\":null,\"invitation_expires_at\":null}', '{\"status\":\"inactive\",\"updated_at\":\"2026-05-14 02:07:29\"}', '127.0.0.1', 'Mozilla/5.0 (Windows NT 10.0; Win64; x64) AppleWebKit/537.36 (KHTML, like Gecko) Chrome/148.0.0.0 Safari/537.36', '2026-05-13 18:07:29', '2026-05-13 18:07:29'),
(259, 1, 'updated', 'App\\Models\\User', 21, '{\"id\":21,\"name\":\"Dakota Fanning\",\"email\":\"dfanning@gmail.com\",\"role\":\"customer\",\"status\":\"inactive\",\"email_verified_at\":null,\"password\":\"$2y$12$NRPpsJQSFJ6rSB2wd1jg5u9SovmNB0rPv9Rc5nLXKeebqvrmyhKLy\",\"remember_token\":null,\"created_at\":\"2026-05-14T02:07:16.000000Z\",\"updated_at\":\"2026-05-14T02:07:29.000000Z\",\"invitation_token\":null,\"invitation_sent_at\":null,\"invitation_accepted_at\":null,\"invitation_expires_at\":null}', '{\"status\":\"active\",\"updated_at\":\"2026-05-14 02:08:00\"}', '127.0.0.1', 'Mozilla/5.0 (Windows NT 10.0; Win64; x64) AppleWebKit/537.36 (KHTML, like Gecko) Chrome/148.0.0.0 Safari/537.36', '2026-05-13 18:08:00', '2026-05-13 18:08:00'),
(260, 1, 'updated', 'App\\Models\\User', 16, '{\"id\":16,\"name\":\"Rena Cahilig\",\"email\":\"rcahilig@gmail.com\",\"role\":\"frontdesk\",\"status\":\"invited\",\"email_verified_at\":null,\"password\":\"$2y$12$Ws00OqDQJaIi1BAFndXUWuakpgoROi4ob1ZrnL68Tfemqu4Kf7LnS\",\"remember_token\":null,\"created_at\":\"2026-05-10T02:08:45.000000Z\",\"updated_at\":\"2026-05-10T02:13:20.000000Z\",\"invitation_token\":\"O0JkdLPWuiYbddc4F3rhQPEXelDDtnMxdxCbjTkg3dMVnMkePYmToniCFOHDZQbl\",\"invitation_sent_at\":\"2026-05-10T02:13:20.000000Z\",\"invitation_accepted_at\":null,\"invitation_expires_at\":\"2026-05-17T02:13:20.000000Z\"}', '{\"updated_at\":\"2026-05-14 02:08:42\",\"invitation_token\":\"hthYAkhuSf0mTXbFk7GAeqvi5Z2nbozSeW6fJNCRrw10kHurZakruaGU8nBtuQ17\",\"invitation_sent_at\":\"2026-05-14 02:08:42\",\"invitation_expires_at\":\"2026-05-21 02:08:42\"}', '127.0.0.1', 'Mozilla/5.0 (Windows NT 10.0; Win64; x64) AppleWebKit/537.36 (KHTML, like Gecko) Chrome/148.0.0.0 Safari/537.36', '2026-05-13 18:08:42', '2026-05-13 18:08:42'),
(261, 1, 'logout', NULL, NULL, NULL, NULL, '127.0.0.1', 'Mozilla/5.0 (Windows NT 10.0; Win64; x64) AppleWebKit/537.36 (KHTML, like Gecko) Chrome/148.0.0.0 Safari/537.36', '2026-05-13 18:28:49', '2026-05-13 18:28:49'),
(262, 6, 'login', NULL, NULL, NULL, NULL, '127.0.0.1', 'Mozilla/5.0 (Windows NT 10.0; Win64; x64) AppleWebKit/537.36 (KHTML, like Gecko) Chrome/148.0.0.0 Safari/537.36', '2026-05-13 18:29:03', '2026-05-13 18:29:03'),
(263, 6, 'logout', NULL, NULL, NULL, NULL, '127.0.0.1', 'Mozilla/5.0 (Windows NT 10.0; Win64; x64) AppleWebKit/537.36 (KHTML, like Gecko) Chrome/148.0.0.0 Safari/537.36', '2026-05-13 18:30:26', '2026-05-13 18:30:26'),
(264, 1, 'login', NULL, NULL, NULL, NULL, '127.0.0.1', 'Mozilla/5.0 (Windows NT 10.0; Win64; x64) AppleWebKit/537.36 (KHTML, like Gecko) Chrome/148.0.0.0 Safari/537.36', '2026-05-13 18:34:52', '2026-05-13 18:34:52'),
(265, 1, 'created', 'App\\Models\\Appointment', 14, NULL, '{\"customer_id\":2,\"employee_id\":null,\"discount_id\":null,\"appointment_date\":\"2026-04-30 00:00:00\",\"appointment_time\":\"11:35\",\"status\":\"pending\",\"payment_method\":\"cash\",\"payment_status\":\"pending\",\"total_amount\":\"999.00\",\"updated_at\":\"2026-05-14 02:36:56\",\"created_at\":\"2026-05-14 02:36:56\",\"id\":14}', '127.0.0.1', 'Mozilla/5.0 (Windows NT 10.0; Win64; x64) AppleWebKit/537.36 (KHTML, like Gecko) Chrome/148.0.0.0 Safari/537.36', '2026-05-13 18:36:56', '2026-05-13 18:36:56'),
(266, 1, 'created', 'App\\Models\\User', 22, NULL, '{\"name\":\"Jane Doe\",\"email\":\"jane@gmail.com\",\"password\":\"$2y$12$MjaQnj7wdbifY6lFiXdqJe9GylYx9QxgkzOJtBjmS.GtXBVUib49e\",\"role\":\"customer\",\"status\":\"active\",\"updated_at\":\"2026-05-14 02:44:51\",\"created_at\":\"2026-05-14 02:44:51\",\"id\":22}', '127.0.0.1', 'Mozilla/5.0 (Windows NT 10.0; Win64; x64) AppleWebKit/537.36 (KHTML, like Gecko) Chrome/148.0.0.0 Safari/537.36', '2026-05-13 18:44:51', '2026-05-13 18:44:51'),
(267, 1, 'created', 'App\\Models\\Customer', 12, NULL, '{\"user_id\":22,\"first_name\":\"Jane\",\"last_name\":\"Doe\",\"mobile_num\":\"09718246126\",\"updated_at\":\"2026-05-14 02:44:51\",\"created_at\":\"2026-05-14 02:44:51\",\"id\":12}', '127.0.0.1', 'Mozilla/5.0 (Windows NT 10.0; Win64; x64) AppleWebKit/537.36 (KHTML, like Gecko) Chrome/148.0.0.0 Safari/537.36', '2026-05-13 18:44:51', '2026-05-13 18:44:51'),
(268, 1, 'created', 'App\\Models\\Appointment', 15, NULL, '{\"customer_id\":12,\"employee_id\":null,\"discount_id\":\"1\",\"appointment_date\":\"2026-05-14 00:00:00\",\"appointment_time\":\"11:37\",\"status\":\"pending\",\"payment_method\":\"cash\",\"payment_status\":\"pending\",\"total_amount\":1699.2,\"updated_at\":\"2026-05-14 02:44:51\",\"created_at\":\"2026-05-14 02:44:51\",\"id\":15}', '127.0.0.1', 'Mozilla/5.0 (Windows NT 10.0; Win64; x64) AppleWebKit/537.36 (KHTML, like Gecko) Chrome/148.0.0.0 Safari/537.36', '2026-05-13 18:44:51', '2026-05-13 18:44:51'),
(269, 1, 'created', 'App\\Models\\Appointment', 16, NULL, '{\"customer_id\":2,\"employee_id\":\"1\",\"discount_id\":null,\"appointment_date\":\"2026-05-16 00:00:00\",\"appointment_time\":\"10:45\",\"status\":\"confirmed\",\"payment_method\":\"gcash\",\"payment_status\":\"for_validation\",\"total_amount\":\"1200.00\",\"updated_at\":\"2026-05-14 02:47:05\",\"created_at\":\"2026-05-14 02:47:05\",\"id\":16}', '127.0.0.1', 'Mozilla/5.0 (Windows NT 10.0; Win64; x64) AppleWebKit/537.36 (KHTML, like Gecko) Chrome/148.0.0.0 Safari/537.36', '2026-05-13 18:47:05', '2026-05-13 18:47:05'),
(270, 1, 'created', 'App\\Models\\Payment', 5, NULL, '{\"appointment_id\":16,\"amount\":\"1200.00\",\"payment_method\":\"gcash\",\"reference_number\":\"aflansf920\",\"status\":\"pending\",\"updated_at\":\"2026-05-14 02:47:05\",\"created_at\":\"2026-05-14 02:47:05\",\"id\":5}', '127.0.0.1', 'Mozilla/5.0 (Windows NT 10.0; Win64; x64) AppleWebKit/537.36 (KHTML, like Gecko) Chrome/148.0.0.0 Safari/537.36', '2026-05-13 18:47:05', '2026-05-13 18:47:05'),
(271, 1, 'deleted', 'App\\Models\\Appointment', 16, '{\"id\":16,\"customer_id\":2,\"employee_id\":1,\"discount_id\":null,\"appointment_date\":\"2026-05-16T00:00:00.000000Z\",\"appointment_time\":\"2026-05-14T10:45:00.000000Z\",\"status\":\"confirmed\",\"payment_method\":\"gcash\",\"payment_status\":\"for_validation\",\"total_amount\":\"1200.00\",\"loyalty_discount_applied\":0,\"created_at\":\"2026-05-14T02:47:05.000000Z\",\"updated_at\":\"2026-05-14T02:49:09.000000Z\",\"deleted_at\":\"2026-05-14T02:49:09.000000Z\"}', NULL, '127.0.0.1', 'Mozilla/5.0 (Windows NT 10.0; Win64; x64) AppleWebKit/537.36 (KHTML, like Gecko) Chrome/148.0.0.0 Safari/537.36', '2026-05-13 18:49:09', '2026-05-13 18:49:09'),
(272, 1, 'updated', 'App\\Models\\Appointment', 16, '{\"id\":16,\"customer_id\":2,\"employee_id\":1,\"discount_id\":null,\"appointment_date\":\"2026-05-16T00:00:00.000000Z\",\"appointment_time\":\"2026-05-14T10:45:00.000000Z\",\"status\":\"confirmed\",\"payment_method\":\"gcash\",\"payment_status\":\"for_validation\",\"total_amount\":\"1200.00\",\"loyalty_discount_applied\":0,\"created_at\":\"2026-05-14T02:47:05.000000Z\",\"updated_at\":\"2026-05-14T02:49:09.000000Z\",\"deleted_at\":\"2026-05-14T02:49:09.000000Z\"}', '{\"updated_at\":\"2026-05-14 02:49:43\",\"deleted_at\":null}', '127.0.0.1', 'Mozilla/5.0 (Windows NT 10.0; Win64; x64) AppleWebKit/537.36 (KHTML, like Gecko) Chrome/148.0.0.0 Safari/537.36', '2026-05-13 18:49:43', '2026-05-13 18:49:43'),
(273, 1, 'updated', 'App\\Models\\Appointment', 15, '{\"id\":15,\"customer_id\":12,\"employee_id\":null,\"discount_id\":1,\"appointment_date\":\"2026-05-14T00:00:00.000000Z\",\"appointment_time\":\"2026-05-14T11:37:00.000000Z\",\"status\":\"pending\",\"payment_method\":\"cash\",\"payment_status\":\"pending\",\"total_amount\":\"1699.20\",\"loyalty_discount_applied\":0,\"created_at\":\"2026-05-14T02:44:51.000000Z\",\"updated_at\":\"2026-05-14T02:44:51.000000Z\",\"deleted_at\":null}', '{\"employee_id\":\"5\",\"status\":\"confirmed\",\"updated_at\":\"2026-05-14 02:50:24\"}', '127.0.0.1', 'Mozilla/5.0 (Windows NT 10.0; Win64; x64) AppleWebKit/537.36 (KHTML, like Gecko) Chrome/148.0.0.0 Safari/537.36', '2026-05-13 18:50:24', '2026-05-13 18:50:24'),
(274, 1, 'updated', 'App\\Models\\Appointment', 15, '{\"id\":15,\"customer_id\":12,\"employee_id\":5,\"discount_id\":1,\"appointment_date\":\"2026-05-14T00:00:00.000000Z\",\"appointment_time\":\"2026-05-14T11:37:00.000000Z\",\"status\":\"confirmed\",\"payment_method\":\"cash\",\"payment_status\":\"pending\",\"total_amount\":\"1699.20\",\"loyalty_discount_applied\":0,\"created_at\":\"2026-05-14T02:44:51.000000Z\",\"updated_at\":\"2026-05-14T02:50:24.000000Z\",\"deleted_at\":null}', '{\"payment_status\":\"paid\",\"updated_at\":\"2026-05-14 02:51:03\"}', '127.0.0.1', 'Mozilla/5.0 (Windows NT 10.0; Win64; x64) AppleWebKit/537.36 (KHTML, like Gecko) Chrome/148.0.0.0 Safari/537.36', '2026-05-13 18:51:03', '2026-05-13 18:51:03'),
(275, 1, 'updated', 'App\\Models\\Appointment', 15, '{\"id\":15,\"customer_id\":12,\"employee_id\":5,\"discount_id\":1,\"appointment_date\":\"2026-05-14T00:00:00.000000Z\",\"appointment_time\":\"2026-05-14T11:37:00.000000Z\",\"status\":\"confirmed\",\"payment_method\":\"cash\",\"payment_status\":\"paid\",\"total_amount\":\"1699.20\",\"loyalty_discount_applied\":0,\"created_at\":\"2026-05-14T02:44:51.000000Z\",\"updated_at\":\"2026-05-14T02:51:03.000000Z\",\"deleted_at\":null}', '{\"status\":\"completed\",\"updated_at\":\"2026-05-14 02:51:31\"}', '127.0.0.1', 'Mozilla/5.0 (Windows NT 10.0; Win64; x64) AppleWebKit/537.36 (KHTML, like Gecko) Chrome/148.0.0.0 Safari/537.36', '2026-05-13 18:51:31', '2026-05-13 18:51:31'),
(276, 1, 'updated', 'App\\Models\\Appointment', 14, '{\"id\":14,\"customer_id\":2,\"employee_id\":null,\"discount_id\":null,\"appointment_date\":\"2026-04-30T00:00:00.000000Z\",\"appointment_time\":\"2026-05-14T11:35:00.000000Z\",\"status\":\"pending\",\"payment_method\":\"cash\",\"payment_status\":\"pending\",\"total_amount\":\"999.00\",\"loyalty_discount_applied\":0,\"created_at\":\"2026-05-14T02:36:56.000000Z\",\"updated_at\":\"2026-05-14T02:36:56.000000Z\",\"deleted_at\":null}', '{\"status\":\"cancelled\",\"updated_at\":\"2026-05-14 02:51:58\"}', '127.0.0.1', 'Mozilla/5.0 (Windows NT 10.0; Win64; x64) AppleWebKit/537.36 (KHTML, like Gecko) Chrome/148.0.0.0 Safari/537.36', '2026-05-13 18:51:58', '2026-05-13 18:51:58'),
(277, 1, 'created', 'App\\Models\\User', 23, NULL, '{\"name\":\"Elle Fanning\",\"email\":\"ellefanning@gmail.com\",\"password\":\"$2y$12$Izzk78nN11FjGROR.AVKY.JOA\\/dHa5o3TQ7Qc.PJhI9ae3w1ncUyO\",\"role\":\"customer\",\"status\":\"active\",\"updated_at\":\"2026-05-14 02:56:19\",\"created_at\":\"2026-05-14 02:56:19\",\"id\":23}', '127.0.0.1', 'Mozilla/5.0 (Windows NT 10.0; Win64; x64) AppleWebKit/537.36 (KHTML, like Gecko) Chrome/148.0.0.0 Safari/537.36', '2026-05-13 18:56:19', '2026-05-13 18:56:19'),
(278, 1, 'created', 'App\\Models\\Customer', 13, NULL, '{\"user_id\":23,\"first_name\":\"Elle\",\"last_name\":\"Fanning\",\"mobile_num\":\"09458162143\",\"birthdate\":\"1994-02-17 00:00:00\",\"gender\":\"female\",\"image\":\"customers\\/QO25LQhXVmBaIvl1H1OkUpWJ4P3Hos3BpRkhErOd.png\",\"updated_at\":\"2026-05-14 02:56:19\",\"created_at\":\"2026-05-14 02:56:19\",\"id\":13}', '127.0.0.1', 'Mozilla/5.0 (Windows NT 10.0; Win64; x64) AppleWebKit/537.36 (KHTML, like Gecko) Chrome/148.0.0.0 Safari/537.36', '2026-05-13 18:56:19', '2026-05-13 18:56:19'),
(279, 1, 'updated', 'App\\Models\\User', 23, '{\"id\":23,\"name\":\"Elle Fanning\",\"email\":\"ellefanning@gmail.com\",\"role\":\"customer\",\"status\":\"active\",\"email_verified_at\":null,\"password\":\"$2y$12$Izzk78nN11FjGROR.AVKY.JOA\\/dHa5o3TQ7Qc.PJhI9ae3w1ncUyO\",\"remember_token\":null,\"created_at\":\"2026-05-14T02:56:19.000000Z\",\"updated_at\":\"2026-05-14T02:56:19.000000Z\",\"invitation_token\":null,\"invitation_sent_at\":null,\"invitation_accepted_at\":null,\"invitation_expires_at\":null}', '{\"status\":\"inactive\",\"updated_at\":\"2026-05-14 02:59:05\"}', '127.0.0.1', 'Mozilla/5.0 (Windows NT 10.0; Win64; x64) AppleWebKit/537.36 (KHTML, like Gecko) Chrome/148.0.0.0 Safari/537.36', '2026-05-13 18:59:05', '2026-05-13 18:59:05'),
(280, 1, 'created', 'App\\Models\\User', 24, NULL, '{\"name\":\"Rene Cahilig\",\"email\":\"renecahilig@gmail.com\",\"password\":\"$2y$12$.ZIUvyzUsrDVcbnBr57UDeSAHNbyJonU02PzqGvHA1K2i\\/sfyy2gy\",\"role\":\"tech\",\"status\":\"invited\",\"updated_at\":\"2026-05-14 03:04:29\",\"created_at\":\"2026-05-14 03:04:29\",\"id\":24}', '127.0.0.1', 'Mozilla/5.0 (Windows NT 10.0; Win64; x64) AppleWebKit/537.36 (KHTML, like Gecko) Chrome/148.0.0.0 Safari/537.36', '2026-05-13 19:04:29', '2026-05-13 19:04:29'),
(281, 1, 'created', 'App\\Models\\Employee', 10, NULL, '{\"user_id\":24,\"personal_email\":\"rene.b.cahilig@gmail.com\",\"job_role_id\":\"2\",\"first_name\":\"Rene\",\"last_name\":\"Cahilig\",\"mobile_num\":\"09495655839\",\"birthdate\":\"2005-07-28 00:00:00\",\"gender\":\"male\",\"hire_date\":\"2026-05-14 00:00:00\",\"updated_at\":\"2026-05-14 03:04:29\",\"created_at\":\"2026-05-14 03:04:29\",\"id\":10}', '127.0.0.1', 'Mozilla/5.0 (Windows NT 10.0; Win64; x64) AppleWebKit/537.36 (KHTML, like Gecko) Chrome/148.0.0.0 Safari/537.36', '2026-05-13 19:04:29', '2026-05-13 19:04:29'),
(282, 1, 'updated', 'App\\Models\\User', 24, '{\"name\":\"Rene Cahilig\",\"email\":\"renecahilig@gmail.com\",\"password\":\"$2y$12$.ZIUvyzUsrDVcbnBr57UDeSAHNbyJonU02PzqGvHA1K2i\\/sfyy2gy\",\"role\":\"tech\",\"status\":\"invited\",\"updated_at\":\"2026-05-14T03:04:29.000000Z\",\"created_at\":\"2026-05-14T03:04:29.000000Z\",\"id\":24}', '{\"invitation_token\":\"yWgYbxiBrAdVkrWc4oPTztnK7ecUa2jSuCorLrSwteOXvp9jyUAzT9RJFdCzEiCm\",\"invitation_sent_at\":\"2026-05-14 03:04:29\",\"invitation_expires_at\":\"2026-05-21 03:04:29\"}', '127.0.0.1', 'Mozilla/5.0 (Windows NT 10.0; Win64; x64) AppleWebKit/537.36 (KHTML, like Gecko) Chrome/148.0.0.0 Safari/537.36', '2026-05-13 19:04:29', '2026-05-13 19:04:29'),
(283, NULL, 'updated', 'App\\Models\\User', 24, '{\"id\":24,\"name\":\"Rene Cahilig\",\"email\":\"renecahilig@gmail.com\",\"role\":\"tech\",\"status\":\"invited\",\"email_verified_at\":null,\"password\":\"$2y$12$.ZIUvyzUsrDVcbnBr57UDeSAHNbyJonU02PzqGvHA1K2i\\/sfyy2gy\",\"remember_token\":null,\"created_at\":\"2026-05-14T03:04:29.000000Z\",\"updated_at\":\"2026-05-14T03:04:29.000000Z\",\"invitation_token\":\"yWgYbxiBrAdVkrWc4oPTztnK7ecUa2jSuCorLrSwteOXvp9jyUAzT9RJFdCzEiCm\",\"invitation_sent_at\":\"2026-05-14T03:04:29.000000Z\",\"invitation_accepted_at\":null,\"invitation_expires_at\":\"2026-05-21T03:04:29.000000Z\"}', '{\"status\":\"active\",\"password\":\"$2y$12$tDOIDKBI6jILqA9aiUKu.eFdzF.WjHhDoCAvS1P.ekNNcyUKe\\/SiC\",\"updated_at\":\"2026-05-14 03:05:31\",\"invitation_token\":null,\"invitation_accepted_at\":\"2026-05-14 03:05:31\"}', '127.0.0.1', 'Mozilla/5.0 (Windows NT 10.0; Win64; x64) AppleWebKit/537.36 (KHTML, like Gecko) Chrome/148.0.0.0 Safari/537.36', '2026-05-13 19:05:31', '2026-05-13 19:05:31'),
(284, 24, 'login', NULL, NULL, NULL, NULL, '127.0.0.1', 'Mozilla/5.0 (Windows NT 10.0; Win64; x64) AppleWebKit/537.36 (KHTML, like Gecko) Chrome/148.0.0.0 Safari/537.36', '2026-05-13 19:05:31', '2026-05-13 19:05:31'),
(285, 1, 'updated', 'App\\Models\\User', 16, '{\"id\":16,\"name\":\"Rena Cahilig\",\"email\":\"rcahilig@gmail.com\",\"role\":\"frontdesk\",\"status\":\"invited\",\"email_verified_at\":null,\"password\":\"$2y$12$Ws00OqDQJaIi1BAFndXUWuakpgoROi4ob1ZrnL68Tfemqu4Kf7LnS\",\"remember_token\":null,\"created_at\":\"2026-05-10T02:08:45.000000Z\",\"updated_at\":\"2026-05-14T02:08:42.000000Z\",\"invitation_token\":\"hthYAkhuSf0mTXbFk7GAeqvi5Z2nbozSeW6fJNCRrw10kHurZakruaGU8nBtuQ17\",\"invitation_sent_at\":\"2026-05-14T02:08:42.000000Z\",\"invitation_accepted_at\":null,\"invitation_expires_at\":\"2026-05-21T02:08:42.000000Z\"}', '{\"updated_at\":\"2026-05-14 03:06:33\",\"invitation_token\":\"Ss5NG1ybqG1Dd9PnWkqcBj6JQCFGKrMixqih5e6KqqedKMkvKT2HBaIsHCt5rwVU\",\"invitation_sent_at\":\"2026-05-14 03:06:33\",\"invitation_expires_at\":\"2026-05-21 03:06:33\"}', '127.0.0.1', 'Mozilla/5.0 (Windows NT 10.0; Win64; x64) AppleWebKit/537.36 (KHTML, like Gecko) Chrome/148.0.0.0 Safari/537.36', '2026-05-13 19:06:33', '2026-05-13 19:06:33'),
(286, 1, 'updated', 'App\\Models\\User', 16, '{\"id\":16,\"name\":\"Rena Cahilig\",\"email\":\"rcahilig@gmail.com\",\"role\":\"frontdesk\",\"status\":\"invited\",\"email_verified_at\":null,\"password\":\"$2y$12$Ws00OqDQJaIi1BAFndXUWuakpgoROi4ob1ZrnL68Tfemqu4Kf7LnS\",\"remember_token\":null,\"created_at\":\"2026-05-10T02:08:45.000000Z\",\"updated_at\":\"2026-05-14T03:06:33.000000Z\",\"invitation_token\":\"Ss5NG1ybqG1Dd9PnWkqcBj6JQCFGKrMixqih5e6KqqedKMkvKT2HBaIsHCt5rwVU\",\"invitation_sent_at\":\"2026-05-14T03:06:33.000000Z\",\"invitation_accepted_at\":null,\"invitation_expires_at\":\"2026-05-21T03:06:33.000000Z\"}', '{\"status\":\"inactive\",\"updated_at\":\"2026-05-14 03:07:34\"}', '127.0.0.1', 'Mozilla/5.0 (Windows NT 10.0; Win64; x64) AppleWebKit/537.36 (KHTML, like Gecko) Chrome/148.0.0.0 Safari/537.36', '2026-05-13 19:07:34', '2026-05-13 19:07:34'),
(287, 1, 'updated', 'App\\Models\\User', 16, '{\"id\":16,\"name\":\"Rena Cahilig\",\"email\":\"rcahilig@gmail.com\",\"role\":\"frontdesk\",\"status\":\"inactive\",\"email_verified_at\":null,\"password\":\"$2y$12$Ws00OqDQJaIi1BAFndXUWuakpgoROi4ob1ZrnL68Tfemqu4Kf7LnS\",\"remember_token\":null,\"created_at\":\"2026-05-10T02:08:45.000000Z\",\"updated_at\":\"2026-05-14T03:07:34.000000Z\",\"invitation_token\":\"Ss5NG1ybqG1Dd9PnWkqcBj6JQCFGKrMixqih5e6KqqedKMkvKT2HBaIsHCt5rwVU\",\"invitation_sent_at\":\"2026-05-14T03:06:33.000000Z\",\"invitation_accepted_at\":null,\"invitation_expires_at\":\"2026-05-21T03:06:33.000000Z\"}', '{\"invitation_token\":null}', '127.0.0.1', 'Mozilla/5.0 (Windows NT 10.0; Win64; x64) AppleWebKit/537.36 (KHTML, like Gecko) Chrome/148.0.0.0 Safari/537.36', '2026-05-13 19:07:34', '2026-05-13 19:07:34');
INSERT INTO `audit_logs` (`id`, `user_id`, `action`, `model_type`, `model_id`, `old_values`, `new_values`, `ip`, `user_agent`, `created_at`, `updated_at`) VALUES
(288, 1, 'updated', 'App\\Models\\User', 24, '{\"id\":24,\"name\":\"Rene Cahilig\",\"email\":\"renecahilig@gmail.com\",\"role\":\"tech\",\"status\":\"active\",\"email_verified_at\":null,\"password\":\"$2y$12$tDOIDKBI6jILqA9aiUKu.eFdzF.WjHhDoCAvS1P.ekNNcyUKe\\/SiC\",\"remember_token\":null,\"created_at\":\"2026-05-14T03:04:29.000000Z\",\"updated_at\":\"2026-05-14T03:05:31.000000Z\",\"invitation_token\":null,\"invitation_sent_at\":\"2026-05-14T03:04:29.000000Z\",\"invitation_accepted_at\":\"2026-05-14T03:05:31.000000Z\",\"invitation_expires_at\":\"2026-05-21T03:04:29.000000Z\"}', '{\"status\":\"inactive\",\"updated_at\":\"2026-05-14 03:09:49\"}', '127.0.0.1', 'Mozilla/5.0 (Windows NT 10.0; Win64; x64) AppleWebKit/537.36 (KHTML, like Gecko) Chrome/148.0.0.0 Safari/537.36', '2026-05-13 19:09:49', '2026-05-13 19:09:49'),
(289, 1, 'created', 'App\\Models\\Service', 16, NULL, '{\"name\":\"Hair Color\",\"description\":\"jasuduayuh\",\"price\":\"700\",\"duration\":\"60\",\"category\":\"Treatment\",\"updated_at\":\"2026-05-14 03:12:17\",\"created_at\":\"2026-05-14 03:12:17\",\"id\":16}', '127.0.0.1', 'Mozilla/5.0 (Windows NT 10.0; Win64; x64) AppleWebKit/537.36 (KHTML, like Gecko) Chrome/148.0.0.0 Safari/537.36', '2026-05-13 19:12:17', '2026-05-13 19:12:17'),
(290, 1, 'updated', 'App\\Models\\Service', 1, '{\"id\":1,\"name\":\"Haircut\",\"description\":\"Classic haircut tailored to your style.\",\"price\":\"250.00\",\"duration\":30,\"category\":\"Haircut\",\"image\":\"services\\/F8NPskS13zF9TFNdwv9ld8PFdtnK0JkYMcfY8d3P.jpg\",\"created_at\":\"2026-03-14T10:57:47.000000Z\",\"updated_at\":\"2026-03-21T14:04:09.000000Z\",\"deleted_at\":null}', '{\"price\":\"300.00\",\"updated_at\":\"2026-05-14 03:12:51\"}', '127.0.0.1', 'Mozilla/5.0 (Windows NT 10.0; Win64; x64) AppleWebKit/537.36 (KHTML, like Gecko) Chrome/148.0.0.0 Safari/537.36', '2026-05-13 19:12:51', '2026-05-13 19:12:51'),
(291, 1, 'deleted', 'App\\Models\\Service', 1, '{\"id\":1,\"name\":\"Haircut\",\"description\":\"Classic haircut tailored to your style.\",\"price\":\"300.00\",\"duration\":30,\"category\":\"Haircut\",\"image\":\"services\\/F8NPskS13zF9TFNdwv9ld8PFdtnK0JkYMcfY8d3P.jpg\",\"created_at\":\"2026-03-14T10:57:47.000000Z\",\"updated_at\":\"2026-05-14T03:13:09.000000Z\",\"deleted_at\":\"2026-05-14T03:13:09.000000Z\"}', NULL, '127.0.0.1', 'Mozilla/5.0 (Windows NT 10.0; Win64; x64) AppleWebKit/537.36 (KHTML, like Gecko) Chrome/148.0.0.0 Safari/537.36', '2026-05-13 19:13:09', '2026-05-13 19:13:09'),
(292, 1, 'updated', 'App\\Models\\Service', 1, '{\"id\":1,\"name\":\"Haircut\",\"description\":\"Classic haircut tailored to your style.\",\"price\":\"300.00\",\"duration\":30,\"category\":\"Haircut\",\"image\":\"services\\/F8NPskS13zF9TFNdwv9ld8PFdtnK0JkYMcfY8d3P.jpg\",\"created_at\":\"2026-03-14T10:57:47.000000Z\",\"updated_at\":\"2026-05-14T03:13:09.000000Z\",\"deleted_at\":\"2026-05-14T03:13:09.000000Z\"}', '{\"updated_at\":\"2026-05-14 03:13:25\",\"deleted_at\":null}', '127.0.0.1', 'Mozilla/5.0 (Windows NT 10.0; Win64; x64) AppleWebKit/537.36 (KHTML, like Gecko) Chrome/148.0.0.0 Safari/537.36', '2026-05-13 19:13:25', '2026-05-13 19:13:25'),
(293, 1, 'created', 'App\\Models\\Appointment', 17, NULL, '{\"customer_id\":7,\"employee_id\":null,\"discount_id\":null,\"appointment_date\":\"2026-05-16 00:00:00\",\"appointment_time\":\"14:16\",\"status\":\"pending\",\"payment_method\":\"cash\",\"payment_status\":\"pending\",\"total_amount\":\"1200.00\",\"updated_at\":\"2026-05-14 03:16:31\",\"created_at\":\"2026-05-14 03:16:31\",\"id\":17}', '127.0.0.1', 'Mozilla/5.0 (Windows NT 10.0; Win64; x64) AppleWebKit/537.36 (KHTML, like Gecko) Chrome/148.0.0.0 Safari/537.36', '2026-05-13 19:16:31', '2026-05-13 19:16:31'),
(294, 24, 'logout', NULL, NULL, NULL, NULL, '127.0.0.1', 'Mozilla/5.0 (Windows NT 10.0; Win64; x64) AppleWebKit/537.36 (KHTML, like Gecko) Chrome/148.0.0.0 Safari/537.36', '2026-05-13 19:17:53', '2026-05-13 19:17:53'),
(295, 6, 'login', NULL, NULL, NULL, NULL, '127.0.0.1', 'Mozilla/5.0 (Windows NT 10.0; Win64; x64) AppleWebKit/537.36 (KHTML, like Gecko) Chrome/148.0.0.0 Safari/537.36', '2026-05-13 19:18:06', '2026-05-13 19:18:06'),
(296, 1, 'updated', 'App\\Models\\Appointment', 16, '{\"id\":16,\"customer_id\":2,\"employee_id\":1,\"discount_id\":null,\"appointment_date\":\"2026-05-16T00:00:00.000000Z\",\"appointment_time\":\"2026-05-14T10:45:00.000000Z\",\"status\":\"confirmed\",\"payment_method\":\"gcash\",\"payment_status\":\"for_validation\",\"total_amount\":\"1200.00\",\"loyalty_discount_applied\":0,\"created_at\":\"2026-05-14T02:47:05.000000Z\",\"updated_at\":\"2026-05-14T02:49:43.000000Z\",\"deleted_at\":null}', '{\"payment_status\":\"paid\",\"updated_at\":\"2026-05-14 03:18:48\"}', '127.0.0.1', 'Mozilla/5.0 (Windows NT 10.0; Win64; x64) AppleWebKit/537.36 (KHTML, like Gecko) Chrome/148.0.0.0 Safari/537.36', '2026-05-13 19:18:48', '2026-05-13 19:18:48'),
(297, 1, 'updated', 'App\\Models\\Payment', 5, '{\"id\":5,\"appointment_id\":16,\"amount\":\"1200.00\",\"payment_method\":\"gcash\",\"reference_number\":\"aflansf920\",\"validated_at\":null,\"status\":\"pending\",\"created_at\":\"2026-05-14T02:47:05.000000Z\",\"updated_at\":\"2026-05-14T02:47:05.000000Z\"}', '{\"validated_at\":\"2026-05-14 03:18:48\",\"status\":\"validated\",\"updated_at\":\"2026-05-14 03:18:48\"}', '127.0.0.1', 'Mozilla/5.0 (Windows NT 10.0; Win64; x64) AppleWebKit/537.36 (KHTML, like Gecko) Chrome/148.0.0.0 Safari/537.36', '2026-05-13 19:18:48', '2026-05-13 19:18:48'),
(298, 1, 'created', 'App\\Models\\Appointment', 18, NULL, '{\"customer_id\":10,\"employee_id\":null,\"discount_id\":null,\"appointment_date\":\"2026-05-16 00:00:00\",\"appointment_time\":\"14:33\",\"status\":\"pending\",\"payment_method\":\"gcash\",\"payment_status\":\"for_validation\",\"total_amount\":\"99.00\",\"updated_at\":\"2026-05-14 03:34:15\",\"created_at\":\"2026-05-14 03:34:15\",\"id\":18}', '127.0.0.1', 'Mozilla/5.0 (Windows NT 10.0; Win64; x64) AppleWebKit/537.36 (KHTML, like Gecko) Chrome/148.0.0.0 Safari/537.36', '2026-05-13 19:34:15', '2026-05-13 19:34:15'),
(299, 1, 'created', 'App\\Models\\Payment', 6, NULL, '{\"appointment_id\":18,\"amount\":\"99.00\",\"payment_method\":\"gcash\",\"reference_number\":\"23523\",\"status\":\"pending\",\"updated_at\":\"2026-05-14 03:34:15\",\"created_at\":\"2026-05-14 03:34:15\",\"id\":6}', '127.0.0.1', 'Mozilla/5.0 (Windows NT 10.0; Win64; x64) AppleWebKit/537.36 (KHTML, like Gecko) Chrome/148.0.0.0 Safari/537.36', '2026-05-13 19:34:15', '2026-05-13 19:34:15'),
(300, 5, 'login', NULL, NULL, NULL, NULL, '127.0.0.1', 'Mozilla/5.0 (Windows NT 10.0; Win64; x64) AppleWebKit/537.36 (KHTML, like Gecko) Chrome/148.0.0.0 Safari/537.36', '2026-05-13 20:11:59', '2026-05-13 20:11:59'),
(301, 5, 'logout', NULL, NULL, NULL, NULL, '127.0.0.1', 'Mozilla/5.0 (Windows NT 10.0; Win64; x64) AppleWebKit/537.36 (KHTML, like Gecko) Chrome/148.0.0.0 Safari/537.36', '2026-05-13 20:12:47', '2026-05-13 20:12:47'),
(302, 5, 'login', NULL, NULL, NULL, NULL, '127.0.0.1', 'Mozilla/5.0 (Windows NT 10.0; Win64; x64) AppleWebKit/537.36 (KHTML, like Gecko) Chrome/148.0.0.0 Safari/537.36', '2026-05-13 20:12:55', '2026-05-13 20:12:55'),
(303, 6, 'login', NULL, NULL, NULL, NULL, '127.0.0.1', 'Mozilla/5.0 (Windows NT 10.0; Win64; x64) AppleWebKit/537.36 (KHTML, like Gecko) Chrome/148.0.0.0 Safari/537.36', '2026-05-13 20:28:45', '2026-05-13 20:28:45'),
(304, 6, 'created', 'App\\Models\\Appointment', 19, NULL, '{\"customer_id\":3,\"employee_id\":null,\"discount_id\":null,\"appointment_date\":\"2026-05-23 00:00:00\",\"appointment_time\":\"13:27\",\"status\":\"pending\",\"payment_method\":\"cash\",\"payment_status\":\"pending\",\"total_amount\":\"1888.00\",\"updated_at\":\"2026-05-14 05:27:58\",\"created_at\":\"2026-05-14 05:27:58\",\"id\":19}', '127.0.0.1', 'Mozilla/5.0 (Windows NT 10.0; Win64; x64) AppleWebKit/537.36 (KHTML, like Gecko) Chrome/148.0.0.0 Safari/537.36', '2026-05-13 21:27:58', '2026-05-13 21:27:58'),
(305, 6, 'created', 'App\\Models\\Appointment', 20, NULL, '{\"customer_id\":3,\"employee_id\":null,\"discount_id\":null,\"appointment_date\":\"2026-05-14 00:00:00\",\"appointment_time\":\"16:32\",\"status\":\"pending\",\"payment_method\":\"gcash\",\"payment_status\":\"for_validation\",\"total_amount\":\"1888.00\",\"updated_at\":\"2026-05-14 05:32:35\",\"created_at\":\"2026-05-14 05:32:35\",\"id\":20}', '127.0.0.1', 'Mozilla/5.0 (Windows NT 10.0; Win64; x64) AppleWebKit/537.36 (KHTML, like Gecko) Chrome/148.0.0.0 Safari/537.36', '2026-05-13 21:32:35', '2026-05-13 21:32:35'),
(306, 6, 'created', 'App\\Models\\Payment', 7, NULL, '{\"amount\":\"1888.00\",\"payment_method\":\"gcash\",\"reference_number\":\"6193871274871\",\"status\":\"pending\",\"appointment_id\":20,\"updated_at\":\"2026-05-14 05:32:35\",\"created_at\":\"2026-05-14 05:32:35\",\"id\":7}', '127.0.0.1', 'Mozilla/5.0 (Windows NT 10.0; Win64; x64) AppleWebKit/537.36 (KHTML, like Gecko) Chrome/148.0.0.0 Safari/537.36', '2026-05-13 21:32:35', '2026-05-13 21:32:35'),
(307, 1, 'updated', 'App\\Models\\Payment', 6, '{\"id\":6,\"appointment_id\":18,\"amount\":\"99.00\",\"payment_method\":\"gcash\",\"reference_number\":\"23523\",\"validated_at\":null,\"status\":\"pending\",\"created_at\":\"2026-05-14T03:34:15.000000Z\",\"updated_at\":\"2026-05-14T03:34:15.000000Z\"}', '{\"reference_number\":\"2848104818419\",\"updated_at\":\"2026-05-14 06:17:15\"}', '127.0.0.1', 'Mozilla/5.0 (Windows NT 10.0; Win64; x64) AppleWebKit/537.36 (KHTML, like Gecko) Chrome/148.0.0.0 Safari/537.36', '2026-05-13 22:17:15', '2026-05-13 22:17:15'),
(308, 6, 'login', NULL, NULL, NULL, NULL, '127.0.0.1', 'Mozilla/5.0 (Windows NT 10.0; Win64; x64) AppleWebKit/537.36 (KHTML, like Gecko) Chrome/148.0.0.0 Safari/537.36', '2026-05-14 02:52:47', '2026-05-14 02:52:47'),
(309, 5, 'login', NULL, NULL, NULL, NULL, '127.0.0.1', 'Mozilla/5.0 (Windows NT 10.0; Win64; x64) AppleWebKit/537.36 (KHTML, like Gecko) Chrome/148.0.0.0 Safari/537.36', '2026-05-14 02:59:58', '2026-05-14 02:59:58'),
(310, 1, 'login', NULL, NULL, NULL, NULL, '127.0.0.1', 'Mozilla/5.0 (Windows NT 10.0; Win64; x64) AppleWebKit/537.36 (KHTML, like Gecko) Chrome/148.0.0.0 Safari/537.36', '2026-05-14 03:00:20', '2026-05-14 03:00:20'),
(311, 6, 'created', 'App\\Models\\Appointment', 21, NULL, '{\"customer_id\":3,\"employee_id\":null,\"discount_id\":null,\"appointment_date\":\"2026-05-23 00:00:00\",\"appointment_time\":\"09:30\",\"status\":\"pending\",\"payment_method\":\"cash\",\"payment_status\":\"pending\",\"total_amount\":\"199.00\",\"updated_at\":\"2026-05-14 11:14:47\",\"created_at\":\"2026-05-14 11:14:47\",\"id\":21}', '127.0.0.1', 'Mozilla/5.0 (Windows NT 10.0; Win64; x64) AppleWebKit/537.36 (KHTML, like Gecko) Chrome/148.0.0.0 Safari/537.36', '2026-05-14 03:14:47', '2026-05-14 03:14:47'),
(312, 5, 'updated', 'App\\Models\\Appointment', 19, '{\"id\":19,\"customer_id\":3,\"employee_id\":null,\"discount_id\":null,\"appointment_date\":\"2026-05-23T00:00:00.000000Z\",\"appointment_time\":\"2026-05-14T13:27:00.000000Z\",\"status\":\"pending\",\"payment_method\":\"cash\",\"payment_status\":\"pending\",\"total_amount\":\"1888.00\",\"loyalty_discount_applied\":0,\"created_at\":\"2026-05-14T05:27:58.000000Z\",\"updated_at\":\"2026-05-14T05:27:58.000000Z\",\"deleted_at\":null}', '{\"employee_id\":\"7\",\"status\":\"confirmed\",\"updated_at\":\"2026-05-14 12:03:06\"}', '127.0.0.1', 'Mozilla/5.0 (Windows NT 10.0; Win64; x64) AppleWebKit/537.36 (KHTML, like Gecko) Chrome/148.0.0.0 Safari/537.36', '2026-05-14 04:03:06', '2026-05-14 04:03:06'),
(313, 5, 'updated', 'App\\Models\\Appointment', 19, '{\"id\":19,\"customer_id\":3,\"employee_id\":7,\"discount_id\":null,\"appointment_date\":\"2026-05-23T00:00:00.000000Z\",\"appointment_time\":\"2026-05-14T13:27:00.000000Z\",\"status\":\"confirmed\",\"payment_method\":\"cash\",\"payment_status\":\"pending\",\"total_amount\":\"1888.00\",\"loyalty_discount_applied\":0,\"created_at\":\"2026-05-14T05:27:58.000000Z\",\"updated_at\":\"2026-05-14T12:03:06.000000Z\",\"deleted_at\":null}', '{\"payment_status\":\"paid\",\"updated_at\":\"2026-05-14 12:05:13\"}', '127.0.0.1', 'Mozilla/5.0 (Windows NT 10.0; Win64; x64) AppleWebKit/537.36 (KHTML, like Gecko) Chrome/148.0.0.0 Safari/537.36', '2026-05-14 04:05:13', '2026-05-14 04:05:13'),
(314, 3, 'login', NULL, NULL, NULL, NULL, '127.0.0.1', 'Mozilla/5.0 (Windows NT 10.0; Win64; x64) AppleWebKit/537.36 (KHTML, like Gecko) Chrome/148.0.0.0 Safari/537.36', '2026-05-14 04:43:40', '2026-05-14 04:43:40'),
(315, 5, 'updated', 'App\\Models\\Appointment', 21, '{\"id\":21,\"customer_id\":3,\"employee_id\":null,\"discount_id\":null,\"appointment_date\":\"2026-05-23T00:00:00.000000Z\",\"appointment_time\":\"2026-05-14T09:30:00.000000Z\",\"status\":\"pending\",\"payment_method\":\"cash\",\"payment_status\":\"pending\",\"total_amount\":\"199.00\",\"loyalty_discount_applied\":0,\"created_at\":\"2026-05-14T11:14:47.000000Z\",\"updated_at\":\"2026-05-14T11:14:47.000000Z\",\"deleted_at\":null}', '{\"employee_id\":\"6\",\"status\":\"confirmed\",\"updated_at\":\"2026-05-14 13:35:58\"}', '127.0.0.1', 'Mozilla/5.0 (Windows NT 10.0; Win64; x64) AppleWebKit/537.36 (KHTML, like Gecko) Chrome/148.0.0.0 Safari/537.36', '2026-05-14 05:35:58', '2026-05-14 05:35:58'),
(316, 1, 'updated', 'App\\Models\\Appointment', 20, '{\"id\":20,\"customer_id\":3,\"employee_id\":null,\"discount_id\":null,\"appointment_date\":\"2026-05-14T00:00:00.000000Z\",\"appointment_time\":\"2026-05-14T16:32:00.000000Z\",\"status\":\"pending\",\"payment_method\":\"gcash\",\"payment_status\":\"for_validation\",\"total_amount\":\"1888.00\",\"loyalty_discount_applied\":0,\"created_at\":\"2026-05-14T05:32:35.000000Z\",\"updated_at\":\"2026-05-14T05:32:35.000000Z\",\"deleted_at\":null}', '{\"employee_id\":\"5\",\"status\":\"confirmed\",\"updated_at\":\"2026-05-14 13:52:20\"}', '127.0.0.1', 'Mozilla/5.0 (Windows NT 10.0; Win64; x64) AppleWebKit/537.36 (KHTML, like Gecko) Chrome/148.0.0.0 Safari/537.36', '2026-05-14 05:52:20', '2026-05-14 05:52:20'),
(317, 1, 'updated', 'App\\Models\\Appointment', 20, '{\"id\":20,\"customer_id\":3,\"employee_id\":5,\"discount_id\":null,\"appointment_date\":\"2026-05-14T00:00:00.000000Z\",\"appointment_time\":\"2026-05-14T16:32:00.000000Z\",\"status\":\"confirmed\",\"payment_method\":\"gcash\",\"payment_status\":\"for_validation\",\"total_amount\":\"1888.00\",\"loyalty_discount_applied\":0,\"created_at\":\"2026-05-14T05:32:35.000000Z\",\"updated_at\":\"2026-05-14T13:52:20.000000Z\",\"deleted_at\":null}', '{\"payment_status\":\"paid\",\"updated_at\":\"2026-05-14 13:52:29\"}', '127.0.0.1', 'Mozilla/5.0 (Windows NT 10.0; Win64; x64) AppleWebKit/537.36 (KHTML, like Gecko) Chrome/148.0.0.0 Safari/537.36', '2026-05-14 05:52:29', '2026-05-14 05:52:29'),
(318, 1, 'updated', 'App\\Models\\Payment', 7, '{\"id\":7,\"appointment_id\":20,\"amount\":\"1888.00\",\"payment_method\":\"gcash\",\"reference_number\":\"6193871274871\",\"validated_at\":null,\"status\":\"pending\",\"created_at\":\"2026-05-14T05:32:35.000000Z\",\"updated_at\":\"2026-05-14T05:32:35.000000Z\"}', '{\"validated_at\":\"2026-05-14 13:52:29\",\"status\":\"validated\",\"updated_at\":\"2026-05-14 13:52:29\"}', '127.0.0.1', 'Mozilla/5.0 (Windows NT 10.0; Win64; x64) AppleWebKit/537.36 (KHTML, like Gecko) Chrome/148.0.0.0 Safari/537.36', '2026-05-14 05:52:29', '2026-05-14 05:52:29'),
(319, 1, 'updated', 'App\\Models\\Appointment', 20, '{\"id\":20,\"customer_id\":3,\"employee_id\":5,\"discount_id\":null,\"appointment_date\":\"2026-05-14T00:00:00.000000Z\",\"appointment_time\":\"2026-05-14T16:32:00.000000Z\",\"status\":\"confirmed\",\"payment_method\":\"gcash\",\"payment_status\":\"paid\",\"total_amount\":\"1888.00\",\"loyalty_discount_applied\":0,\"created_at\":\"2026-05-14T05:32:35.000000Z\",\"updated_at\":\"2026-05-14T13:52:29.000000Z\",\"deleted_at\":null}', '{\"status\":\"completed\",\"updated_at\":\"2026-05-14 13:52:35\"}', '127.0.0.1', 'Mozilla/5.0 (Windows NT 10.0; Win64; x64) AppleWebKit/537.36 (KHTML, like Gecko) Chrome/148.0.0.0 Safari/537.36', '2026-05-14 05:52:35', '2026-05-14 05:52:35'),
(320, 1, 'updated', 'App\\Models\\Appointment', 8, '{\"id\":8,\"customer_id\":3,\"employee_id\":1,\"discount_id\":1,\"appointment_date\":\"2026-04-24T00:00:00.000000Z\",\"appointment_time\":\"2026-05-14T13:00:00.000000Z\",\"status\":\"confirmed\",\"payment_method\":\"cash\",\"payment_status\":\"paid\",\"total_amount\":\"225.00\",\"loyalty_discount_applied\":0,\"created_at\":\"2026-03-31T02:39:42.000000Z\",\"updated_at\":\"2026-04-14T02:38:41.000000Z\",\"deleted_at\":null}', '{\"status\":\"completed\",\"updated_at\":\"2026-05-14 13:53:11\"}', '127.0.0.1', 'Mozilla/5.0 (Windows NT 10.0; Win64; x64) AppleWebKit/537.36 (KHTML, like Gecko) Chrome/148.0.0.0 Safari/537.36', '2026-05-14 05:53:11', '2026-05-14 05:53:11'),
(321, 1, 'updated', 'App\\Models\\Customer', 3, '{\"id\":3,\"user_id\":6,\"first_name\":\"John Llorie\",\"last_name\":\"Sarmiento\",\"birthdate\":\"2005-01-13T00:00:00.000000Z\",\"mobile_num\":\"09781378131\",\"gender\":\"male\",\"loyalty_discount_available\":0,\"image\":\"customers\\/sSk2mTYeU7VmS8oy1ViVTPiVMpomVHSVGkS0Ykxf.png\",\"created_at\":\"2026-03-21T01:12:25.000000Z\",\"updated_at\":\"2026-03-26T03:02:21.000000Z\"}', '{\"loyalty_discount_available\":true,\"updated_at\":\"2026-05-14 13:53:11\"}', '127.0.0.1', 'Mozilla/5.0 (Windows NT 10.0; Win64; x64) AppleWebKit/537.36 (KHTML, like Gecko) Chrome/148.0.0.0 Safari/537.36', '2026-05-14 05:53:11', '2026-05-14 05:53:11'),
(322, 1, 'updated', 'App\\Models\\Appointment', 7, '{\"id\":7,\"customer_id\":4,\"employee_id\":1,\"discount_id\":1,\"appointment_date\":\"2026-04-11T00:00:00.000000Z\",\"appointment_time\":\"2026-05-14T09:00:00.000000Z\",\"status\":\"confirmed\",\"payment_method\":\"gcash\",\"payment_status\":\"paid\",\"total_amount\":\"899.10\",\"loyalty_discount_applied\":0,\"created_at\":\"2026-03-29T06:47:50.000000Z\",\"updated_at\":\"2026-03-31T03:32:47.000000Z\",\"deleted_at\":null}', '{\"status\":\"completed\",\"updated_at\":\"2026-05-14 13:53:30\"}', '127.0.0.1', 'Mozilla/5.0 (Windows NT 10.0; Win64; x64) AppleWebKit/537.36 (KHTML, like Gecko) Chrome/148.0.0.0 Safari/537.36', '2026-05-14 05:53:30', '2026-05-14 05:53:30'),
(323, 1, 'updated', 'App\\Models\\Customer', 4, '{\"id\":4,\"user_id\":7,\"first_name\":\"Hazeljoy\",\"last_name\":\"Hingpit\",\"birthdate\":null,\"mobile_num\":\"09176347815\",\"gender\":null,\"loyalty_discount_available\":0,\"image\":null,\"created_at\":\"2026-03-21T06:56:44.000000Z\",\"updated_at\":\"2026-03-21T06:56:44.000000Z\"}', '{\"loyalty_discount_available\":true,\"updated_at\":\"2026-05-14 13:53:30\"}', '127.0.0.1', 'Mozilla/5.0 (Windows NT 10.0; Win64; x64) AppleWebKit/537.36 (KHTML, like Gecko) Chrome/148.0.0.0 Safari/537.36', '2026-05-14 05:53:30', '2026-05-14 05:53:30'),
(324, 6, 'updated', 'App\\Models\\User', 6, '{\"id\":6,\"name\":\"John Llorie Sarmiento\",\"email\":\"jlsarmiento@gmail.com\",\"role\":\"customer\",\"status\":\"active\",\"email_verified_at\":null,\"password\":\"$2y$12$4gokYu4SHx5XGIr73gFEyeBsucaDrIfVn3E0LAirWcgu8FnGAFzR6\",\"remember_token\":null,\"created_at\":\"2026-03-21T01:12:25.000000Z\",\"updated_at\":\"2026-03-30T13:35:26.000000Z\",\"invitation_token\":null,\"invitation_sent_at\":null,\"invitation_accepted_at\":\"2026-03-20T12:01:15.000000Z\",\"invitation_expires_at\":null}', '{\"status\":\"inactive\",\"updated_at\":\"2026-05-14 13:54:47\"}', '127.0.0.1', 'Mozilla/5.0 (Windows NT 10.0; Win64; x64) AppleWebKit/537.36 (KHTML, like Gecko) Chrome/148.0.0.0 Safari/537.36', '2026-05-14 05:54:47', '2026-05-14 05:54:47'),
(325, 6, 'logout', NULL, NULL, NULL, NULL, '127.0.0.1', 'Mozilla/5.0 (Windows NT 10.0; Win64; x64) AppleWebKit/537.36 (KHTML, like Gecko) Chrome/148.0.0.0 Safari/537.36', '2026-05-14 05:54:47', '2026-05-14 05:54:47'),
(326, 1, 'updated', 'App\\Models\\User', 6, '{\"id\":6,\"name\":\"John Llorie Sarmiento\",\"email\":\"jlsarmiento@gmail.com\",\"role\":\"customer\",\"status\":\"inactive\",\"email_verified_at\":null,\"password\":\"$2y$12$4gokYu4SHx5XGIr73gFEyeBsucaDrIfVn3E0LAirWcgu8FnGAFzR6\",\"remember_token\":null,\"created_at\":\"2026-03-21T01:12:25.000000Z\",\"updated_at\":\"2026-05-14T13:54:47.000000Z\",\"invitation_token\":null,\"invitation_sent_at\":null,\"invitation_accepted_at\":\"2026-03-20T12:01:15.000000Z\",\"invitation_expires_at\":null}', '{\"status\":\"active\",\"updated_at\":\"2026-05-14 13:55:20\"}', '127.0.0.1', 'Mozilla/5.0 (Windows NT 10.0; Win64; x64) AppleWebKit/537.36 (KHTML, like Gecko) Chrome/148.0.0.0 Safari/537.36', '2026-05-14 05:55:20', '2026-05-14 05:55:20'),
(327, 6, 'login', NULL, NULL, NULL, NULL, '127.0.0.1', 'Mozilla/5.0 (Windows NT 10.0; Win64; x64) AppleWebKit/537.36 (KHTML, like Gecko) Chrome/148.0.0.0 Safari/537.36', '2026-05-14 05:55:31', '2026-05-14 05:55:31'),
(328, 6, 'updated', 'App\\Models\\Customer', 3, '{\"id\":3,\"user_id\":6,\"first_name\":\"John Llorie\",\"last_name\":\"Sarmiento\",\"birthdate\":\"2005-01-13T00:00:00.000000Z\",\"mobile_num\":\"09781378131\",\"gender\":\"male\",\"loyalty_discount_available\":1,\"image\":\"customers\\/sSk2mTYeU7VmS8oy1ViVTPiVMpomVHSVGkS0Ykxf.png\",\"created_at\":\"2026-03-21T01:12:25.000000Z\",\"updated_at\":\"2026-05-14T13:53:11.000000Z\"}', '{\"loyalty_discount_available\":false,\"updated_at\":\"2026-05-14 14:00:37\"}', '127.0.0.1', 'Mozilla/5.0 (Windows NT 10.0; Win64; x64) AppleWebKit/537.36 (KHTML, like Gecko) Chrome/148.0.0.0 Safari/537.36', '2026-05-14 06:00:37', '2026-05-14 06:00:37'),
(329, 6, 'created', 'App\\Models\\Appointment', 22, NULL, '{\"customer_id\":3,\"employee_id\":null,\"discount_id\":null,\"appointment_date\":\"2026-05-24 00:00:00\",\"appointment_time\":\"10:00\",\"status\":\"pending\",\"payment_method\":\"cash\",\"payment_status\":\"pending\",\"total_amount\":1080,\"updated_at\":\"2026-05-14 14:00:37\",\"created_at\":\"2026-05-14 14:00:37\",\"id\":22}', '127.0.0.1', 'Mozilla/5.0 (Windows NT 10.0; Win64; x64) AppleWebKit/537.36 (KHTML, like Gecko) Chrome/148.0.0.0 Safari/537.36', '2026-05-14 06:00:37', '2026-05-14 06:00:37'),
(330, 3, 'updated', 'App\\Models\\User', 3, '{\"id\":3,\"name\":\"Bai Fatima Andong\",\"email\":\"bfandong@gmail.com\",\"role\":\"tech\",\"status\":\"active\",\"email_verified_at\":null,\"password\":\"$2y$12$zeAvfua..LaTnvt.BCarIufnNdWIOdhnqHmeutGAiYtTXrb5A.VmK\",\"remember_token\":\"DveAvN0gU0XRbi763CXvdvZpXdrnbRoNKvhFPAEkBsHKE4OKN6v3kEW0yXgq\",\"created_at\":\"2026-03-14T14:22:08.000000Z\",\"updated_at\":\"2026-03-14T14:22:08.000000Z\",\"invitation_token\":null,\"invitation_sent_at\":null,\"invitation_accepted_at\":\"2026-03-20T12:01:15.000000Z\",\"invitation_expires_at\":null}', '{\"remember_token\":\"6DKrnyjaLvAJ6qXvLSPTzzkhlN5W5vRXFhJQRwBlf4KSsSgMILmKcwvgpbpg\"}', '127.0.0.1', 'Mozilla/5.0 (Windows NT 10.0; Win64; x64) AppleWebKit/537.36 (KHTML, like Gecko) Chrome/148.0.0.0 Safari/537.36', '2026-05-14 06:12:32', '2026-05-14 06:12:32'),
(331, 3, 'logout', NULL, NULL, NULL, NULL, '127.0.0.1', 'Mozilla/5.0 (Windows NT 10.0; Win64; x64) AppleWebKit/537.36 (KHTML, like Gecko) Chrome/148.0.0.0 Safari/537.36', '2026-05-14 06:12:32', '2026-05-14 06:12:32'),
(332, 5, 'updated', 'App\\Models\\Employee', 3, '{\"id\":3,\"user_id\":5,\"job_role_id\":3,\"first_name\":\"Loren\",\"last_name\":\"Odiong\",\"personal_email\":null,\"birthdate\":\"2005-03-18T00:00:00.000000Z\",\"mobile_num\":\"09196347812\",\"gender\":\"female\",\"image\":\"employees\\/sxu6zxuw564gRyAXSMTWvCtTMlMBDloVCdCHjuua.jpg\",\"hire_date\":\"2025-04-17T00:00:00.000000Z\",\"created_at\":\"2026-03-15T02:08:08.000000Z\",\"updated_at\":\"2026-03-20T23:30:28.000000Z\"}', '{\"mobile_num\":\"09495655839\",\"updated_at\":\"2026-05-14 14:33:36\"}', '127.0.0.1', 'Mozilla/5.0 (Windows NT 10.0; Win64; x64) AppleWebKit/537.36 (KHTML, like Gecko) Chrome/148.0.0.0 Safari/537.36', '2026-05-14 06:33:36', '2026-05-14 06:33:36'),
(333, 5, 'updated', 'App\\Models\\Employee', 3, '{\"id\":3,\"user_id\":5,\"job_role_id\":3,\"first_name\":\"Loren\",\"last_name\":\"Odiong\",\"personal_email\":null,\"birthdate\":\"2005-03-18T00:00:00.000000Z\",\"mobile_num\":\"09495655839\",\"gender\":\"female\",\"image\":\"employees\\/sxu6zxuw564gRyAXSMTWvCtTMlMBDloVCdCHjuua.jpg\",\"hire_date\":\"2025-04-17T00:00:00.000000Z\",\"created_at\":\"2026-03-15T02:08:08.000000Z\",\"updated_at\":\"2026-05-14T14:33:36.000000Z\"}', '{\"mobile_num\":\"09196347812\",\"updated_at\":\"2026-05-14 14:33:49\"}', '127.0.0.1', 'Mozilla/5.0 (Windows NT 10.0; Win64; x64) AppleWebKit/537.36 (KHTML, like Gecko) Chrome/148.0.0.0 Safari/537.36', '2026-05-14 06:33:49', '2026-05-14 06:33:49'),
(334, 5, 'updated', 'App\\Models\\Employee', 3, '{\"id\":3,\"user_id\":5,\"job_role_id\":3,\"first_name\":\"Loren\",\"last_name\":\"Odiong\",\"personal_email\":null,\"birthdate\":\"2005-03-18T00:00:00.000000Z\",\"mobile_num\":\"09196347812\",\"gender\":\"female\",\"image\":\"employees\\/sxu6zxuw564gRyAXSMTWvCtTMlMBDloVCdCHjuua.jpg\",\"hire_date\":\"2025-04-17T00:00:00.000000Z\",\"created_at\":\"2026-03-15T02:08:08.000000Z\",\"updated_at\":\"2026-05-14T14:33:49.000000Z\"}', '{\"mobile_num\":\"09495655839\",\"updated_at\":\"2026-05-14 14:37:44\"}', '127.0.0.1', 'Mozilla/5.0 (Windows NT 10.0; Win64; x64) AppleWebKit/537.36 (KHTML, like Gecko) Chrome/148.0.0.0 Safari/537.36', '2026-05-14 06:37:44', '2026-05-14 06:37:44'),
(335, 5, 'updated', 'App\\Models\\Employee', 3, '{\"id\":3,\"user_id\":5,\"job_role_id\":3,\"first_name\":\"Loren\",\"last_name\":\"Odiong\",\"personal_email\":null,\"birthdate\":\"2005-03-18T00:00:00.000000Z\",\"mobile_num\":\"09495655839\",\"gender\":\"female\",\"image\":\"employees\\/sxu6zxuw564gRyAXSMTWvCtTMlMBDloVCdCHjuua.jpg\",\"hire_date\":\"2025-04-17T00:00:00.000000Z\",\"created_at\":\"2026-03-15T02:08:08.000000Z\",\"updated_at\":\"2026-05-14T14:37:44.000000Z\"}', '{\"mobile_num\":\"09196347812\",\"updated_at\":\"2026-05-14 14:37:52\"}', '127.0.0.1', 'Mozilla/5.0 (Windows NT 10.0; Win64; x64) AppleWebKit/537.36 (KHTML, like Gecko) Chrome/148.0.0.0 Safari/537.36', '2026-05-14 06:37:52', '2026-05-14 06:37:52'),
(336, 1, 'login', NULL, NULL, NULL, NULL, '127.0.0.1', 'Mozilla/5.0 (Windows NT 10.0; Win64; x64) AppleWebKit/537.36 (KHTML, like Gecko) Chrome/148.0.0.0 Safari/537.36', '2026-05-14 18:29:41', '2026-05-14 18:29:41'),
(337, 5, 'login', NULL, NULL, NULL, NULL, '127.0.0.1', 'Mozilla/5.0 (Windows NT 10.0; Win64; x64) AppleWebKit/537.36 (KHTML, like Gecko) Chrome/148.0.0.0 Safari/537.36', '2026-05-14 18:30:00', '2026-05-14 18:30:00'),
(338, 3, 'login', NULL, NULL, NULL, NULL, '127.0.0.1', 'Mozilla/5.0 (Windows NT 10.0; Win64; x64) AppleWebKit/537.36 (KHTML, like Gecko) Chrome/148.0.0.0 Safari/537.36', '2026-05-14 18:30:19', '2026-05-14 18:30:19'),
(339, 6, 'login', NULL, NULL, NULL, NULL, '127.0.0.1', 'Mozilla/5.0 (Windows NT 10.0; Win64; x64) AppleWebKit/537.36 (KHTML, like Gecko) Chrome/148.0.0.0 Safari/537.36', '2026-05-14 18:31:06', '2026-05-14 18:31:06'),
(340, 6, 'updated', 'App\\Models\\User', 6, '{\"id\":6,\"name\":\"John Llorie Sarmiento\",\"email\":\"jlsarmiento@gmail.com\",\"role\":\"customer\",\"status\":\"active\",\"email_verified_at\":null,\"password\":\"$2y$12$4gokYu4SHx5XGIr73gFEyeBsucaDrIfVn3E0LAirWcgu8FnGAFzR6\",\"remember_token\":null,\"created_at\":\"2026-03-21T01:12:25.000000Z\",\"updated_at\":\"2026-05-14T13:55:20.000000Z\",\"invitation_token\":null,\"invitation_sent_at\":null,\"invitation_accepted_at\":\"2026-03-20T12:01:15.000000Z\",\"invitation_expires_at\":null}', '{\"status\":\"inactive\",\"updated_at\":\"2026-05-15 03:45:13\"}', '127.0.0.1', 'Mozilla/5.0 (Windows NT 10.0; Win64; x64) AppleWebKit/537.36 (KHTML, like Gecko) Chrome/148.0.0.0 Safari/537.36', '2026-05-14 19:45:13', '2026-05-14 19:45:13'),
(341, 6, 'logout', NULL, NULL, NULL, NULL, '127.0.0.1', 'Mozilla/5.0 (Windows NT 10.0; Win64; x64) AppleWebKit/537.36 (KHTML, like Gecko) Chrome/148.0.0.0 Safari/537.36', '2026-05-14 19:45:13', '2026-05-14 19:45:13'),
(342, 1, 'updated', 'App\\Models\\User', 6, '{\"id\":6,\"name\":\"John Llorie Sarmiento\",\"email\":\"jlsarmiento@gmail.com\",\"role\":\"customer\",\"status\":\"inactive\",\"email_verified_at\":null,\"password\":\"$2y$12$4gokYu4SHx5XGIr73gFEyeBsucaDrIfVn3E0LAirWcgu8FnGAFzR6\",\"remember_token\":null,\"created_at\":\"2026-03-21T01:12:25.000000Z\",\"updated_at\":\"2026-05-15T03:45:13.000000Z\",\"invitation_token\":null,\"invitation_sent_at\":null,\"invitation_accepted_at\":\"2026-03-20T12:01:15.000000Z\",\"invitation_expires_at\":null}', '{\"status\":\"active\",\"updated_at\":\"2026-05-15 03:46:03\"}', '127.0.0.1', 'Mozilla/5.0 (Windows NT 10.0; Win64; x64) AppleWebKit/537.36 (KHTML, like Gecko) Chrome/148.0.0.0 Safari/537.36', '2026-05-14 19:46:03', '2026-05-14 19:46:03'),
(343, 6, 'login', NULL, NULL, NULL, NULL, '127.0.0.1', 'Mozilla/5.0 (Windows NT 10.0; Win64; x64) AppleWebKit/537.36 (KHTML, like Gecko) Chrome/148.0.0.0 Safari/537.36', '2026-05-14 19:46:40', '2026-05-14 19:46:40'),
(344, 1, 'updated', 'App\\Models\\User', 21, '{\"id\":21,\"name\":\"Dakota Fanning\",\"email\":\"dfanning@gmail.com\",\"role\":\"customer\",\"status\":\"active\",\"email_verified_at\":null,\"password\":\"$2y$12$NRPpsJQSFJ6rSB2wd1jg5u9SovmNB0rPv9Rc5nLXKeebqvrmyhKLy\",\"remember_token\":null,\"created_at\":\"2026-05-14T02:07:16.000000Z\",\"updated_at\":\"2026-05-14T02:08:00.000000Z\",\"invitation_token\":null,\"invitation_sent_at\":null,\"invitation_accepted_at\":null,\"invitation_expires_at\":null}', '{\"status\":\"inactive\",\"updated_at\":\"2026-05-15 03:56:41\"}', '127.0.0.1', 'Mozilla/5.0 (Windows NT 10.0; Win64; x64) AppleWebKit/537.36 (KHTML, like Gecko) Chrome/148.0.0.0 Safari/537.36', '2026-05-14 19:56:41', '2026-05-14 19:56:41'),
(345, 1, 'updated', 'App\\Models\\User', 21, '{\"id\":21,\"name\":\"Dakota Fanning\",\"email\":\"dfanning@gmail.com\",\"role\":\"customer\",\"status\":\"inactive\",\"email_verified_at\":null,\"password\":\"$2y$12$NRPpsJQSFJ6rSB2wd1jg5u9SovmNB0rPv9Rc5nLXKeebqvrmyhKLy\",\"remember_token\":null,\"created_at\":\"2026-05-14T02:07:16.000000Z\",\"updated_at\":\"2026-05-15T03:56:41.000000Z\",\"invitation_token\":null,\"invitation_sent_at\":null,\"invitation_accepted_at\":null,\"invitation_expires_at\":null}', '{\"status\":\"active\",\"updated_at\":\"2026-05-15 03:56:52\"}', '127.0.0.1', 'Mozilla/5.0 (Windows NT 10.0; Win64; x64) AppleWebKit/537.36 (KHTML, like Gecko) Chrome/148.0.0.0 Safari/537.36', '2026-05-14 19:56:52', '2026-05-14 19:56:52'),
(346, 1, 'updated', 'App\\Models\\User', 21, '{\"id\":21,\"name\":\"Dakota Fanning\",\"email\":\"dfanning@gmail.com\",\"role\":\"customer\",\"status\":\"active\",\"email_verified_at\":null,\"password\":\"$2y$12$NRPpsJQSFJ6rSB2wd1jg5u9SovmNB0rPv9Rc5nLXKeebqvrmyhKLy\",\"remember_token\":null,\"created_at\":\"2026-05-14T02:07:16.000000Z\",\"updated_at\":\"2026-05-15T03:56:52.000000Z\",\"invitation_token\":null,\"invitation_sent_at\":null,\"invitation_accepted_at\":null,\"invitation_expires_at\":null}', '{\"status\":\"inactive\",\"updated_at\":\"2026-05-15 04:03:46\"}', '127.0.0.1', 'Mozilla/5.0 (Windows NT 10.0; Win64; x64) AppleWebKit/537.36 (KHTML, like Gecko) Chrome/148.0.0.0 Safari/537.36', '2026-05-14 20:03:46', '2026-05-14 20:03:46'),
(347, 1, 'updated', 'App\\Models\\User', 21, '{\"id\":21,\"name\":\"Dakota Fanning\",\"email\":\"dfanning@gmail.com\",\"role\":\"customer\",\"status\":\"inactive\",\"email_verified_at\":null,\"password\":\"$2y$12$NRPpsJQSFJ6rSB2wd1jg5u9SovmNB0rPv9Rc5nLXKeebqvrmyhKLy\",\"remember_token\":null,\"created_at\":\"2026-05-14T02:07:16.000000Z\",\"updated_at\":\"2026-05-15T04:03:46.000000Z\",\"invitation_token\":null,\"invitation_sent_at\":null,\"invitation_accepted_at\":null,\"invitation_expires_at\":null}', '{\"status\":\"active\",\"updated_at\":\"2026-05-15 04:13:08\"}', '127.0.0.1', 'Mozilla/5.0 (Windows NT 10.0; Win64; x64) AppleWebKit/537.36 (KHTML, like Gecko) Chrome/148.0.0.0 Safari/537.36', '2026-05-14 20:13:08', '2026-05-14 20:13:08'),
(348, 1, 'updated', 'App\\Models\\User', 21, '{\"id\":21,\"name\":\"Dakota Fanning\",\"email\":\"dfanning@gmail.com\",\"role\":\"customer\",\"status\":\"active\",\"email_verified_at\":null,\"password\":\"$2y$12$NRPpsJQSFJ6rSB2wd1jg5u9SovmNB0rPv9Rc5nLXKeebqvrmyhKLy\",\"remember_token\":null,\"created_at\":\"2026-05-14T02:07:16.000000Z\",\"updated_at\":\"2026-05-15T04:13:08.000000Z\",\"invitation_token\":null,\"invitation_sent_at\":null,\"invitation_accepted_at\":null,\"invitation_expires_at\":null}', '{\"status\":\"inactive\",\"updated_at\":\"2026-05-15 04:15:50\"}', '127.0.0.1', 'Mozilla/5.0 (Windows NT 10.0; Win64; x64) AppleWebKit/537.36 (KHTML, like Gecko) Chrome/148.0.0.0 Safari/537.36', '2026-05-14 20:15:50', '2026-05-14 20:15:50'),
(349, 1, 'updated', 'App\\Models\\User', 21, '{\"id\":21,\"name\":\"Dakota Fanning\",\"email\":\"dfanning@gmail.com\",\"role\":\"customer\",\"status\":\"inactive\",\"email_verified_at\":null,\"password\":\"$2y$12$NRPpsJQSFJ6rSB2wd1jg5u9SovmNB0rPv9Rc5nLXKeebqvrmyhKLy\",\"remember_token\":null,\"created_at\":\"2026-05-14T02:07:16.000000Z\",\"updated_at\":\"2026-05-15T04:15:50.000000Z\",\"invitation_token\":null,\"invitation_sent_at\":null,\"invitation_accepted_at\":null,\"invitation_expires_at\":null}', '{\"status\":\"active\",\"updated_at\":\"2026-05-15 04:17:29\"}', '127.0.0.1', 'Mozilla/5.0 (Windows NT 10.0; Win64; x64) AppleWebKit/537.36 (KHTML, like Gecko) Chrome/148.0.0.0 Safari/537.36', '2026-05-14 20:17:29', '2026-05-14 20:17:29'),
(350, 1, 'updated', 'App\\Models\\User', 23, '{\"id\":23,\"name\":\"Elle Fanning\",\"email\":\"ellefanning@gmail.com\",\"role\":\"customer\",\"status\":\"inactive\",\"email_verified_at\":null,\"password\":\"$2y$12$Izzk78nN11FjGROR.AVKY.JOA\\/dHa5o3TQ7Qc.PJhI9ae3w1ncUyO\",\"remember_token\":null,\"created_at\":\"2026-05-14T02:56:19.000000Z\",\"updated_at\":\"2026-05-14T02:59:05.000000Z\",\"invitation_token\":null,\"invitation_sent_at\":null,\"invitation_accepted_at\":null,\"invitation_expires_at\":null}', '{\"status\":\"active\",\"updated_at\":\"2026-05-15 04:18:11\"}', '127.0.0.1', 'Mozilla/5.0 (Windows NT 10.0; Win64; x64) AppleWebKit/537.36 (KHTML, like Gecko) Chrome/148.0.0.0 Safari/537.36', '2026-05-14 20:18:11', '2026-05-14 20:18:11'),
(351, 1, 'updated', 'App\\Models\\User', 23, '{\"id\":23,\"name\":\"Elle Fanning\",\"email\":\"ellefanning@gmail.com\",\"role\":\"customer\",\"status\":\"active\",\"email_verified_at\":null,\"password\":\"$2y$12$Izzk78nN11FjGROR.AVKY.JOA\\/dHa5o3TQ7Qc.PJhI9ae3w1ncUyO\",\"remember_token\":null,\"created_at\":\"2026-05-14T02:56:19.000000Z\",\"updated_at\":\"2026-05-15T04:18:11.000000Z\",\"invitation_token\":null,\"invitation_sent_at\":null,\"invitation_accepted_at\":null,\"invitation_expires_at\":null}', '{\"status\":\"inactive\",\"updated_at\":\"2026-05-15 04:21:56\"}', '127.0.0.1', 'Mozilla/5.0 (Windows NT 10.0; Win64; x64) AppleWebKit/537.36 (KHTML, like Gecko) Chrome/148.0.0.0 Safari/537.36', '2026-05-14 20:21:56', '2026-05-14 20:21:56'),
(352, 1, 'updated', 'App\\Models\\User', 23, '{\"id\":23,\"name\":\"Elle Fanning\",\"email\":\"ellefanning@gmail.com\",\"role\":\"customer\",\"status\":\"inactive\",\"email_verified_at\":null,\"password\":\"$2y$12$Izzk78nN11FjGROR.AVKY.JOA\\/dHa5o3TQ7Qc.PJhI9ae3w1ncUyO\",\"remember_token\":null,\"created_at\":\"2026-05-14T02:56:19.000000Z\",\"updated_at\":\"2026-05-15T04:21:56.000000Z\",\"invitation_token\":null,\"invitation_sent_at\":null,\"invitation_accepted_at\":null,\"invitation_expires_at\":null}', '{\"status\":\"active\",\"updated_at\":\"2026-05-15 04:22:59\"}', '127.0.0.1', 'Mozilla/5.0 (Windows NT 10.0; Win64; x64) AppleWebKit/537.36 (KHTML, like Gecko) Chrome/148.0.0.0 Safari/537.36', '2026-05-14 20:22:59', '2026-05-14 20:22:59'),
(353, 1, 'updated', 'App\\Models\\User', 23, '{\"id\":23,\"name\":\"Elle Fanning\",\"email\":\"ellefanning@gmail.com\",\"role\":\"customer\",\"status\":\"active\",\"email_verified_at\":null,\"password\":\"$2y$12$Izzk78nN11FjGROR.AVKY.JOA\\/dHa5o3TQ7Qc.PJhI9ae3w1ncUyO\",\"remember_token\":null,\"created_at\":\"2026-05-14T02:56:19.000000Z\",\"updated_at\":\"2026-05-15T04:22:59.000000Z\",\"invitation_token\":null,\"invitation_sent_at\":null,\"invitation_accepted_at\":null,\"invitation_expires_at\":null}', '{\"status\":\"inactive\",\"updated_at\":\"2026-05-15 04:26:55\"}', '127.0.0.1', 'Mozilla/5.0 (Windows NT 10.0; Win64; x64) AppleWebKit/537.36 (KHTML, like Gecko) Chrome/148.0.0.0 Safari/537.36', '2026-05-14 20:26:55', '2026-05-14 20:26:55'),
(354, 1, 'updated', 'App\\Models\\User', 21, '{\"id\":21,\"name\":\"Dakota Fanning\",\"email\":\"dfanning@gmail.com\",\"role\":\"customer\",\"status\":\"active\",\"email_verified_at\":null,\"password\":\"$2y$12$NRPpsJQSFJ6rSB2wd1jg5u9SovmNB0rPv9Rc5nLXKeebqvrmyhKLy\",\"remember_token\":null,\"created_at\":\"2026-05-14T02:07:16.000000Z\",\"updated_at\":\"2026-05-15T04:17:29.000000Z\",\"invitation_token\":null,\"invitation_sent_at\":null,\"invitation_accepted_at\":null,\"invitation_expires_at\":null}', '{\"status\":\"inactive\",\"updated_at\":\"2026-05-15 04:27:35\"}', '127.0.0.1', 'Mozilla/5.0 (Windows NT 10.0; Win64; x64) AppleWebKit/537.36 (KHTML, like Gecko) Chrome/148.0.0.0 Safari/537.36', '2026-05-14 20:27:35', '2026-05-14 20:27:35'),
(355, 1, 'updated', 'App\\Models\\User', 21, '{\"id\":21,\"name\":\"Dakota Fanning\",\"email\":\"dfanning@gmail.com\",\"role\":\"customer\",\"status\":\"inactive\",\"email_verified_at\":null,\"password\":\"$2y$12$NRPpsJQSFJ6rSB2wd1jg5u9SovmNB0rPv9Rc5nLXKeebqvrmyhKLy\",\"remember_token\":null,\"created_at\":\"2026-05-14T02:07:16.000000Z\",\"updated_at\":\"2026-05-15T04:27:35.000000Z\",\"invitation_token\":null,\"invitation_sent_at\":null,\"invitation_accepted_at\":null,\"invitation_expires_at\":null}', '{\"status\":\"active\",\"updated_at\":\"2026-05-15 04:27:52\"}', '127.0.0.1', 'Mozilla/5.0 (Windows NT 10.0; Win64; x64) AppleWebKit/537.36 (KHTML, like Gecko) Chrome/148.0.0.0 Safari/537.36', '2026-05-14 20:27:52', '2026-05-14 20:27:52'),
(356, 1, 'updated', 'App\\Models\\User', 23, '{\"id\":23,\"name\":\"Elle Fanning\",\"email\":\"ellefanning@gmail.com\",\"role\":\"customer\",\"status\":\"inactive\",\"email_verified_at\":null,\"password\":\"$2y$12$Izzk78nN11FjGROR.AVKY.JOA\\/dHa5o3TQ7Qc.PJhI9ae3w1ncUyO\",\"remember_token\":null,\"created_at\":\"2026-05-14T02:56:19.000000Z\",\"updated_at\":\"2026-05-15T04:26:55.000000Z\",\"invitation_token\":null,\"invitation_sent_at\":null,\"invitation_accepted_at\":null,\"invitation_expires_at\":null}', '{\"status\":\"active\",\"updated_at\":\"2026-05-15 04:28:18\"}', '127.0.0.1', 'Mozilla/5.0 (Windows NT 10.0; Win64; x64) AppleWebKit/537.36 (KHTML, like Gecko) Chrome/148.0.0.0 Safari/537.36', '2026-05-14 20:28:18', '2026-05-14 20:28:18'),
(357, 1, 'updated', 'App\\Models\\User', 23, '{\"id\":23,\"name\":\"Elle Fanning\",\"email\":\"ellefanning@gmail.com\",\"role\":\"customer\",\"status\":\"active\",\"email_verified_at\":null,\"password\":\"$2y$12$Izzk78nN11FjGROR.AVKY.JOA\\/dHa5o3TQ7Qc.PJhI9ae3w1ncUyO\",\"remember_token\":null,\"created_at\":\"2026-05-14T02:56:19.000000Z\",\"updated_at\":\"2026-05-15T04:28:18.000000Z\",\"invitation_token\":null,\"invitation_sent_at\":null,\"invitation_accepted_at\":null,\"invitation_expires_at\":null}', '{\"status\":\"inactive\",\"updated_at\":\"2026-05-15 04:29:28\"}', '127.0.0.1', 'Mozilla/5.0 (Windows NT 10.0; Win64; x64) AppleWebKit/537.36 (KHTML, like Gecko) Chrome/148.0.0.0 Safari/537.36', '2026-05-14 20:29:28', '2026-05-14 20:29:28'),
(358, 1, 'updated', 'App\\Models\\User', 23, '{\"id\":23,\"name\":\"Elle Fanning\",\"email\":\"ellefanning@gmail.com\",\"role\":\"customer\",\"status\":\"inactive\",\"email_verified_at\":null,\"password\":\"$2y$12$Izzk78nN11FjGROR.AVKY.JOA\\/dHa5o3TQ7Qc.PJhI9ae3w1ncUyO\",\"remember_token\":null,\"created_at\":\"2026-05-14T02:56:19.000000Z\",\"updated_at\":\"2026-05-15T04:29:28.000000Z\",\"invitation_token\":null,\"invitation_sent_at\":null,\"invitation_accepted_at\":null,\"invitation_expires_at\":null}', '{\"status\":\"active\",\"updated_at\":\"2026-05-15 04:31:25\"}', '127.0.0.1', 'Mozilla/5.0 (Windows NT 10.0; Win64; x64) AppleWebKit/537.36 (KHTML, like Gecko) Chrome/148.0.0.0 Safari/537.36', '2026-05-14 20:31:25', '2026-05-14 20:31:25'),
(359, 5, 'login', NULL, NULL, NULL, NULL, '127.0.0.1', 'Mozilla/5.0 (Windows NT 10.0; Win64; x64) AppleWebKit/537.36 (KHTML, like Gecko) Chrome/148.0.0.0 Safari/537.36', '2026-05-14 20:34:39', '2026-05-14 20:34:39'),
(360, 5, 'updated', 'App\\Models\\Appointment', 18, '{\"id\":18,\"customer_id\":10,\"employee_id\":null,\"discount_id\":null,\"appointment_date\":\"2026-05-16T00:00:00.000000Z\",\"appointment_time\":\"2026-05-15T14:33:00.000000Z\",\"status\":\"pending\",\"payment_method\":\"gcash\",\"payment_status\":\"for_validation\",\"total_amount\":\"99.00\",\"loyalty_discount_applied\":0,\"created_at\":\"2026-05-14T03:34:15.000000Z\",\"updated_at\":\"2026-05-14T03:34:15.000000Z\",\"deleted_at\":null}', '{\"payment_status\":\"paid\",\"updated_at\":\"2026-05-15 04:35:12\"}', '127.0.0.1', 'Mozilla/5.0 (Windows NT 10.0; Win64; x64) AppleWebKit/537.36 (KHTML, like Gecko) Chrome/148.0.0.0 Safari/537.36', '2026-05-14 20:35:12', '2026-05-14 20:35:12'),
(361, 3, 'login', NULL, NULL, NULL, NULL, '127.0.0.1', 'Mozilla/5.0 (Windows NT 10.0; Win64; x64) AppleWebKit/537.36 (KHTML, like Gecko) Chrome/148.0.0.0 Safari/537.36', '2026-05-14 20:36:18', '2026-05-14 20:36:18'),
(362, 3, 'updated', 'App\\Models\\Employee', 2, '{\"id\":2,\"user_id\":3,\"job_role_id\":2,\"first_name\":\"Bai Fatima\",\"last_name\":\"Andong\",\"personal_email\":null,\"birthdate\":\"2005-08-24T00:00:00.000000Z\",\"mobile_num\":\"09495659735\",\"gender\":\"female\",\"image\":\"employees\\/lHe24hFTFYeJ4kpBqXX1f5BYmsuxWHxu5C64Bkhi.jpg\",\"hire_date\":\"2025-05-20T00:00:00.000000Z\",\"created_at\":\"2026-03-14T14:22:08.000000Z\",\"updated_at\":\"2026-03-21T15:31:48.000000Z\"}', '{\"first_name\":\"Bai Fatimaa\",\"updated_at\":\"2026-05-15 04:36:43\"}', '127.0.0.1', 'Mozilla/5.0 (Windows NT 10.0; Win64; x64) AppleWebKit/537.36 (KHTML, like Gecko) Chrome/148.0.0.0 Safari/537.36', '2026-05-14 20:36:43', '2026-05-14 20:36:43'),
(363, 5, 'updated', 'App\\Models\\Appointment', 22, '{\"id\":22,\"customer_id\":3,\"employee_id\":null,\"discount_id\":null,\"appointment_date\":\"2026-05-24T00:00:00.000000Z\",\"appointment_time\":\"2026-05-15T10:00:00.000000Z\",\"status\":\"pending\",\"payment_method\":\"cash\",\"payment_status\":\"pending\",\"total_amount\":\"1080.00\",\"loyalty_discount_applied\":0,\"created_at\":\"2026-05-14T14:00:37.000000Z\",\"updated_at\":\"2026-05-14T14:00:37.000000Z\",\"deleted_at\":null}', '{\"total_amount\":\"1200.00\",\"updated_at\":\"2026-05-15 04:47:52\"}', '127.0.0.1', 'Mozilla/5.0 (Windows NT 10.0; Win64; x64) AppleWebKit/537.36 (KHTML, like Gecko) Chrome/148.0.0.0 Safari/537.36', '2026-05-14 20:47:52', '2026-05-14 20:47:52'),
(364, 5, 'updated', 'App\\Models\\Appointment', 13, '{\"id\":13,\"customer_id\":9,\"employee_id\":null,\"discount_id\":null,\"appointment_date\":\"2026-05-12T00:00:00.000000Z\",\"appointment_time\":\"2026-05-15T11:00:00.000000Z\",\"status\":\"confirmed\",\"payment_method\":\"gcash\",\"payment_status\":\"for_validation\",\"total_amount\":\"1888.00\",\"loyalty_discount_applied\":0,\"created_at\":\"2026-05-11T11:58:31.000000Z\",\"updated_at\":\"2026-05-11T12:06:19.000000Z\",\"deleted_at\":null}', '{\"employee_id\":\"7\",\"updated_at\":\"2026-05-15 05:19:29\"}', '127.0.0.1', 'Mozilla/5.0 (Windows NT 10.0; Win64; x64) AppleWebKit/537.36 (KHTML, like Gecko) Chrome/148.0.0.0 Safari/537.36', '2026-05-14 21:19:29', '2026-05-14 21:19:29'),
(365, 5, 'updated', 'App\\Models\\Appointment', 13, '{\"id\":13,\"customer_id\":9,\"employee_id\":7,\"discount_id\":null,\"appointment_date\":\"2026-05-12T00:00:00.000000Z\",\"appointment_time\":\"2026-05-15T11:00:00.000000Z\",\"status\":\"confirmed\",\"payment_method\":\"gcash\",\"payment_status\":\"for_validation\",\"total_amount\":\"1888.00\",\"loyalty_discount_applied\":0,\"created_at\":\"2026-05-11T11:58:31.000000Z\",\"updated_at\":\"2026-05-15T05:19:29.000000Z\",\"deleted_at\":null}', '{\"payment_status\":\"paid\",\"updated_at\":\"2026-05-15 05:21:31\"}', '127.0.0.1', 'Mozilla/5.0 (Windows NT 10.0; Win64; x64) AppleWebKit/537.36 (KHTML, like Gecko) Chrome/148.0.0.0 Safari/537.36', '2026-05-14 21:21:31', '2026-05-14 21:21:31'),
(366, 5, 'updated', 'App\\Models\\Payment', 4, '{\"id\":4,\"appointment_id\":13,\"amount\":\"1888.00\",\"payment_method\":\"gcash\",\"reference_number\":\"NDADFFA0F77\",\"validated_at\":null,\"status\":\"pending\",\"created_at\":\"2026-05-11T11:58:31.000000Z\",\"updated_at\":\"2026-05-11T11:58:31.000000Z\"}', '{\"validated_at\":\"2026-05-15 05:21:31\",\"status\":\"validated\",\"updated_at\":\"2026-05-15 05:21:31\"}', '127.0.0.1', 'Mozilla/5.0 (Windows NT 10.0; Win64; x64) AppleWebKit/537.36 (KHTML, like Gecko) Chrome/148.0.0.0 Safari/537.36', '2026-05-14 21:21:31', '2026-05-14 21:21:31'),
(367, 5, 'updated', 'App\\Models\\Appointment', 13, '{\"id\":13,\"customer_id\":9,\"employee_id\":7,\"discount_id\":null,\"appointment_date\":\"2026-05-12T00:00:00.000000Z\",\"appointment_time\":\"2026-05-15T11:00:00.000000Z\",\"status\":\"confirmed\",\"payment_method\":\"gcash\",\"payment_status\":\"paid\",\"total_amount\":\"1888.00\",\"loyalty_discount_applied\":0,\"created_at\":\"2026-05-11T11:58:31.000000Z\",\"updated_at\":\"2026-05-15T05:21:31.000000Z\",\"deleted_at\":null}', '{\"status\":\"completed\",\"updated_at\":\"2026-05-15 05:21:41\"}', '127.0.0.1', 'Mozilla/5.0 (Windows NT 10.0; Win64; x64) AppleWebKit/537.36 (KHTML, like Gecko) Chrome/148.0.0.0 Safari/537.36', '2026-05-14 21:21:41', '2026-05-14 21:21:41'),
(368, 5, 'updated', 'App\\Models\\Appointment', 17, '{\"id\":17,\"customer_id\":7,\"employee_id\":null,\"discount_id\":null,\"appointment_date\":\"2026-05-16T00:00:00.000000Z\",\"appointment_time\":\"2026-05-15T14:16:00.000000Z\",\"status\":\"pending\",\"payment_method\":\"cash\",\"payment_status\":\"pending\",\"total_amount\":\"1200.00\",\"loyalty_discount_applied\":0,\"created_at\":\"2026-05-14T03:16:31.000000Z\",\"updated_at\":\"2026-05-14T03:16:31.000000Z\",\"deleted_at\":null}', '{\"employee_id\":\"5\",\"status\":\"confirmed\",\"updated_at\":\"2026-05-15 05:23:10\"}', '127.0.0.1', 'Mozilla/5.0 (Windows NT 10.0; Win64; x64) AppleWebKit/537.36 (KHTML, like Gecko) Chrome/148.0.0.0 Safari/537.36', '2026-05-14 21:23:10', '2026-05-14 21:23:10'),
(369, 5, 'updated', 'App\\Models\\Appointment', 17, '{\"id\":17,\"customer_id\":7,\"employee_id\":5,\"discount_id\":null,\"appointment_date\":\"2026-05-16T00:00:00.000000Z\",\"appointment_time\":\"2026-05-15T14:16:00.000000Z\",\"status\":\"confirmed\",\"payment_method\":\"cash\",\"payment_status\":\"pending\",\"total_amount\":\"1200.00\",\"loyalty_discount_applied\":0,\"created_at\":\"2026-05-14T03:16:31.000000Z\",\"updated_at\":\"2026-05-15T05:23:10.000000Z\",\"deleted_at\":null}', '{\"employee_id\":null,\"status\":\"pending\",\"updated_at\":\"2026-05-15 05:23:42\"}', '127.0.0.1', 'Mozilla/5.0 (Windows NT 10.0; Win64; x64) AppleWebKit/537.36 (KHTML, like Gecko) Chrome/148.0.0.0 Safari/537.36', '2026-05-14 21:23:42', '2026-05-14 21:23:42'),
(370, 6, 'updated', 'App\\Models\\User', 6, '{\"id\":6,\"name\":\"John Llorie Sarmiento\",\"email\":\"jlsarmiento@gmail.com\",\"role\":\"customer\",\"status\":\"active\",\"email_verified_at\":null,\"password\":\"$2y$12$4gokYu4SHx5XGIr73gFEyeBsucaDrIfVn3E0LAirWcgu8FnGAFzR6\",\"remember_token\":null,\"created_at\":\"2026-03-21T01:12:25.000000Z\",\"updated_at\":\"2026-05-15T03:46:03.000000Z\",\"invitation_token\":null,\"invitation_sent_at\":null,\"invitation_accepted_at\":\"2026-03-20T12:01:15.000000Z\",\"invitation_expires_at\":null}', '{\"status\":\"inactive\",\"updated_at\":\"2026-05-15 05:27:59\"}', '127.0.0.1', 'Mozilla/5.0 (Windows NT 10.0; Win64; x64) AppleWebKit/537.36 (KHTML, like Gecko) Chrome/148.0.0.0 Safari/537.36', '2026-05-14 21:27:59', '2026-05-14 21:27:59'),
(371, 6, 'logout', NULL, NULL, NULL, NULL, '127.0.0.1', 'Mozilla/5.0 (Windows NT 10.0; Win64; x64) AppleWebKit/537.36 (KHTML, like Gecko) Chrome/148.0.0.0 Safari/537.36', '2026-05-14 21:27:59', '2026-05-14 21:27:59'),
(372, 1, 'updated', 'App\\Models\\User', 6, '{\"id\":6,\"name\":\"John Llorie Sarmiento\",\"email\":\"jlsarmiento@gmail.com\",\"role\":\"customer\",\"status\":\"inactive\",\"email_verified_at\":null,\"password\":\"$2y$12$4gokYu4SHx5XGIr73gFEyeBsucaDrIfVn3E0LAirWcgu8FnGAFzR6\",\"remember_token\":null,\"created_at\":\"2026-03-21T01:12:25.000000Z\",\"updated_at\":\"2026-05-15T05:27:59.000000Z\",\"invitation_token\":null,\"invitation_sent_at\":null,\"invitation_accepted_at\":\"2026-03-20T12:01:15.000000Z\",\"invitation_expires_at\":null}', '{\"status\":\"active\",\"updated_at\":\"2026-05-15 05:28:21\"}', '127.0.0.1', 'Mozilla/5.0 (Windows NT 10.0; Win64; x64) AppleWebKit/537.36 (KHTML, like Gecko) Chrome/148.0.0.0 Safari/537.36', '2026-05-14 21:28:21', '2026-05-14 21:28:21'),
(373, 6, 'login', NULL, NULL, NULL, NULL, '127.0.0.1', 'Mozilla/5.0 (Windows NT 10.0; Win64; x64) AppleWebKit/537.36 (KHTML, like Gecko) Chrome/148.0.0.0 Safari/537.36', '2026-05-14 21:28:35', '2026-05-14 21:28:35'),
(374, 6, 'logout', NULL, NULL, NULL, NULL, '127.0.0.1', 'Mozilla/5.0 (Windows NT 10.0; Win64; x64) AppleWebKit/537.36 (KHTML, like Gecko) Chrome/148.0.0.0 Safari/537.36', '2026-05-14 21:44:13', '2026-05-14 21:44:13'),
(375, 9, 'login', NULL, NULL, NULL, NULL, '127.0.0.1', 'Mozilla/5.0 (Windows NT 10.0; Win64; x64) AppleWebKit/537.36 (KHTML, like Gecko) Chrome/148.0.0.0 Safari/537.36', '2026-05-14 21:44:30', '2026-05-14 21:44:30');
INSERT INTO `audit_logs` (`id`, `user_id`, `action`, `model_type`, `model_id`, `old_values`, `new_values`, `ip`, `user_agent`, `created_at`, `updated_at`) VALUES
(376, 9, 'created', 'App\\Models\\Appointment', 23, NULL, '{\"customer_id\":6,\"employee_id\":null,\"discount_id\":null,\"appointment_date\":\"2026-06-04 00:00:00\",\"appointment_time\":\"15:00\",\"status\":\"pending\",\"payment_method\":\"gcash\",\"payment_status\":\"for_validation\",\"total_amount\":\"399.00\",\"updated_at\":\"2026-05-15 05:45:55\",\"created_at\":\"2026-05-15 05:45:55\",\"id\":23}', '127.0.0.1', 'Mozilla/5.0 (Windows NT 10.0; Win64; x64) AppleWebKit/537.36 (KHTML, like Gecko) Chrome/148.0.0.0 Safari/537.36', '2026-05-14 21:45:55', '2026-05-14 21:45:55'),
(377, 9, 'created', 'App\\Models\\Payment', 8, NULL, '{\"amount\":\"399.00\",\"payment_method\":\"gcash\",\"reference_number\":\"1204802794871\",\"status\":\"pending\",\"appointment_id\":23,\"updated_at\":\"2026-05-15 05:45:55\",\"created_at\":\"2026-05-15 05:45:55\",\"id\":8}', '127.0.0.1', 'Mozilla/5.0 (Windows NT 10.0; Win64; x64) AppleWebKit/537.36 (KHTML, like Gecko) Chrome/148.0.0.0 Safari/537.36', '2026-05-14 21:45:55', '2026-05-14 21:45:55'),
(378, 5, 'updated', 'App\\Models\\Appointment', 23, '{\"id\":23,\"customer_id\":6,\"employee_id\":null,\"discount_id\":null,\"appointment_date\":\"2026-06-04T00:00:00.000000Z\",\"appointment_time\":\"2026-05-15T15:00:00.000000Z\",\"status\":\"pending\",\"payment_method\":\"gcash\",\"payment_status\":\"for_validation\",\"total_amount\":\"399.00\",\"loyalty_discount_applied\":0,\"created_at\":\"2026-05-15T05:45:55.000000Z\",\"updated_at\":\"2026-05-15T05:45:55.000000Z\",\"deleted_at\":null}', '{\"employee_id\":\"6\",\"status\":\"confirmed\",\"updated_at\":\"2026-05-15 05:46:28\"}', '127.0.0.1', 'Mozilla/5.0 (Windows NT 10.0; Win64; x64) AppleWebKit/537.36 (KHTML, like Gecko) Chrome/148.0.0.0 Safari/537.36', '2026-05-14 21:46:28', '2026-05-14 21:46:28'),
(379, 5, 'updated', 'App\\Models\\Appointment', 23, '{\"id\":23,\"customer_id\":6,\"employee_id\":6,\"discount_id\":null,\"appointment_date\":\"2026-06-04T00:00:00.000000Z\",\"appointment_time\":\"2026-05-15T15:00:00.000000Z\",\"status\":\"confirmed\",\"payment_method\":\"gcash\",\"payment_status\":\"for_validation\",\"total_amount\":\"399.00\",\"loyalty_discount_applied\":0,\"created_at\":\"2026-05-15T05:45:55.000000Z\",\"updated_at\":\"2026-05-15T05:46:28.000000Z\",\"deleted_at\":null}', '{\"payment_status\":\"paid\",\"updated_at\":\"2026-05-15 05:46:47\"}', '127.0.0.1', 'Mozilla/5.0 (Windows NT 10.0; Win64; x64) AppleWebKit/537.36 (KHTML, like Gecko) Chrome/148.0.0.0 Safari/537.36', '2026-05-14 21:46:47', '2026-05-14 21:46:47'),
(380, 5, 'updated', 'App\\Models\\Appointment', 23, '{\"id\":23,\"customer_id\":6,\"employee_id\":6,\"discount_id\":null,\"appointment_date\":\"2026-06-04T00:00:00.000000Z\",\"appointment_time\":\"2026-05-15T15:00:00.000000Z\",\"status\":\"confirmed\",\"payment_method\":\"gcash\",\"payment_status\":\"paid\",\"total_amount\":\"399.00\",\"loyalty_discount_applied\":0,\"created_at\":\"2026-05-15T05:45:55.000000Z\",\"updated_at\":\"2026-05-15T05:46:47.000000Z\",\"deleted_at\":null}', '{\"status\":\"completed\",\"updated_at\":\"2026-05-15 05:47:30\"}', '127.0.0.1', 'Mozilla/5.0 (Windows NT 10.0; Win64; x64) AppleWebKit/537.36 (KHTML, like Gecko) Chrome/148.0.0.0 Safari/537.36', '2026-05-14 21:47:30', '2026-05-14 21:47:30'),
(381, 5, 'updated', 'App\\Models\\Customer', 6, '{\"id\":6,\"user_id\":9,\"first_name\":\"Annika\",\"last_name\":\"Dumalogdog\",\"birthdate\":\"2005-07-06T00:00:00.000000Z\",\"mobile_num\":\"09872642412\",\"gender\":\"female\",\"loyalty_discount_available\":0,\"image\":\"customers\\/Ju1qrVu7Yn2C9sdyM7W97n3Q2ge4zdEPvLhgkmEJ.jpg\",\"created_at\":\"2026-04-20T09:17:03.000000Z\",\"updated_at\":\"2026-04-21T00:56:29.000000Z\"}', '{\"loyalty_discount_available\":true,\"updated_at\":\"2026-05-15 05:47:30\"}', '127.0.0.1', 'Mozilla/5.0 (Windows NT 10.0; Win64; x64) AppleWebKit/537.36 (KHTML, like Gecko) Chrome/148.0.0.0 Safari/537.36', '2026-05-14 21:47:30', '2026-05-14 21:47:30'),
(382, 9, 'logout', NULL, NULL, NULL, NULL, '127.0.0.1', 'Mozilla/5.0 (Windows NT 10.0; Win64; x64) AppleWebKit/537.36 (KHTML, like Gecko) Chrome/148.0.0.0 Safari/537.36', '2026-05-14 22:25:57', '2026-05-14 22:25:57'),
(383, 6, 'login', NULL, NULL, NULL, NULL, '127.0.0.1', 'Mozilla/5.0 (Windows NT 10.0; Win64; x64) AppleWebKit/537.36 (KHTML, like Gecko) Chrome/148.0.0.0 Safari/537.36', '2026-05-14 22:26:05', '2026-05-14 22:26:05'),
(384, 6, 'logout', NULL, NULL, NULL, NULL, '127.0.0.1', 'Mozilla/5.0 (Windows NT 10.0; Win64; x64) AppleWebKit/537.36 (KHTML, like Gecko) Chrome/148.0.0.0 Safari/537.36', '2026-05-14 22:26:26', '2026-05-14 22:26:26'),
(385, 8, 'login', NULL, NULL, NULL, NULL, '127.0.0.1', 'Mozilla/5.0 (Windows NT 10.0; Win64; x64) AppleWebKit/537.36 (KHTML, like Gecko) Chrome/148.0.0.0 Safari/537.36', '2026-05-14 22:27:02', '2026-05-14 22:27:02'),
(386, 8, 'created', 'App\\Models\\Appointment', 24, NULL, '{\"customer_id\":5,\"employee_id\":null,\"discount_id\":null,\"appointment_date\":\"2026-05-30 00:00:00\",\"appointment_time\":\"16:30\",\"status\":\"pending\",\"payment_method\":\"gcash\",\"payment_status\":\"for_validation\",\"total_amount\":\"99.00\",\"updated_at\":\"2026-05-15 06:28:23\",\"created_at\":\"2026-05-15 06:28:23\",\"id\":24}', '127.0.0.1', 'Mozilla/5.0 (Windows NT 10.0; Win64; x64) AppleWebKit/537.36 (KHTML, like Gecko) Chrome/148.0.0.0 Safari/537.36', '2026-05-14 22:28:23', '2026-05-14 22:28:23'),
(387, 8, 'created', 'App\\Models\\Payment', 9, NULL, '{\"amount\":\"99.00\",\"payment_method\":\"gcash\",\"reference_number\":\"8249890573985\",\"status\":\"pending\",\"appointment_id\":24,\"updated_at\":\"2026-05-15 06:28:23\",\"created_at\":\"2026-05-15 06:28:23\",\"id\":9}', '127.0.0.1', 'Mozilla/5.0 (Windows NT 10.0; Win64; x64) AppleWebKit/537.36 (KHTML, like Gecko) Chrome/148.0.0.0 Safari/537.36', '2026-05-14 22:28:23', '2026-05-14 22:28:23'),
(388, 5, 'updated', 'App\\Models\\Appointment', 24, '{\"id\":24,\"customer_id\":5,\"employee_id\":null,\"discount_id\":null,\"appointment_date\":\"2026-05-30T00:00:00.000000Z\",\"appointment_time\":\"2026-05-15T16:30:00.000000Z\",\"status\":\"pending\",\"payment_method\":\"gcash\",\"payment_status\":\"for_validation\",\"total_amount\":\"99.00\",\"loyalty_discount_applied\":0,\"created_at\":\"2026-05-15T06:28:23.000000Z\",\"updated_at\":\"2026-05-15T06:28:23.000000Z\",\"deleted_at\":null}', '{\"employee_id\":\"1\",\"status\":\"confirmed\",\"updated_at\":\"2026-05-15 06:29:36\"}', '127.0.0.1', 'Mozilla/5.0 (Windows NT 10.0; Win64; x64) AppleWebKit/537.36 (KHTML, like Gecko) Chrome/148.0.0.0 Safari/537.36', '2026-05-14 22:29:36', '2026-05-14 22:29:36'),
(389, 8, 'updated', 'App\\Models\\User', 8, '{\"id\":8,\"name\":\"Christian Cahilig\",\"email\":\"christianc.xviii@gmail.com\",\"role\":\"customer\",\"status\":\"active\",\"email_verified_at\":null,\"password\":\"$2y$12$cxk1eQLczkk1NtEHfTav2eTVfqp7WOtqfVajdDYlo4X\\/orEQxY6PC\",\"remember_token\":\"SykHWBRsVEwnVuyM7kJ31Y6m9a7MpZbdjHuEcJfwsPnG1yB4SNSBQdZff3iB\",\"created_at\":\"2026-04-03T23:33:20.000000Z\",\"updated_at\":\"2026-04-04T00:59:28.000000Z\",\"invitation_token\":null,\"invitation_sent_at\":null,\"invitation_accepted_at\":\"2026-03-20T12:01:15.000000Z\",\"invitation_expires_at\":null}', '{\"status\":\"inactive\",\"updated_at\":\"2026-05-15 06:33:46\"}', '127.0.0.1', 'Mozilla/5.0 (Windows NT 10.0; Win64; x64) AppleWebKit/537.36 (KHTML, like Gecko) Chrome/148.0.0.0 Safari/537.36', '2026-05-14 22:33:46', '2026-05-14 22:33:46'),
(390, 8, 'updated', 'App\\Models\\User', 8, '{\"id\":8,\"name\":\"Christian Cahilig\",\"email\":\"christianc.xviii@gmail.com\",\"role\":\"customer\",\"status\":\"inactive\",\"email_verified_at\":null,\"password\":\"$2y$12$cxk1eQLczkk1NtEHfTav2eTVfqp7WOtqfVajdDYlo4X\\/orEQxY6PC\",\"remember_token\":\"SykHWBRsVEwnVuyM7kJ31Y6m9a7MpZbdjHuEcJfwsPnG1yB4SNSBQdZff3iB\",\"created_at\":\"2026-04-03T23:33:20.000000Z\",\"updated_at\":\"2026-05-15T06:33:46.000000Z\",\"invitation_token\":null,\"invitation_sent_at\":null,\"invitation_accepted_at\":\"2026-03-20T12:01:15.000000Z\",\"invitation_expires_at\":null}', '{\"remember_token\":\"LfgQXKlEn4hP2H5iYPHALGttOgLWoSja9C2e5nI5IxpZvvExLTowho3TEHY3\"}', '127.0.0.1', 'Mozilla/5.0 (Windows NT 10.0; Win64; x64) AppleWebKit/537.36 (KHTML, like Gecko) Chrome/148.0.0.0 Safari/537.36', '2026-05-14 22:33:46', '2026-05-14 22:33:46'),
(391, 8, 'logout', NULL, NULL, NULL, NULL, '127.0.0.1', 'Mozilla/5.0 (Windows NT 10.0; Win64; x64) AppleWebKit/537.36 (KHTML, like Gecko) Chrome/148.0.0.0 Safari/537.36', '2026-05-14 22:33:46', '2026-05-14 22:33:46'),
(392, 5, 'updated', 'App\\Models\\User', 8, '{\"id\":8,\"name\":\"Christian Cahilig\",\"email\":\"christianc.xviii@gmail.com\",\"role\":\"customer\",\"status\":\"inactive\",\"email_verified_at\":null,\"password\":\"$2y$12$cxk1eQLczkk1NtEHfTav2eTVfqp7WOtqfVajdDYlo4X\\/orEQxY6PC\",\"remember_token\":\"LfgQXKlEn4hP2H5iYPHALGttOgLWoSja9C2e5nI5IxpZvvExLTowho3TEHY3\",\"created_at\":\"2026-04-03T23:33:20.000000Z\",\"updated_at\":\"2026-05-15T06:33:46.000000Z\",\"invitation_token\":null,\"invitation_sent_at\":null,\"invitation_accepted_at\":\"2026-03-20T12:01:15.000000Z\",\"invitation_expires_at\":null}', '{\"status\":\"active\",\"updated_at\":\"2026-05-15 06:37:59\"}', '127.0.0.1', 'Mozilla/5.0 (Windows NT 10.0; Win64; x64) AppleWebKit/537.36 (KHTML, like Gecko) Chrome/148.0.0.0 Safari/537.36', '2026-05-14 22:37:59', '2026-05-14 22:37:59'),
(393, 8, 'login', NULL, NULL, NULL, NULL, '127.0.0.1', 'Mozilla/5.0 (Windows NT 10.0; Win64; x64) AppleWebKit/537.36 (KHTML, like Gecko) Chrome/148.0.0.0 Safari/537.36', '2026-05-14 22:38:14', '2026-05-14 22:38:14'),
(394, 8, 'updated', 'App\\Models\\User', 8, '{\"id\":8,\"name\":\"Christian Cahilig\",\"email\":\"christianc.xviii@gmail.com\",\"role\":\"customer\",\"status\":\"active\",\"email_verified_at\":null,\"password\":\"$2y$12$cxk1eQLczkk1NtEHfTav2eTVfqp7WOtqfVajdDYlo4X\\/orEQxY6PC\",\"remember_token\":\"LfgQXKlEn4hP2H5iYPHALGttOgLWoSja9C2e5nI5IxpZvvExLTowho3TEHY3\",\"created_at\":\"2026-04-03T23:33:20.000000Z\",\"updated_at\":\"2026-05-15T06:37:59.000000Z\",\"invitation_token\":null,\"invitation_sent_at\":null,\"invitation_accepted_at\":\"2026-03-20T12:01:15.000000Z\",\"invitation_expires_at\":null}', '{\"status\":\"inactive\",\"updated_at\":\"2026-05-15 06:47:29\"}', '127.0.0.1', 'Mozilla/5.0 (Windows NT 10.0; Win64; x64) AppleWebKit/537.36 (KHTML, like Gecko) Chrome/148.0.0.0 Safari/537.36', '2026-05-14 22:47:29', '2026-05-14 22:47:29'),
(395, 8, 'updated', 'App\\Models\\User', 8, '{\"id\":8,\"name\":\"Christian Cahilig\",\"email\":\"christianc.xviii@gmail.com\",\"role\":\"customer\",\"status\":\"inactive\",\"email_verified_at\":null,\"password\":\"$2y$12$cxk1eQLczkk1NtEHfTav2eTVfqp7WOtqfVajdDYlo4X\\/orEQxY6PC\",\"remember_token\":\"LfgQXKlEn4hP2H5iYPHALGttOgLWoSja9C2e5nI5IxpZvvExLTowho3TEHY3\",\"created_at\":\"2026-04-03T23:33:20.000000Z\",\"updated_at\":\"2026-05-15T06:47:29.000000Z\",\"invitation_token\":null,\"invitation_sent_at\":null,\"invitation_accepted_at\":\"2026-03-20T12:01:15.000000Z\",\"invitation_expires_at\":null}', '{\"remember_token\":\"hD0qC7XNDX08qxEGnJKClE2ZA12Imhc2EaGBr53uMnCnek8IoqQ2uVCKAZee\"}', '127.0.0.1', 'Mozilla/5.0 (Windows NT 10.0; Win64; x64) AppleWebKit/537.36 (KHTML, like Gecko) Chrome/148.0.0.0 Safari/537.36', '2026-05-14 22:47:29', '2026-05-14 22:47:29'),
(396, 8, 'logout', NULL, NULL, NULL, NULL, '127.0.0.1', 'Mozilla/5.0 (Windows NT 10.0; Win64; x64) AppleWebKit/537.36 (KHTML, like Gecko) Chrome/148.0.0.0 Safari/537.36', '2026-05-14 22:47:29', '2026-05-14 22:47:29'),
(397, 5, 'updated', 'App\\Models\\User', 8, '{\"id\":8,\"name\":\"Christian Cahilig\",\"email\":\"christianc.xviii@gmail.com\",\"role\":\"customer\",\"status\":\"inactive\",\"email_verified_at\":null,\"password\":\"$2y$12$cxk1eQLczkk1NtEHfTav2eTVfqp7WOtqfVajdDYlo4X\\/orEQxY6PC\",\"remember_token\":\"hD0qC7XNDX08qxEGnJKClE2ZA12Imhc2EaGBr53uMnCnek8IoqQ2uVCKAZee\",\"created_at\":\"2026-04-03T23:33:20.000000Z\",\"updated_at\":\"2026-05-15T06:47:29.000000Z\",\"invitation_token\":null,\"invitation_sent_at\":null,\"invitation_accepted_at\":\"2026-03-20T12:01:15.000000Z\",\"invitation_expires_at\":null}', '{\"status\":\"active\",\"updated_at\":\"2026-05-15 06:47:45\"}', '127.0.0.1', 'Mozilla/5.0 (Windows NT 10.0; Win64; x64) AppleWebKit/537.36 (KHTML, like Gecko) Chrome/148.0.0.0 Safari/537.36', '2026-05-14 22:47:45', '2026-05-14 22:47:45'),
(398, 8, 'login', NULL, NULL, NULL, NULL, '127.0.0.1', 'Mozilla/5.0 (Windows NT 10.0; Win64; x64) AppleWebKit/537.36 (KHTML, like Gecko) Chrome/148.0.0.0 Safari/537.36', '2026-05-14 22:51:47', '2026-05-14 22:51:47'),
(399, 5, 'updated', 'App\\Models\\Appointment', 24, '{\"id\":24,\"customer_id\":5,\"employee_id\":1,\"discount_id\":null,\"appointment_date\":\"2026-05-30T00:00:00.000000Z\",\"appointment_time\":\"2026-05-15T16:30:00.000000Z\",\"status\":\"confirmed\",\"payment_method\":\"gcash\",\"payment_status\":\"for_validation\",\"total_amount\":\"99.00\",\"loyalty_discount_applied\":0,\"created_at\":\"2026-05-15T06:28:23.000000Z\",\"updated_at\":\"2026-05-15T06:29:36.000000Z\",\"deleted_at\":null}', '{\"payment_status\":\"paid\",\"updated_at\":\"2026-05-15 06:52:28\"}', '127.0.0.1', 'Mozilla/5.0 (Windows NT 10.0; Win64; x64) AppleWebKit/537.36 (KHTML, like Gecko) Chrome/148.0.0.0 Safari/537.36', '2026-05-14 22:52:28', '2026-05-14 22:52:28'),
(400, 5, 'updated', 'App\\Models\\Payment', 9, '{\"id\":9,\"appointment_id\":24,\"amount\":\"99.00\",\"payment_method\":\"gcash\",\"reference_number\":\"8249890573985\",\"validated_at\":null,\"status\":\"pending\",\"created_at\":\"2026-05-15T06:28:23.000000Z\",\"updated_at\":\"2026-05-15T06:28:23.000000Z\"}', '{\"validated_at\":\"2026-05-15 06:52:28\",\"status\":\"validated\",\"updated_at\":\"2026-05-15 06:52:28\"}', '127.0.0.1', 'Mozilla/5.0 (Windows NT 10.0; Win64; x64) AppleWebKit/537.36 (KHTML, like Gecko) Chrome/148.0.0.0 Safari/537.36', '2026-05-14 22:52:28', '2026-05-14 22:52:28'),
(401, 5, 'updated', 'App\\Models\\Appointment', 24, '{\"id\":24,\"customer_id\":5,\"employee_id\":1,\"discount_id\":null,\"appointment_date\":\"2026-05-30T00:00:00.000000Z\",\"appointment_time\":\"2026-05-15T16:30:00.000000Z\",\"status\":\"confirmed\",\"payment_method\":\"gcash\",\"payment_status\":\"paid\",\"total_amount\":\"99.00\",\"loyalty_discount_applied\":0,\"created_at\":\"2026-05-15T06:28:23.000000Z\",\"updated_at\":\"2026-05-15T06:52:28.000000Z\",\"deleted_at\":null}', '{\"status\":\"cancelled\",\"updated_at\":\"2026-05-15 06:57:14\"}', '127.0.0.1', 'Mozilla/5.0 (Windows NT 10.0; Win64; x64) AppleWebKit/537.36 (KHTML, like Gecko) Chrome/148.0.0.0 Safari/537.36', '2026-05-14 22:57:14', '2026-05-14 22:57:14'),
(402, 8, 'updated', 'App\\Models\\User', 8, '{\"id\":8,\"name\":\"Christian Cahilig\",\"email\":\"christianc.xviii@gmail.com\",\"role\":\"customer\",\"status\":\"active\",\"email_verified_at\":null,\"password\":\"$2y$12$cxk1eQLczkk1NtEHfTav2eTVfqp7WOtqfVajdDYlo4X\\/orEQxY6PC\",\"remember_token\":\"hD0qC7XNDX08qxEGnJKClE2ZA12Imhc2EaGBr53uMnCnek8IoqQ2uVCKAZee\",\"created_at\":\"2026-04-03T23:33:20.000000Z\",\"updated_at\":\"2026-05-15T06:47:45.000000Z\",\"invitation_token\":null,\"invitation_sent_at\":null,\"invitation_accepted_at\":\"2026-03-20T12:01:15.000000Z\",\"invitation_expires_at\":null}', '{\"remember_token\":\"KClwwv2deSTptzkp7yOgPVuePM170ndAizwefGrvAYk7CkvtW0s7DrGWWUa6\"}', '127.0.0.1', 'Mozilla/5.0 (Windows NT 10.0; Win64; x64) AppleWebKit/537.36 (KHTML, like Gecko) Chrome/148.0.0.0 Safari/537.36', '2026-05-14 23:19:57', '2026-05-14 23:19:57'),
(403, 8, 'logout', NULL, NULL, NULL, NULL, '127.0.0.1', 'Mozilla/5.0 (Windows NT 10.0; Win64; x64) AppleWebKit/537.36 (KHTML, like Gecko) Chrome/148.0.0.0 Safari/537.36', '2026-05-14 23:19:57', '2026-05-14 23:19:57'),
(404, 9, 'login', NULL, NULL, NULL, NULL, '127.0.0.1', 'Mozilla/5.0 (Windows NT 10.0; Win64; x64) AppleWebKit/537.36 (KHTML, like Gecko) Chrome/148.0.0.0 Safari/537.36', '2026-05-14 23:20:03', '2026-05-14 23:20:03'),
(405, 9, 'logout', NULL, NULL, NULL, NULL, '127.0.0.1', 'Mozilla/5.0 (Windows NT 10.0; Win64; x64) AppleWebKit/537.36 (KHTML, like Gecko) Chrome/148.0.0.0 Safari/537.36', '2026-05-14 23:24:24', '2026-05-14 23:24:24'),
(406, 8, 'login', NULL, NULL, NULL, NULL, '127.0.0.1', 'Mozilla/5.0 (Windows NT 10.0; Win64; x64) AppleWebKit/537.36 (KHTML, like Gecko) Chrome/148.0.0.0 Safari/537.36', '2026-05-14 23:24:34', '2026-05-14 23:24:34'),
(407, 8, 'created', 'App\\Models\\Appointment', 25, NULL, '{\"customer_id\":5,\"employee_id\":null,\"discount_id\":null,\"appointment_date\":\"2026-05-16 00:00:00\",\"appointment_time\":\"15:30\",\"status\":\"pending\",\"payment_method\":\"cash\",\"payment_status\":\"pending\",\"total_amount\":\"999.00\",\"updated_at\":\"2026-05-15 07:25:01\",\"created_at\":\"2026-05-15 07:25:01\",\"id\":25}', '127.0.0.1', 'Mozilla/5.0 (Windows NT 10.0; Win64; x64) AppleWebKit/537.36 (KHTML, like Gecko) Chrome/148.0.0.0 Safari/537.36', '2026-05-14 23:25:01', '2026-05-14 23:25:01'),
(408, 8, 'created', 'App\\Models\\Appointment', 26, NULL, '{\"customer_id\":5,\"employee_id\":null,\"discount_id\":null,\"appointment_date\":\"2026-05-17 00:00:00\",\"appointment_time\":\"10:30\",\"status\":\"pending\",\"payment_method\":\"cash\",\"payment_status\":\"pending\",\"total_amount\":\"750.00\",\"updated_at\":\"2026-05-15 07:25:26\",\"created_at\":\"2026-05-15 07:25:26\",\"id\":26}', '127.0.0.1', 'Mozilla/5.0 (Windows NT 10.0; Win64; x64) AppleWebKit/537.36 (KHTML, like Gecko) Chrome/148.0.0.0 Safari/537.36', '2026-05-14 23:25:26', '2026-05-14 23:25:26'),
(409, 5, 'updated', 'App\\Models\\Appointment', 24, '{\"id\":24,\"customer_id\":5,\"employee_id\":1,\"discount_id\":null,\"appointment_date\":\"2026-05-30T00:00:00.000000Z\",\"appointment_time\":\"2026-05-15T16:30:00.000000Z\",\"status\":\"cancelled\",\"payment_method\":\"gcash\",\"payment_status\":\"paid\",\"total_amount\":\"99.00\",\"loyalty_discount_applied\":0,\"created_at\":\"2026-05-15T06:28:23.000000Z\",\"updated_at\":\"2026-05-15T06:57:14.000000Z\",\"deleted_at\":null}', '{\"status\":\"completed\",\"updated_at\":\"2026-05-15 07:27:42\"}', '127.0.0.1', 'Mozilla/5.0 (Windows NT 10.0; Win64; x64) AppleWebKit/537.36 (KHTML, like Gecko) Chrome/148.0.0.0 Safari/537.36', '2026-05-14 23:27:42', '2026-05-14 23:27:42'),
(410, 5, 'updated', 'App\\Models\\Appointment', 25, '{\"id\":25,\"customer_id\":5,\"employee_id\":null,\"discount_id\":null,\"appointment_date\":\"2026-05-16T00:00:00.000000Z\",\"appointment_time\":\"2026-05-15T15:30:00.000000Z\",\"status\":\"pending\",\"payment_method\":\"cash\",\"payment_status\":\"pending\",\"total_amount\":\"999.00\",\"loyalty_discount_applied\":0,\"created_at\":\"2026-05-15T07:25:01.000000Z\",\"updated_at\":\"2026-05-15T07:25:01.000000Z\",\"deleted_at\":null}', '{\"employee_id\":\"5\",\"status\":\"confirmed\",\"updated_at\":\"2026-05-15 07:28:54\"}', '127.0.0.1', 'Mozilla/5.0 (Windows NT 10.0; Win64; x64) AppleWebKit/537.36 (KHTML, like Gecko) Chrome/148.0.0.0 Safari/537.36', '2026-05-14 23:28:54', '2026-05-14 23:28:54'),
(411, 1, 'updated', 'App\\Models\\Appointment', 26, '{\"id\":26,\"customer_id\":5,\"employee_id\":null,\"discount_id\":null,\"appointment_date\":\"2026-05-17T00:00:00.000000Z\",\"appointment_time\":\"2026-05-15T10:30:00.000000Z\",\"status\":\"pending\",\"payment_method\":\"cash\",\"payment_status\":\"pending\",\"total_amount\":\"750.00\",\"loyalty_discount_applied\":0,\"created_at\":\"2026-05-15T07:25:26.000000Z\",\"updated_at\":\"2026-05-15T07:25:26.000000Z\",\"deleted_at\":null}', '{\"employee_id\":\"1\",\"status\":\"confirmed\",\"updated_at\":\"2026-05-15 07:29:34\"}', '127.0.0.1', 'Mozilla/5.0 (Windows NT 10.0; Win64; x64) AppleWebKit/537.36 (KHTML, like Gecko) Chrome/148.0.0.0 Safari/537.36', '2026-05-14 23:29:34', '2026-05-14 23:29:34'),
(412, 5, 'updated', 'App\\Models\\Appointment', 25, '{\"id\":25,\"customer_id\":5,\"employee_id\":5,\"discount_id\":null,\"appointment_date\":\"2026-05-16T00:00:00.000000Z\",\"appointment_time\":\"2026-05-15T15:30:00.000000Z\",\"status\":\"confirmed\",\"payment_method\":\"cash\",\"payment_status\":\"pending\",\"total_amount\":\"999.00\",\"loyalty_discount_applied\":0,\"created_at\":\"2026-05-15T07:25:01.000000Z\",\"updated_at\":\"2026-05-15T07:28:54.000000Z\",\"deleted_at\":null}', '{\"payment_status\":\"paid\",\"updated_at\":\"2026-05-15 07:30:00\"}', '127.0.0.1', 'Mozilla/5.0 (Windows NT 10.0; Win64; x64) AppleWebKit/537.36 (KHTML, like Gecko) Chrome/148.0.0.0 Safari/537.36', '2026-05-14 23:30:00', '2026-05-14 23:30:00'),
(413, 1, 'updated', 'App\\Models\\Appointment', 26, '{\"id\":26,\"customer_id\":5,\"employee_id\":1,\"discount_id\":null,\"appointment_date\":\"2026-05-17T00:00:00.000000Z\",\"appointment_time\":\"2026-05-15T10:30:00.000000Z\",\"status\":\"confirmed\",\"payment_method\":\"cash\",\"payment_status\":\"pending\",\"total_amount\":\"750.00\",\"loyalty_discount_applied\":0,\"created_at\":\"2026-05-15T07:25:26.000000Z\",\"updated_at\":\"2026-05-15T07:29:34.000000Z\",\"deleted_at\":null}', '{\"payment_status\":\"paid\",\"updated_at\":\"2026-05-15 07:30:14\"}', '127.0.0.1', 'Mozilla/5.0 (Windows NT 10.0; Win64; x64) AppleWebKit/537.36 (KHTML, like Gecko) Chrome/148.0.0.0 Safari/537.36', '2026-05-14 23:30:14', '2026-05-14 23:30:14'),
(414, 5, 'updated', 'App\\Models\\Appointment', 25, '{\"id\":25,\"customer_id\":5,\"employee_id\":5,\"discount_id\":null,\"appointment_date\":\"2026-05-16T00:00:00.000000Z\",\"appointment_time\":\"2026-05-15T15:30:00.000000Z\",\"status\":\"confirmed\",\"payment_method\":\"cash\",\"payment_status\":\"paid\",\"total_amount\":\"999.00\",\"loyalty_discount_applied\":0,\"created_at\":\"2026-05-15T07:25:01.000000Z\",\"updated_at\":\"2026-05-15T07:30:00.000000Z\",\"deleted_at\":null}', '{\"status\":\"completed\",\"updated_at\":\"2026-05-15 07:30:31\"}', '127.0.0.1', 'Mozilla/5.0 (Windows NT 10.0; Win64; x64) AppleWebKit/537.36 (KHTML, like Gecko) Chrome/148.0.0.0 Safari/537.36', '2026-05-14 23:30:31', '2026-05-14 23:30:31'),
(415, 1, 'updated', 'App\\Models\\Appointment', 26, '{\"id\":26,\"customer_id\":5,\"employee_id\":1,\"discount_id\":null,\"appointment_date\":\"2026-05-17T00:00:00.000000Z\",\"appointment_time\":\"2026-05-15T10:30:00.000000Z\",\"status\":\"confirmed\",\"payment_method\":\"cash\",\"payment_status\":\"paid\",\"total_amount\":\"750.00\",\"loyalty_discount_applied\":0,\"created_at\":\"2026-05-15T07:25:26.000000Z\",\"updated_at\":\"2026-05-15T07:30:14.000000Z\",\"deleted_at\":null}', '{\"status\":\"completed\",\"updated_at\":\"2026-05-15 07:30:42\"}', '127.0.0.1', 'Mozilla/5.0 (Windows NT 10.0; Win64; x64) AppleWebKit/537.36 (KHTML, like Gecko) Chrome/148.0.0.0 Safari/537.36', '2026-05-14 23:30:42', '2026-05-14 23:30:42'),
(416, 1, 'updated', 'App\\Models\\Customer', 5, '{\"id\":5,\"user_id\":8,\"first_name\":\"Christian\",\"last_name\":\"Cahilig\",\"birthdate\":null,\"mobile_num\":\"09495655839\",\"gender\":null,\"loyalty_discount_available\":0,\"image\":null,\"created_at\":\"2026-04-03T23:33:20.000000Z\",\"updated_at\":\"2026-04-03T23:33:20.000000Z\"}', '{\"loyalty_discount_available\":true,\"updated_at\":\"2026-05-15 07:30:42\"}', '127.0.0.1', 'Mozilla/5.0 (Windows NT 10.0; Win64; x64) AppleWebKit/537.36 (KHTML, like Gecko) Chrome/148.0.0.0 Safari/537.36', '2026-05-14 23:30:42', '2026-05-14 23:30:42'),
(417, 5, 'updated', 'App\\Models\\Appointment', 17, '{\"id\":17,\"customer_id\":7,\"employee_id\":null,\"discount_id\":null,\"appointment_date\":\"2026-05-16T00:00:00.000000Z\",\"appointment_time\":\"2026-05-15T14:16:00.000000Z\",\"status\":\"pending\",\"payment_method\":\"cash\",\"payment_status\":\"pending\",\"total_amount\":\"1200.00\",\"loyalty_discount_applied\":0,\"created_at\":\"2026-05-14T03:16:31.000000Z\",\"updated_at\":\"2026-05-15T05:23:42.000000Z\",\"deleted_at\":null}', '{\"employee_id\":\"7\",\"status\":\"confirmed\",\"updated_at\":\"2026-05-15 07:36:54\"}', '127.0.0.1', 'Mozilla/5.0 (Windows NT 10.0; Win64; x64) AppleWebKit/537.36 (KHTML, like Gecko) Chrome/148.0.0.0 Safari/537.36', '2026-05-14 23:36:54', '2026-05-14 23:36:54'),
(418, 5, 'updated', 'App\\Models\\Appointment', 17, '{\"id\":17,\"customer_id\":7,\"employee_id\":7,\"discount_id\":null,\"appointment_date\":\"2026-05-16T00:00:00.000000Z\",\"appointment_time\":\"2026-05-15T14:16:00.000000Z\",\"status\":\"confirmed\",\"payment_method\":\"cash\",\"payment_status\":\"pending\",\"total_amount\":\"1200.00\",\"loyalty_discount_applied\":0,\"created_at\":\"2026-05-14T03:16:31.000000Z\",\"updated_at\":\"2026-05-15T07:36:54.000000Z\",\"deleted_at\":null}', '{\"payment_status\":\"paid\",\"updated_at\":\"2026-05-15 07:37:19\"}', '127.0.0.1', 'Mozilla/5.0 (Windows NT 10.0; Win64; x64) AppleWebKit/537.36 (KHTML, like Gecko) Chrome/148.0.0.0 Safari/537.36', '2026-05-14 23:37:19', '2026-05-14 23:37:19'),
(419, 5, 'updated', 'App\\Models\\Appointment', 17, '{\"id\":17,\"customer_id\":7,\"employee_id\":7,\"discount_id\":null,\"appointment_date\":\"2026-05-16T00:00:00.000000Z\",\"appointment_time\":\"2026-05-15T14:16:00.000000Z\",\"status\":\"confirmed\",\"payment_method\":\"cash\",\"payment_status\":\"paid\",\"total_amount\":\"1200.00\",\"loyalty_discount_applied\":0,\"created_at\":\"2026-05-14T03:16:31.000000Z\",\"updated_at\":\"2026-05-15T07:37:19.000000Z\",\"deleted_at\":null}', '{\"status\":\"completed\",\"updated_at\":\"2026-05-15 07:37:27\"}', '127.0.0.1', 'Mozilla/5.0 (Windows NT 10.0; Win64; x64) AppleWebKit/537.36 (KHTML, like Gecko) Chrome/148.0.0.0 Safari/537.36', '2026-05-14 23:37:27', '2026-05-14 23:37:27'),
(420, 8, 'updated', 'App\\Models\\Customer', 5, '{\"id\":5,\"user_id\":8,\"first_name\":\"Christian\",\"last_name\":\"Cahilig\",\"birthdate\":null,\"mobile_num\":\"09495655839\",\"gender\":null,\"loyalty_discount_available\":1,\"image\":null,\"created_at\":\"2026-04-03T23:33:20.000000Z\",\"updated_at\":\"2026-05-15T07:30:42.000000Z\"}', '{\"loyalty_discount_available\":false,\"updated_at\":\"2026-05-15 08:27:02\"}', '127.0.0.1', 'Mozilla/5.0 (Windows NT 10.0; Win64; x64) AppleWebKit/537.36 (KHTML, like Gecko) Chrome/148.0.0.0 Safari/537.36', '2026-05-15 00:27:02', '2026-05-15 00:27:02'),
(421, 8, 'created', 'App\\Models\\Appointment', 27, NULL, '{\"customer_id\":5,\"employee_id\":null,\"discount_id\":null,\"appointment_date\":\"2026-05-19 00:00:00\",\"appointment_time\":\"16:30\",\"status\":\"pending\",\"payment_method\":\"cash\",\"payment_status\":\"pending\",\"total_amount\":449.1,\"updated_at\":\"2026-05-15 08:27:02\",\"created_at\":\"2026-05-15 08:27:02\",\"id\":27}', '127.0.0.1', 'Mozilla/5.0 (Windows NT 10.0; Win64; x64) AppleWebKit/537.36 (KHTML, like Gecko) Chrome/148.0.0.0 Safari/537.36', '2026-05-15 00:27:02', '2026-05-15 00:27:02'),
(422, 5, 'updated', 'App\\Models\\Appointment', 27, '{\"id\":27,\"customer_id\":5,\"employee_id\":null,\"discount_id\":null,\"appointment_date\":\"2026-05-19T00:00:00.000000Z\",\"appointment_time\":\"2026-05-15T16:30:00.000000Z\",\"status\":\"pending\",\"cancellation_reason\":null,\"payment_method\":\"cash\",\"payment_status\":\"pending\",\"total_amount\":\"449.10\",\"loyalty_discount_applied\":0,\"created_at\":\"2026-05-15T08:27:02.000000Z\",\"updated_at\":\"2026-05-15T08:27:02.000000Z\",\"deleted_at\":null}', '{\"employee_id\":\"2\",\"status\":\"confirmed\",\"updated_at\":\"2026-05-15 08:27:42\"}', '127.0.0.1', 'Mozilla/5.0 (Windows NT 10.0; Win64; x64) AppleWebKit/537.36 (KHTML, like Gecko) Chrome/148.0.0.0 Safari/537.36', '2026-05-15 00:27:42', '2026-05-15 00:27:42'),
(423, 1, 'updated', 'App\\Models\\Appointment', 27, '{\"id\":27,\"customer_id\":5,\"employee_id\":2,\"discount_id\":null,\"appointment_date\":\"2026-05-19T00:00:00.000000Z\",\"appointment_time\":\"2026-05-15T16:30:00.000000Z\",\"status\":\"confirmed\",\"cancellation_reason\":null,\"payment_method\":\"cash\",\"payment_status\":\"pending\",\"total_amount\":\"449.10\",\"loyalty_discount_applied\":0,\"created_at\":\"2026-05-15T08:27:02.000000Z\",\"updated_at\":\"2026-05-15T08:27:42.000000Z\",\"deleted_at\":null}', '{\"status\":\"cancelled\",\"updated_at\":\"2026-05-15 08:47:48\"}', '127.0.0.1', 'Mozilla/5.0 (Windows NT 10.0; Win64; x64) AppleWebKit/537.36 (KHTML, like Gecko) Chrome/148.0.0.0 Safari/537.36', '2026-05-15 00:47:48', '2026-05-15 00:47:48'),
(424, 1, 'updated', 'App\\Models\\Appointment', 27, '{\"id\":27,\"customer_id\":5,\"employee_id\":2,\"discount_id\":null,\"appointment_date\":\"2026-05-19T00:00:00.000000Z\",\"appointment_time\":\"2026-05-15T16:30:00.000000Z\",\"status\":\"cancelled\",\"cancellation_reason\":null,\"payment_method\":\"cash\",\"payment_status\":\"pending\",\"total_amount\":\"449.10\",\"loyalty_discount_applied\":0,\"created_at\":\"2026-05-15T08:27:02.000000Z\",\"updated_at\":\"2026-05-15T08:47:48.000000Z\",\"deleted_at\":null}', '{\"status\":\"pending\",\"total_amount\":\"499.00\",\"updated_at\":\"2026-05-15 09:03:56\"}', '127.0.0.1', 'Mozilla/5.0 (Windows NT 10.0; Win64; x64) AppleWebKit/537.36 (KHTML, like Gecko) Chrome/148.0.0.0 Safari/537.36', '2026-05-15 01:03:56', '2026-05-15 01:03:56'),
(425, 1, 'updated', 'App\\Models\\Appointment', 27, '{\"id\":27,\"customer_id\":5,\"employee_id\":2,\"discount_id\":null,\"appointment_date\":\"2026-05-19T00:00:00.000000Z\",\"appointment_time\":\"2026-05-15T16:30:00.000000Z\",\"status\":\"pending\",\"cancellation_reason\":null,\"payment_method\":\"cash\",\"payment_status\":\"pending\",\"total_amount\":\"499.00\",\"loyalty_discount_applied\":0,\"created_at\":\"2026-05-15T08:27:02.000000Z\",\"updated_at\":\"2026-05-15T09:03:56.000000Z\",\"deleted_at\":null}', '{\"status\":\"cancelled\",\"updated_at\":\"2026-05-15 09:06:16\"}', '127.0.0.1', 'Mozilla/5.0 (Windows NT 10.0; Win64; x64) AppleWebKit/537.36 (KHTML, like Gecko) Chrome/148.0.0.0 Safari/537.36', '2026-05-15 01:06:16', '2026-05-15 01:06:16'),
(426, 1, 'updated', 'App\\Models\\Appointment', 27, '{\"id\":27,\"customer_id\":5,\"employee_id\":2,\"discount_id\":null,\"appointment_date\":\"2026-05-19T00:00:00.000000Z\",\"appointment_time\":\"2026-05-15T16:30:00.000000Z\",\"status\":\"cancelled\",\"cancellation_reason\":null,\"payment_method\":\"cash\",\"payment_status\":\"pending\",\"total_amount\":\"499.00\",\"loyalty_discount_applied\":0,\"created_at\":\"2026-05-15T08:27:02.000000Z\",\"updated_at\":\"2026-05-15T09:06:16.000000Z\",\"deleted_at\":null}', '{\"status\":\"pending\",\"updated_at\":\"2026-05-15 09:17:58\"}', '127.0.0.1', 'Mozilla/5.0 (Windows NT 10.0; Win64; x64) AppleWebKit/537.36 (KHTML, like Gecko) Chrome/148.0.0.0 Safari/537.36', '2026-05-15 01:17:58', '2026-05-15 01:17:58'),
(427, 1, 'updated', 'App\\Models\\Appointment', 27, '{\"id\":27,\"customer_id\":5,\"employee_id\":2,\"discount_id\":null,\"appointment_date\":\"2026-05-19T00:00:00.000000Z\",\"appointment_time\":\"2026-05-15T16:30:00.000000Z\",\"status\":\"pending\",\"cancellation_reason\":null,\"payment_method\":\"cash\",\"payment_status\":\"pending\",\"total_amount\":\"499.00\",\"loyalty_discount_applied\":0,\"created_at\":\"2026-05-15T08:27:02.000000Z\",\"updated_at\":\"2026-05-15T09:17:58.000000Z\",\"deleted_at\":null}', '{\"status\":\"cancelled\",\"updated_at\":\"2026-05-15 09:18:17\"}', '127.0.0.1', 'Mozilla/5.0 (Windows NT 10.0; Win64; x64) AppleWebKit/537.36 (KHTML, like Gecko) Chrome/148.0.0.0 Safari/537.36', '2026-05-15 01:18:17', '2026-05-15 01:18:17'),
(428, 5, 'updated', 'App\\Models\\Appointment', 21, '{\"id\":21,\"customer_id\":3,\"employee_id\":6,\"discount_id\":null,\"appointment_date\":\"2026-05-23T00:00:00.000000Z\",\"appointment_time\":\"2026-05-15T09:30:00.000000Z\",\"status\":\"confirmed\",\"cancellation_reason\":null,\"payment_method\":\"cash\",\"payment_status\":\"pending\",\"total_amount\":\"199.00\",\"loyalty_discount_applied\":0,\"created_at\":\"2026-05-14T11:14:47.000000Z\",\"updated_at\":\"2026-05-14T13:35:58.000000Z\",\"deleted_at\":null}', '{\"status\":\"cancelled\",\"updated_at\":\"2026-05-15 09:33:01\"}', '127.0.0.1', 'Mozilla/5.0 (Windows NT 10.0; Win64; x64) AppleWebKit/537.36 (KHTML, like Gecko) Chrome/148.0.0.0 Safari/537.36', '2026-05-15 01:33:01', '2026-05-15 01:33:01'),
(429, 1, 'updated', 'App\\Models\\Appointment', 27, '{\"id\":27,\"customer_id\":5,\"employee_id\":2,\"discount_id\":null,\"appointment_date\":\"2026-05-19T00:00:00.000000Z\",\"appointment_time\":\"2026-05-15T16:30:00.000000Z\",\"status\":\"cancelled\",\"cancellation_reason\":null,\"payment_method\":\"cash\",\"payment_status\":\"pending\",\"total_amount\":\"499.00\",\"loyalty_discount_applied\":0,\"created_at\":\"2026-05-15T08:27:02.000000Z\",\"updated_at\":\"2026-05-15T09:18:17.000000Z\",\"deleted_at\":null}', '{\"status\":\"confirmed\",\"updated_at\":\"2026-05-15 09:34:29\"}', '127.0.0.1', 'Mozilla/5.0 (Windows NT 10.0; Win64; x64) AppleWebKit/537.36 (KHTML, like Gecko) Chrome/148.0.0.0 Safari/537.36', '2026-05-15 01:34:29', '2026-05-15 01:34:29'),
(430, 5, 'updated', 'App\\Models\\Appointment', 27, '{\"id\":27,\"customer_id\":5,\"employee_id\":2,\"discount_id\":null,\"appointment_date\":\"2026-05-19T00:00:00.000000Z\",\"appointment_time\":\"2026-05-15T16:30:00.000000Z\",\"status\":\"confirmed\",\"cancellation_reason\":null,\"payment_method\":\"cash\",\"payment_status\":\"pending\",\"total_amount\":\"499.00\",\"loyalty_discount_applied\":0,\"created_at\":\"2026-05-15T08:27:02.000000Z\",\"updated_at\":\"2026-05-15T09:34:29.000000Z\",\"deleted_at\":null}', '{\"status\":\"cancelled\",\"updated_at\":\"2026-05-15 09:35:02\"}', '127.0.0.1', 'Mozilla/5.0 (Windows NT 10.0; Win64; x64) AppleWebKit/537.36 (KHTML, like Gecko) Chrome/148.0.0.0 Safari/537.36', '2026-05-15 01:35:02', '2026-05-15 01:35:02'),
(431, 5, 'updated', 'App\\Models\\Appointment', 27, '{\"id\":27,\"customer_id\":5,\"employee_id\":2,\"discount_id\":null,\"appointment_date\":\"2026-05-19T00:00:00.000000Z\",\"appointment_time\":\"2026-05-15T16:30:00.000000Z\",\"status\":\"cancelled\",\"cancellation_reason\":null,\"payment_method\":\"cash\",\"payment_status\":\"pending\",\"total_amount\":\"499.00\",\"loyalty_discount_applied\":0,\"created_at\":\"2026-05-15T08:27:02.000000Z\",\"updated_at\":\"2026-05-15T09:35:02.000000Z\",\"deleted_at\":null}', '{\"status\":\"confirmed\",\"updated_at\":\"2026-05-15 09:35:42\"}', '127.0.0.1', 'Mozilla/5.0 (Windows NT 10.0; Win64; x64) AppleWebKit/537.36 (KHTML, like Gecko) Chrome/148.0.0.0 Safari/537.36', '2026-05-15 01:35:42', '2026-05-15 01:35:42'),
(432, 8, 'updated', 'App\\Models\\Appointment', 27, '{\"id\":27,\"customer_id\":5,\"employee_id\":2,\"discount_id\":null,\"appointment_date\":\"2026-05-19T00:00:00.000000Z\",\"appointment_time\":\"2026-05-15T16:30:00.000000Z\",\"status\":\"confirmed\",\"cancellation_reason\":null,\"payment_method\":\"cash\",\"payment_status\":\"pending\",\"total_amount\":\"499.00\",\"loyalty_discount_applied\":0,\"created_at\":\"2026-05-15T08:27:02.000000Z\",\"updated_at\":\"2026-05-15T09:35:42.000000Z\",\"deleted_at\":null}', '{\"status\":\"cancelled\",\"updated_at\":\"2026-05-15 09:36:41\"}', '127.0.0.1', 'Mozilla/5.0 (Windows NT 10.0; Win64; x64) AppleWebKit/537.36 (KHTML, like Gecko) Chrome/148.0.0.0 Safari/537.36', '2026-05-15 01:36:41', '2026-05-15 01:36:41'),
(433, 1, 'updated', 'App\\Models\\Discount', 2, '{\"id\":2,\"name\":\"Valentines Discount\",\"code\":\"L0VEW1NS2026\",\"type\":\"percentage\",\"value\":\"50.00\",\"start_date\":\"2026-02-13T00:00:00.000000Z\",\"end_date\":\"2026-03-14T00:00:00.000000Z\",\"usage_limit\":1,\"status\":\"active\",\"created_at\":\"2026-03-21T11:22:02.000000Z\",\"updated_at\":\"2026-03-31T03:30:22.000000Z\",\"deleted_at\":null}', '{\"start_date\":\"2026-01-01 00:00:00\",\"end_date\":\"2026-12-31 00:00:00\",\"updated_at\":\"2026-05-15 09:47:24\"}', '127.0.0.1', 'Mozilla/5.0 (Windows NT 10.0; Win64; x64) AppleWebKit/537.36 (KHTML, like Gecko) Chrome/148.0.0.0 Safari/537.36', '2026-05-15 01:47:24', '2026-05-15 01:47:24'),
(434, 5, 'created', 'App\\Models\\Appointment', 28, NULL, '{\"customer_id\":12,\"employee_id\":\"7\",\"discount_id\":\"2\",\"appointment_date\":\"2026-05-28 00:00:00\",\"appointment_time\":\"09:00\",\"status\":\"confirmed\",\"payment_method\":\"cash\",\"payment_status\":\"pending\",\"total_amount\":350,\"updated_at\":\"2026-05-15 10:52:33\",\"created_at\":\"2026-05-15 10:52:33\",\"id\":28}', '127.0.0.1', 'Mozilla/5.0 (Windows NT 10.0; Win64; x64) AppleWebKit/537.36 (KHTML, like Gecko) Chrome/148.0.0.0 Safari/537.36', '2026-05-15 02:52:33', '2026-05-15 02:52:33'),
(435, 6, 'login', NULL, NULL, NULL, NULL, '127.0.0.1', 'Mozilla/5.0 (Windows NT 10.0; Win64; x64) AppleWebKit/537.36 (KHTML, like Gecko) Chrome/148.0.0.0 Safari/537.36', '2026-05-19 12:38:54', '2026-05-19 12:38:54'),
(436, 6, 'created', 'App\\Models\\Appointment', 29, NULL, '{\"customer_id\":3,\"employee_id\":null,\"discount_id\":null,\"appointment_date\":\"2026-05-20 00:00:00\",\"appointment_time\":\"09:00\",\"status\":\"pending\",\"payment_method\":\"cash\",\"payment_status\":\"pending\",\"total_amount\":\"499.00\",\"updated_at\":\"2026-05-19 20:47:11\",\"created_at\":\"2026-05-19 20:47:11\",\"id\":29}', '127.0.0.1', 'Mozilla/5.0 (Windows NT 10.0; Win64; x64) AppleWebKit/537.36 (KHTML, like Gecko) Chrome/148.0.0.0 Safari/537.36', '2026-05-19 12:47:11', '2026-05-19 12:47:11'),
(437, 6, 'logout', NULL, NULL, NULL, NULL, '127.0.0.1', 'Mozilla/5.0 (Windows NT 10.0; Win64; x64) AppleWebKit/537.36 (KHTML, like Gecko) Chrome/148.0.0.0 Safari/537.36', '2026-05-19 12:50:50', '2026-05-19 12:50:50'),
(438, 6, 'login', NULL, NULL, NULL, NULL, '127.0.0.1', 'Mozilla/5.0 (Windows NT 10.0; Win64; x64) AppleWebKit/537.36 (KHTML, like Gecko) Chrome/148.0.0.0 Safari/537.36', '2026-05-19 17:47:40', '2026-05-19 17:47:40'),
(439, 1, 'login', NULL, NULL, NULL, NULL, '127.0.0.1', 'Mozilla/5.0 (Windows NT 10.0; Win64; x64) AppleWebKit/537.36 (KHTML, like Gecko) Chrome/148.0.0.0 Safari/537.36', '2026-05-22 00:30:07', '2026-05-22 00:30:07'),
(440, 1, 'updated', 'App\\Models\\Customer', 4, '{\"id\":4,\"user_id\":7,\"first_name\":\"Hazeljoy\",\"last_name\":\"Hingpit\",\"birthdate\":null,\"mobile_num\":\"09176347815\",\"gender\":null,\"loyalty_discount_available\":1,\"image\":null,\"created_at\":\"2026-03-21T06:56:44.000000Z\",\"updated_at\":\"2026-05-14T13:53:30.000000Z\"}', '{\"loyalty_discount_available\":false,\"updated_at\":\"2026-05-22 08:31:18\"}', '127.0.0.1', 'Mozilla/5.0 (Windows NT 10.0; Win64; x64) AppleWebKit/537.36 (KHTML, like Gecko) Chrome/148.0.0.0 Safari/537.36', '2026-05-22 00:31:18', '2026-05-22 00:31:18'),
(441, 1, 'created', 'App\\Models\\Appointment', 30, NULL, '{\"customer_id\":4,\"employee_id\":null,\"discount_id\":null,\"appointment_date\":\"2026-05-22 00:00:00\",\"appointment_time\":\"09:30\",\"status\":\"pending\",\"payment_method\":\"cash\",\"payment_status\":\"pending\",\"total_amount\":899.1,\"updated_at\":\"2026-05-22 08:31:18\",\"created_at\":\"2026-05-22 08:31:18\",\"id\":30}', '127.0.0.1', 'Mozilla/5.0 (Windows NT 10.0; Win64; x64) AppleWebKit/537.36 (KHTML, like Gecko) Chrome/148.0.0.0 Safari/537.36', '2026-05-22 00:31:18', '2026-05-22 00:31:18'),
(442, 1, 'logout', NULL, NULL, NULL, NULL, '127.0.0.1', 'Mozilla/5.0 (Windows NT 10.0; Win64; x64) AppleWebKit/537.36 (KHTML, like Gecko) Chrome/148.0.0.0 Safari/537.36', '2026-05-22 00:32:15', '2026-05-22 00:32:15'),
(443, 1, 'login', NULL, NULL, NULL, NULL, '127.0.0.1', 'Mozilla/5.0 (Windows NT 10.0; Win64; x64) AppleWebKit/537.36 (KHTML, like Gecko) Chrome/148.0.0.0 Safari/537.36', '2026-05-22 00:32:57', '2026-05-22 00:32:57'),
(444, 1, 'created', 'App\\Models\\Appointment', 31, NULL, '{\"customer_id\":11,\"employee_id\":null,\"discount_id\":null,\"appointment_date\":\"2026-05-23 00:00:00\",\"appointment_time\":\"17:30\",\"status\":\"pending\",\"payment_method\":\"gcash\",\"payment_status\":\"for_validation\",\"total_amount\":\"999.00\",\"updated_at\":\"2026-05-22 08:34:20\",\"created_at\":\"2026-05-22 08:34:20\",\"id\":31}', '127.0.0.1', 'Mozilla/5.0 (Windows NT 10.0; Win64; x64) AppleWebKit/537.36 (KHTML, like Gecko) Chrome/148.0.0.0 Safari/537.36', '2026-05-22 00:34:20', '2026-05-22 00:34:20'),
(445, 1, 'created', 'App\\Models\\Payment', 10, NULL, '{\"appointment_id\":31,\"amount\":\"999.00\",\"payment_method\":\"gcash\",\"reference_number\":\"2094021074907\",\"status\":\"pending\",\"updated_at\":\"2026-05-22 08:34:20\",\"created_at\":\"2026-05-22 08:34:20\",\"id\":10}', '127.0.0.1', 'Mozilla/5.0 (Windows NT 10.0; Win64; x64) AppleWebKit/537.36 (KHTML, like Gecko) Chrome/148.0.0.0 Safari/537.36', '2026-05-22 00:34:20', '2026-05-22 00:34:20'),
(446, 1, 'logout', NULL, NULL, NULL, NULL, '127.0.0.1', 'Mozilla/5.0 (Windows NT 10.0; Win64; x64) AppleWebKit/537.36 (KHTML, like Gecko) Chrome/148.0.0.0 Safari/537.36', '2026-05-22 00:34:24', '2026-05-22 00:34:24'),
(447, 5, 'login', NULL, NULL, NULL, NULL, '127.0.0.1', 'Mozilla/5.0 (Windows NT 10.0; Win64; x64) AppleWebKit/537.36 (KHTML, like Gecko) Chrome/148.0.0.0 Safari/537.36', '2026-05-22 00:34:34', '2026-05-22 00:34:34'),
(448, 5, 'created', 'App\\Models\\Appointment', 32, NULL, '{\"customer_id\":12,\"employee_id\":null,\"discount_id\":null,\"appointment_date\":\"2026-05-23 00:00:00\",\"appointment_time\":\"18:00\",\"status\":\"pending\",\"payment_method\":\"gcash\",\"payment_status\":\"for_validation\",\"total_amount\":\"750.00\",\"updated_at\":\"2026-05-22 08:35:31\",\"created_at\":\"2026-05-22 08:35:31\",\"id\":32}', '127.0.0.1', 'Mozilla/5.0 (Windows NT 10.0; Win64; x64) AppleWebKit/537.36 (KHTML, like Gecko) Chrome/148.0.0.0 Safari/537.36', '2026-05-22 00:35:31', '2026-05-22 00:35:31'),
(449, 5, 'created', 'App\\Models\\Payment', 11, NULL, '{\"appointment_id\":32,\"amount\":\"750.00\",\"payment_method\":\"gcash\",\"reference_number\":\"2534643673477\",\"status\":\"pending\",\"updated_at\":\"2026-05-22 08:35:31\",\"created_at\":\"2026-05-22 08:35:31\",\"id\":11}', '127.0.0.1', 'Mozilla/5.0 (Windows NT 10.0; Win64; x64) AppleWebKit/537.36 (KHTML, like Gecko) Chrome/148.0.0.0 Safari/537.36', '2026-05-22 00:35:31', '2026-05-22 00:35:31'),
(450, 5, 'logout', NULL, NULL, NULL, NULL, '127.0.0.1', 'Mozilla/5.0 (Windows NT 10.0; Win64; x64) AppleWebKit/537.36 (KHTML, like Gecko) Chrome/148.0.0.0 Safari/537.36', '2026-05-22 00:35:36', '2026-05-22 00:35:36'),
(451, 6, 'login', NULL, NULL, NULL, NULL, '127.0.0.1', 'Mozilla/5.0 (Windows NT 10.0; Win64; x64) AppleWebKit/537.36 (KHTML, like Gecko) Chrome/148.0.0.0 Safari/537.36', '2026-05-22 00:35:44', '2026-05-22 00:35:44'),
(452, 6, 'created', 'App\\Models\\Appointment', 33, NULL, '{\"customer_id\":3,\"employee_id\":null,\"discount_id\":null,\"appointment_date\":\"2026-05-25 00:00:00\",\"appointment_time\":\"18:30\",\"status\":\"pending\",\"payment_method\":\"gcash\",\"payment_status\":\"for_validation\",\"total_amount\":\"499.00\",\"updated_at\":\"2026-05-22 08:36:42\",\"created_at\":\"2026-05-22 08:36:42\",\"id\":33}', '127.0.0.1', 'Mozilla/5.0 (Windows NT 10.0; Win64; x64) AppleWebKit/537.36 (KHTML, like Gecko) Chrome/148.0.0.0 Safari/537.36', '2026-05-22 00:36:42', '2026-05-22 00:36:42'),
(453, 6, 'created', 'App\\Models\\Payment', 12, NULL, '{\"amount\":\"499.00\",\"payment_method\":\"gcash\",\"reference_number\":\"3523523355325\",\"status\":\"pending\",\"appointment_id\":33,\"updated_at\":\"2026-05-22 08:36:42\",\"created_at\":\"2026-05-22 08:36:42\",\"id\":12}', '127.0.0.1', 'Mozilla/5.0 (Windows NT 10.0; Win64; x64) AppleWebKit/537.36 (KHTML, like Gecko) Chrome/148.0.0.0 Safari/537.36', '2026-05-22 00:36:42', '2026-05-22 00:36:42'),
(454, 6, 'logout', NULL, NULL, NULL, NULL, '127.0.0.1', 'Mozilla/5.0 (Windows NT 10.0; Win64; x64) AppleWebKit/537.36 (KHTML, like Gecko) Chrome/148.0.0.0 Safari/537.36', '2026-05-22 01:29:41', '2026-05-22 01:29:41'),
(455, 6, 'login', NULL, NULL, NULL, NULL, '127.0.0.1', 'Mozilla/5.0 (Windows NT 10.0; Win64; x64) AppleWebKit/537.36 (KHTML, like Gecko) Chrome/148.0.0.0 Safari/537.36', '2026-05-22 01:29:58', '2026-05-22 01:29:58'),
(456, 6, 'logout', NULL, NULL, NULL, NULL, '127.0.0.1', 'Mozilla/5.0 (Windows NT 10.0; Win64; x64) AppleWebKit/537.36 (KHTML, like Gecko) Chrome/148.0.0.0 Safari/537.36', '2026-05-22 01:35:16', '2026-05-22 01:35:16'),
(457, 6, 'login', NULL, NULL, NULL, NULL, '127.0.0.1', 'Mozilla/5.0 (Windows NT 10.0; Win64; x64) AppleWebKit/537.36 (KHTML, like Gecko) Chrome/148.0.0.0 Safari/537.36', '2026-05-22 01:35:29', '2026-05-22 01:35:29'),
(458, 6, 'created', 'App\\Models\\Appointment', 34, NULL, '{\"customer_id\":3,\"employee_id\":null,\"discount_id\":null,\"appointment_date\":\"2026-05-25 00:00:00\",\"appointment_time\":\"18:30\",\"status\":\"pending\",\"payment_method\":\"gcash\",\"payment_status\":\"for_validation\",\"total_amount\":\"1200.00\",\"updated_at\":\"2026-05-22 09:37:21\",\"created_at\":\"2026-05-22 09:37:21\",\"id\":34}', '127.0.0.1', 'Mozilla/5.0 (Windows NT 10.0; Win64; x64) AppleWebKit/537.36 (KHTML, like Gecko) Chrome/148.0.0.0 Safari/537.36', '2026-05-22 01:37:21', '2026-05-22 01:37:21'),
(459, 6, 'created', 'App\\Models\\Payment', 13, NULL, '{\"amount\":\"1200.00\",\"payment_method\":\"gcash\",\"reference_number\":\"3535253235352\",\"status\":\"pending\",\"appointment_id\":34,\"updated_at\":\"2026-05-22 09:37:21\",\"created_at\":\"2026-05-22 09:37:21\",\"id\":13}', '127.0.0.1', 'Mozilla/5.0 (Windows NT 10.0; Win64; x64) AppleWebKit/537.36 (KHTML, like Gecko) Chrome/148.0.0.0 Safari/537.36', '2026-05-22 01:37:21', '2026-05-22 01:37:21'),
(460, 6, 'created', 'App\\Models\\Appointment', 35, NULL, '{\"customer_id\":3,\"employee_id\":null,\"discount_id\":null,\"appointment_date\":\"2026-05-25 00:00:00\",\"appointment_time\":\"17:00\",\"status\":\"pending\",\"payment_method\":\"gcash\",\"payment_status\":\"for_validation\",\"total_amount\":\"1200.00\",\"updated_at\":\"2026-05-22 09:40:01\",\"created_at\":\"2026-05-22 09:40:01\",\"id\":35}', '127.0.0.1', 'Mozilla/5.0 (Windows NT 10.0; Win64; x64) AppleWebKit/537.36 (KHTML, like Gecko) Chrome/148.0.0.0 Safari/537.36', '2026-05-22 01:40:01', '2026-05-22 01:40:01'),
(461, 6, 'created', 'App\\Models\\Payment', 14, NULL, '{\"amount\":\"1200.00\",\"payment_method\":\"gcash\",\"reference_number\":\"3535636535235\",\"status\":\"pending\",\"appointment_id\":35,\"updated_at\":\"2026-05-22 09:40:01\",\"created_at\":\"2026-05-22 09:40:01\",\"id\":14}', '127.0.0.1', 'Mozilla/5.0 (Windows NT 10.0; Win64; x64) AppleWebKit/537.36 (KHTML, like Gecko) Chrome/148.0.0.0 Safari/537.36', '2026-05-22 01:40:01', '2026-05-22 01:40:01'),
(462, 6, 'login', NULL, NULL, NULL, NULL, '127.0.0.1', 'Mozilla/5.0 (Windows NT 10.0; Win64; x64) AppleWebKit/537.36 (KHTML, like Gecko) Chrome/148.0.0.0 Safari/537.36', '2026-05-22 05:22:11', '2026-05-22 05:22:11'),
(463, 6, 'created', 'App\\Models\\Appointment', 36, NULL, '{\"customer_id\":3,\"employee_id\":null,\"discount_id\":null,\"appointment_date\":\"2026-05-26 00:00:00\",\"appointment_time\":\"10:30\",\"status\":\"pending\",\"payment_method\":\"gcash\",\"payment_status\":\"for_validation\",\"total_amount\":\"300.00\",\"updated_at\":\"2026-05-22 13:24:53\",\"created_at\":\"2026-05-22 13:24:53\",\"id\":36}', '127.0.0.1', 'Mozilla/5.0 (Windows NT 10.0; Win64; x64) AppleWebKit/537.36 (KHTML, like Gecko) Chrome/148.0.0.0 Safari/537.36', '2026-05-22 05:24:53', '2026-05-22 05:24:53'),
(464, 6, 'created', 'App\\Models\\Payment', 15, NULL, '{\"amount\":\"300.00\",\"payment_method\":\"gcash\",\"reference_number\":\"1289477219749\",\"status\":\"pending\",\"appointment_id\":36,\"updated_at\":\"2026-05-22 13:24:53\",\"created_at\":\"2026-05-22 13:24:53\",\"id\":15}', '127.0.0.1', 'Mozilla/5.0 (Windows NT 10.0; Win64; x64) AppleWebKit/537.36 (KHTML, like Gecko) Chrome/148.0.0.0 Safari/537.36', '2026-05-22 05:24:53', '2026-05-22 05:24:53'),
(465, 6, 'updated', 'App\\Models\\Appointment', 36, '{\"id\":36,\"customer_id\":3,\"employee_id\":null,\"discount_id\":null,\"appointment_date\":\"2026-05-26T00:00:00.000000Z\",\"appointment_time\":\"2026-05-22T10:30:00.000000Z\",\"status\":\"pending\",\"cancellation_reason\":null,\"payment_method\":\"gcash\",\"payment_status\":\"for_validation\",\"total_amount\":\"300.00\",\"loyalty_discount_applied\":0,\"created_at\":\"2026-05-22T13:24:53.000000Z\",\"updated_at\":\"2026-05-22T13:24:53.000000Z\",\"deleted_at\":null}', '{\"appointment_time\":\"11:30\",\"updated_at\":\"2026-05-22 13:25:16\"}', '127.0.0.1', 'Mozilla/5.0 (Windows NT 10.0; Win64; x64) AppleWebKit/537.36 (KHTML, like Gecko) Chrome/148.0.0.0 Safari/537.36', '2026-05-22 05:25:16', '2026-05-22 05:25:16'),
(466, 6, 'updated', 'App\\Models\\Appointment', 36, '{\"id\":36,\"customer_id\":3,\"employee_id\":null,\"discount_id\":null,\"appointment_date\":\"2026-05-26T00:00:00.000000Z\",\"appointment_time\":\"2026-05-22T11:30:00.000000Z\",\"status\":\"pending\",\"cancellation_reason\":null,\"payment_method\":\"gcash\",\"payment_status\":\"for_validation\",\"total_amount\":\"300.00\",\"loyalty_discount_applied\":0,\"created_at\":\"2026-05-22T13:24:53.000000Z\",\"updated_at\":\"2026-05-22T13:25:16.000000Z\",\"deleted_at\":null}', '{\"status\":\"cancelled\",\"updated_at\":\"2026-05-22 13:26:48\"}', '127.0.0.1', 'Mozilla/5.0 (Windows NT 10.0; Win64; x64) AppleWebKit/537.36 (KHTML, like Gecko) Chrome/148.0.0.0 Safari/537.36', '2026-05-22 05:26:48', '2026-05-22 05:26:48'),
(467, 6, 'logout', NULL, NULL, NULL, NULL, '127.0.0.1', 'Mozilla/5.0 (Windows NT 10.0; Win64; x64) AppleWebKit/537.36 (KHTML, like Gecko) Chrome/148.0.0.0 Safari/537.36', '2026-05-22 05:28:15', '2026-05-22 05:28:15'),
(468, 5, 'login', NULL, NULL, NULL, NULL, '127.0.0.1', 'Mozilla/5.0 (Windows NT 10.0; Win64; x64) AppleWebKit/537.36 (KHTML, like Gecko) Chrome/148.0.0.0 Safari/537.36', '2026-05-22 05:28:23', '2026-05-22 05:28:23');
INSERT INTO `audit_logs` (`id`, `user_id`, `action`, `model_type`, `model_id`, `old_values`, `new_values`, `ip`, `user_agent`, `created_at`, `updated_at`) VALUES
(469, 5, 'created', 'App\\Models\\User', 25, NULL, '{\"name\":\"Jonathan Byers\",\"email\":\"jbyers@gmail.com\",\"password\":\"$2y$12$6AwSNMM4wFuGT1IDwCRi4OXN8Jd1zV1LV6UwWQFnz\\/S5Mwe1Jvnmy\",\"role\":\"customer\",\"status\":\"active\",\"updated_at\":\"2026-05-22 13:32:15\",\"created_at\":\"2026-05-22 13:32:15\",\"id\":25}', '127.0.0.1', 'Mozilla/5.0 (Windows NT 10.0; Win64; x64) AppleWebKit/537.36 (KHTML, like Gecko) Chrome/148.0.0.0 Safari/537.36', '2026-05-22 05:32:15', '2026-05-22 05:32:15'),
(470, 5, 'created', 'App\\Models\\Customer', 14, NULL, '{\"user_id\":25,\"first_name\":\"Jonathan\",\"last_name\":\"Byers\",\"mobile_num\":\"09761847612\",\"updated_at\":\"2026-05-22 13:32:15\",\"created_at\":\"2026-05-22 13:32:15\",\"id\":14}', '127.0.0.1', 'Mozilla/5.0 (Windows NT 10.0; Win64; x64) AppleWebKit/537.36 (KHTML, like Gecko) Chrome/148.0.0.0 Safari/537.36', '2026-05-22 05:32:15', '2026-05-22 05:32:15'),
(471, 5, 'created', 'App\\Models\\Appointment', 37, NULL, '{\"customer_id\":14,\"employee_id\":null,\"discount_id\":null,\"appointment_date\":\"2026-05-25 00:00:00\",\"appointment_time\":\"14:30\",\"status\":\"pending\",\"payment_method\":\"cash\",\"payment_status\":\"pending\",\"total_amount\":\"1500.00\",\"updated_at\":\"2026-05-22 13:32:15\",\"created_at\":\"2026-05-22 13:32:15\",\"id\":37}', '127.0.0.1', 'Mozilla/5.0 (Windows NT 10.0; Win64; x64) AppleWebKit/537.36 (KHTML, like Gecko) Chrome/148.0.0.0 Safari/537.36', '2026-05-22 05:32:15', '2026-05-22 05:32:15'),
(472, 5, 'updated', 'App\\Models\\Appointment', 33, '{\"id\":33,\"customer_id\":3,\"employee_id\":null,\"discount_id\":null,\"appointment_date\":\"2026-05-25T00:00:00.000000Z\",\"appointment_time\":\"2026-05-22T18:30:00.000000Z\",\"status\":\"pending\",\"cancellation_reason\":null,\"payment_method\":\"gcash\",\"payment_status\":\"for_validation\",\"total_amount\":\"499.00\",\"loyalty_discount_applied\":0,\"created_at\":\"2026-05-22T08:36:42.000000Z\",\"updated_at\":\"2026-05-22T08:36:42.000000Z\",\"deleted_at\":null}', '{\"employee_id\":\"6\",\"status\":\"confirmed\",\"updated_at\":\"2026-05-22 13:33:42\"}', '127.0.0.1', 'Mozilla/5.0 (Windows NT 10.0; Win64; x64) AppleWebKit/537.36 (KHTML, like Gecko) Chrome/148.0.0.0 Safari/537.36', '2026-05-22 05:33:42', '2026-05-22 05:33:42'),
(473, 5, 'updated', 'App\\Models\\Appointment', 33, '{\"id\":33,\"customer_id\":3,\"employee_id\":6,\"discount_id\":null,\"appointment_date\":\"2026-05-25T00:00:00.000000Z\",\"appointment_time\":\"2026-05-22T18:30:00.000000Z\",\"status\":\"confirmed\",\"cancellation_reason\":null,\"payment_method\":\"gcash\",\"payment_status\":\"for_validation\",\"total_amount\":\"499.00\",\"loyalty_discount_applied\":0,\"created_at\":\"2026-05-22T08:36:42.000000Z\",\"updated_at\":\"2026-05-22T13:33:42.000000Z\",\"deleted_at\":null}', '{\"payment_status\":\"paid\",\"updated_at\":\"2026-05-22 13:34:30\"}', '127.0.0.1', 'Mozilla/5.0 (Windows NT 10.0; Win64; x64) AppleWebKit/537.36 (KHTML, like Gecko) Chrome/148.0.0.0 Safari/537.36', '2026-05-22 05:34:30', '2026-05-22 05:34:30'),
(474, 5, 'updated', 'App\\Models\\Payment', 12, '{\"id\":12,\"appointment_id\":33,\"amount\":\"499.00\",\"payment_method\":\"gcash\",\"reference_number\":\"3523523355325\",\"validated_at\":null,\"status\":\"pending\",\"created_at\":\"2026-05-22T08:36:42.000000Z\",\"updated_at\":\"2026-05-22T08:36:42.000000Z\"}', '{\"validated_at\":\"2026-05-22 13:34:30\",\"status\":\"validated\",\"updated_at\":\"2026-05-22 13:34:30\"}', '127.0.0.1', 'Mozilla/5.0 (Windows NT 10.0; Win64; x64) AppleWebKit/537.36 (KHTML, like Gecko) Chrome/148.0.0.0 Safari/537.36', '2026-05-22 05:34:30', '2026-05-22 05:34:30'),
(475, 5, 'updated', 'App\\Models\\Appointment', 33, '{\"id\":33,\"customer_id\":3,\"employee_id\":6,\"discount_id\":null,\"appointment_date\":\"2026-05-25T00:00:00.000000Z\",\"appointment_time\":\"2026-05-22T18:30:00.000000Z\",\"status\":\"confirmed\",\"cancellation_reason\":null,\"payment_method\":\"gcash\",\"payment_status\":\"paid\",\"total_amount\":\"499.00\",\"loyalty_discount_applied\":0,\"created_at\":\"2026-05-22T08:36:42.000000Z\",\"updated_at\":\"2026-05-22T13:34:30.000000Z\",\"deleted_at\":null}', '{\"status\":\"completed\",\"updated_at\":\"2026-05-22 13:35:09\"}', '127.0.0.1', 'Mozilla/5.0 (Windows NT 10.0; Win64; x64) AppleWebKit/537.36 (KHTML, like Gecko) Chrome/148.0.0.0 Safari/537.36', '2026-05-22 05:35:09', '2026-05-22 05:35:09'),
(476, 5, 'updated', 'App\\Models\\Appointment', 28, '{\"id\":28,\"customer_id\":12,\"employee_id\":7,\"discount_id\":2,\"appointment_date\":\"2026-05-28T00:00:00.000000Z\",\"appointment_time\":\"2026-05-22T09:00:00.000000Z\",\"status\":\"confirmed\",\"cancellation_reason\":null,\"payment_method\":\"cash\",\"payment_status\":\"pending\",\"total_amount\":\"350.00\",\"loyalty_discount_applied\":0,\"created_at\":\"2026-05-15T10:52:33.000000Z\",\"updated_at\":\"2026-05-15T10:52:33.000000Z\",\"deleted_at\":null}', '{\"status\":\"cancelled\",\"updated_at\":\"2026-05-22 13:36:13\"}', '127.0.0.1', 'Mozilla/5.0 (Windows NT 10.0; Win64; x64) AppleWebKit/537.36 (KHTML, like Gecko) Chrome/148.0.0.0 Safari/537.36', '2026-05-22 05:36:13', '2026-05-22 05:36:13'),
(477, 5, 'logout', NULL, NULL, NULL, NULL, '127.0.0.1', 'Mozilla/5.0 (Windows NT 10.0; Win64; x64) AppleWebKit/537.36 (KHTML, like Gecko) Chrome/148.0.0.0 Safari/537.36', '2026-05-22 05:36:37', '2026-05-22 05:36:37'),
(478, 3, 'login', NULL, NULL, NULL, NULL, '127.0.0.1', 'Mozilla/5.0 (Windows NT 10.0; Win64; x64) AppleWebKit/537.36 (KHTML, like Gecko) Chrome/148.0.0.0 Safari/537.36', '2026-05-22 05:36:48', '2026-05-22 05:36:48'),
(479, 3, 'updated', 'App\\Models\\User', 3, '{\"id\":3,\"name\":\"Bai Fatima Andong\",\"email\":\"bfandong@gmail.com\",\"role\":\"tech\",\"status\":\"active\",\"email_verified_at\":null,\"password\":\"$2y$12$zeAvfua..LaTnvt.BCarIufnNdWIOdhnqHmeutGAiYtTXrb5A.VmK\",\"remember_token\":\"6DKrnyjaLvAJ6qXvLSPTzzkhlN5W5vRXFhJQRwBlf4KSsSgMILmKcwvgpbpg\",\"created_at\":\"2026-03-14T14:22:08.000000Z\",\"updated_at\":\"2026-03-14T14:22:08.000000Z\",\"invitation_token\":null,\"invitation_sent_at\":null,\"invitation_accepted_at\":\"2026-03-20T12:01:15.000000Z\",\"invitation_expires_at\":null}', '{\"remember_token\":\"zqhtCoh4AKDeYjWsFUDBp7PUxMa1qgLZ6LpARlgIt3JTJjaGkT9REtNHm8Hu\"}', '127.0.0.1', 'Mozilla/5.0 (Windows NT 10.0; Win64; x64) AppleWebKit/537.36 (KHTML, like Gecko) Chrome/148.0.0.0 Safari/537.36', '2026-05-22 05:42:59', '2026-05-22 05:42:59'),
(480, 3, 'logout', NULL, NULL, NULL, NULL, '127.0.0.1', 'Mozilla/5.0 (Windows NT 10.0; Win64; x64) AppleWebKit/537.36 (KHTML, like Gecko) Chrome/148.0.0.0 Safari/537.36', '2026-05-22 05:42:59', '2026-05-22 05:42:59'),
(481, NULL, 'created', 'App\\Models\\User', 26, NULL, '{\"name\":\"Max Mayfield\",\"email\":\"mmayfield@gmail.com\",\"password\":\"$2y$12$RiA0YzpXcfQ8mc\\/z9JSpU.koqazZMzx4kvBhNIpxjQruz3WQZW\\/cS\",\"role\":\"customer\",\"status\":\"active\",\"updated_at\":\"2026-05-22 13:47:51\",\"created_at\":\"2026-05-22 13:47:51\",\"id\":26}', '127.0.0.1', 'Mozilla/5.0 (Windows NT 10.0; Win64; x64) AppleWebKit/537.36 (KHTML, like Gecko) Chrome/148.0.0.0 Safari/537.36', '2026-05-22 05:47:51', '2026-05-22 05:47:51'),
(482, NULL, 'created', 'App\\Models\\Customer', 15, NULL, '{\"user_id\":26,\"first_name\":\"Max\",\"last_name\":\"Mayfield\",\"mobile_num\":\"09178563487\",\"updated_at\":\"2026-05-22 13:47:51\",\"created_at\":\"2026-05-22 13:47:51\",\"id\":15}', '127.0.0.1', 'Mozilla/5.0 (Windows NT 10.0; Win64; x64) AppleWebKit/537.36 (KHTML, like Gecko) Chrome/148.0.0.0 Safari/537.36', '2026-05-22 05:47:51', '2026-05-22 05:47:51'),
(483, 26, 'login', NULL, NULL, NULL, NULL, '127.0.0.1', 'Mozilla/5.0 (Windows NT 10.0; Win64; x64) AppleWebKit/537.36 (KHTML, like Gecko) Chrome/148.0.0.0 Safari/537.36', '2026-05-22 05:47:51', '2026-05-22 05:47:51'),
(484, 26, 'updated', 'App\\Models\\Customer', 15, '{\"id\":15,\"user_id\":26,\"first_name\":\"Max\",\"last_name\":\"Mayfield\",\"birthdate\":null,\"mobile_num\":\"09178563487\",\"gender\":null,\"loyalty_discount_available\":0,\"image\":null,\"created_at\":\"2026-05-22T13:47:51.000000Z\",\"updated_at\":\"2026-05-22T13:47:51.000000Z\"}', '{\"birthdate\":\"2003-06-20 00:00:00\",\"gender\":\"female\",\"updated_at\":\"2026-05-22 13:50:17\"}', '127.0.0.1', 'Mozilla/5.0 (Windows NT 10.0; Win64; x64) AppleWebKit/537.36 (KHTML, like Gecko) Chrome/148.0.0.0 Safari/537.36', '2026-05-22 05:50:17', '2026-05-22 05:50:17'),
(485, 26, 'updated', 'App\\Models\\User', 26, '{\"id\":26,\"name\":\"Max Mayfield\",\"email\":\"mmayfield@gmail.com\",\"role\":\"customer\",\"status\":\"active\",\"email_verified_at\":null,\"password\":\"$2y$12$RiA0YzpXcfQ8mc\\/z9JSpU.koqazZMzx4kvBhNIpxjQruz3WQZW\\/cS\",\"remember_token\":null,\"created_at\":\"2026-05-22T13:47:51.000000Z\",\"updated_at\":\"2026-05-22T13:47:51.000000Z\",\"invitation_token\":null,\"invitation_sent_at\":null,\"invitation_accepted_at\":null,\"invitation_expires_at\":null}', '{\"status\":\"inactive\",\"updated_at\":\"2026-05-22 13:50:49\"}', '127.0.0.1', 'Mozilla/5.0 (Windows NT 10.0; Win64; x64) AppleWebKit/537.36 (KHTML, like Gecko) Chrome/148.0.0.0 Safari/537.36', '2026-05-22 05:50:49', '2026-05-22 05:50:49'),
(486, 26, 'logout', NULL, NULL, NULL, NULL, '127.0.0.1', 'Mozilla/5.0 (Windows NT 10.0; Win64; x64) AppleWebKit/537.36 (KHTML, like Gecko) Chrome/148.0.0.0 Safari/537.36', '2026-05-22 05:50:49', '2026-05-22 05:50:49'),
(487, 6, 'login', NULL, NULL, NULL, NULL, '127.0.0.1', 'Mozilla/5.0 (Windows NT 10.0; Win64; x64) AppleWebKit/537.36 (KHTML, like Gecko) Chrome/148.0.0.0 Safari/537.36', '2026-05-22 05:51:29', '2026-05-22 05:51:29'),
(488, 6, 'created', 'App\\Models\\Appointment', 38, NULL, '{\"customer_id\":3,\"employee_id\":null,\"discount_id\":null,\"appointment_date\":\"2026-05-29 00:00:00\",\"appointment_time\":\"12:00\",\"status\":\"pending\",\"payment_method\":\"cash\",\"payment_status\":\"pending\",\"total_amount\":\"300.00\",\"updated_at\":\"2026-05-22 13:52:22\",\"created_at\":\"2026-05-22 13:52:22\",\"id\":38}', '127.0.0.1', 'Mozilla/5.0 (Windows NT 10.0; Win64; x64) AppleWebKit/537.36 (KHTML, like Gecko) Chrome/148.0.0.0 Safari/537.36', '2026-05-22 05:52:22', '2026-05-22 05:52:22'),
(489, 6, 'created', 'App\\Models\\Appointment', 39, NULL, '{\"customer_id\":3,\"employee_id\":null,\"discount_id\":null,\"appointment_date\":\"2026-05-28 00:00:00\",\"appointment_time\":\"14:00\",\"status\":\"pending\",\"payment_method\":\"cash\",\"payment_status\":\"pending\",\"total_amount\":\"199.00\",\"updated_at\":\"2026-05-22 13:52:58\",\"created_at\":\"2026-05-22 13:52:58\",\"id\":39}', '127.0.0.1', 'Mozilla/5.0 (Windows NT 10.0; Win64; x64) AppleWebKit/537.36 (KHTML, like Gecko) Chrome/148.0.0.0 Safari/537.36', '2026-05-22 05:52:58', '2026-05-22 05:52:58'),
(490, 6, 'logout', NULL, NULL, NULL, NULL, '127.0.0.1', 'Mozilla/5.0 (Windows NT 10.0; Win64; x64) AppleWebKit/537.36 (KHTML, like Gecko) Chrome/148.0.0.0 Safari/537.36', '2026-05-22 05:53:05', '2026-05-22 05:53:05'),
(491, 6, 'login', NULL, NULL, NULL, NULL, '127.0.0.1', 'Mozilla/5.0 (Windows NT 10.0; Win64; x64) AppleWebKit/537.36 (KHTML, like Gecko) Chrome/148.0.0.0 Safari/537.36', '2026-05-22 05:54:06', '2026-05-22 05:54:06'),
(492, 5, 'login', NULL, NULL, NULL, NULL, '127.0.0.1', 'Mozilla/5.0 (Windows NT 10.0; Win64; x64) AppleWebKit/537.36 (KHTML, like Gecko) Chrome/148.0.0.0 Safari/537.36', '2026-05-22 05:54:14', '2026-05-22 05:54:14'),
(493, 5, 'updated', 'App\\Models\\Appointment', 38, '{\"id\":38,\"customer_id\":3,\"employee_id\":null,\"discount_id\":null,\"appointment_date\":\"2026-05-29T00:00:00.000000Z\",\"appointment_time\":\"2026-05-22T12:00:00.000000Z\",\"status\":\"pending\",\"cancellation_reason\":null,\"payment_method\":\"cash\",\"payment_status\":\"pending\",\"total_amount\":\"300.00\",\"loyalty_discount_applied\":0,\"created_at\":\"2026-05-22T13:52:22.000000Z\",\"updated_at\":\"2026-05-22T13:52:22.000000Z\",\"deleted_at\":null}', '{\"employee_id\":\"1\",\"status\":\"confirmed\",\"updated_at\":\"2026-05-22 13:55:25\"}', '127.0.0.1', 'Mozilla/5.0 (Windows NT 10.0; Win64; x64) AppleWebKit/537.36 (KHTML, like Gecko) Chrome/148.0.0.0 Safari/537.36', '2026-05-22 05:55:25', '2026-05-22 05:55:25'),
(494, 5, 'updated', 'App\\Models\\Appointment', 38, '{\"id\":38,\"customer_id\":3,\"employee_id\":1,\"discount_id\":null,\"appointment_date\":\"2026-05-29T00:00:00.000000Z\",\"appointment_time\":\"2026-05-22T12:00:00.000000Z\",\"status\":\"confirmed\",\"cancellation_reason\":null,\"payment_method\":\"cash\",\"payment_status\":\"pending\",\"total_amount\":\"300.00\",\"loyalty_discount_applied\":0,\"created_at\":\"2026-05-22T13:52:22.000000Z\",\"updated_at\":\"2026-05-22T13:55:25.000000Z\",\"deleted_at\":null}', '{\"payment_status\":\"paid\",\"updated_at\":\"2026-05-22 13:55:45\"}', '127.0.0.1', 'Mozilla/5.0 (Windows NT 10.0; Win64; x64) AppleWebKit/537.36 (KHTML, like Gecko) Chrome/148.0.0.0 Safari/537.36', '2026-05-22 05:55:45', '2026-05-22 05:55:45'),
(495, 5, 'updated', 'App\\Models\\Appointment', 38, '{\"id\":38,\"customer_id\":3,\"employee_id\":1,\"discount_id\":null,\"appointment_date\":\"2026-05-29T00:00:00.000000Z\",\"appointment_time\":\"2026-05-22T12:00:00.000000Z\",\"status\":\"confirmed\",\"cancellation_reason\":null,\"payment_method\":\"cash\",\"payment_status\":\"paid\",\"total_amount\":\"300.00\",\"loyalty_discount_applied\":0,\"created_at\":\"2026-05-22T13:52:22.000000Z\",\"updated_at\":\"2026-05-22T13:55:45.000000Z\",\"deleted_at\":null}', '{\"status\":\"completed\",\"updated_at\":\"2026-05-22 13:55:59\"}', '127.0.0.1', 'Mozilla/5.0 (Windows NT 10.0; Win64; x64) AppleWebKit/537.36 (KHTML, like Gecko) Chrome/148.0.0.0 Safari/537.36', '2026-05-22 05:55:59', '2026-05-22 05:55:59'),
(496, 5, 'updated', 'App\\Models\\Appointment', 39, '{\"id\":39,\"customer_id\":3,\"employee_id\":null,\"discount_id\":null,\"appointment_date\":\"2026-05-28T00:00:00.000000Z\",\"appointment_time\":\"2026-05-22T14:00:00.000000Z\",\"status\":\"pending\",\"cancellation_reason\":null,\"payment_method\":\"cash\",\"payment_status\":\"pending\",\"total_amount\":\"199.00\",\"loyalty_discount_applied\":0,\"created_at\":\"2026-05-22T13:52:58.000000Z\",\"updated_at\":\"2026-05-22T13:52:58.000000Z\",\"deleted_at\":null}', '{\"employee_id\":\"2\",\"status\":\"confirmed\",\"updated_at\":\"2026-05-22 13:56:23\"}', '127.0.0.1', 'Mozilla/5.0 (Windows NT 10.0; Win64; x64) AppleWebKit/537.36 (KHTML, like Gecko) Chrome/148.0.0.0 Safari/537.36', '2026-05-22 05:56:23', '2026-05-22 05:56:23'),
(497, 5, 'updated', 'App\\Models\\Appointment', 39, '{\"id\":39,\"customer_id\":3,\"employee_id\":2,\"discount_id\":null,\"appointment_date\":\"2026-05-28T00:00:00.000000Z\",\"appointment_time\":\"2026-05-22T14:00:00.000000Z\",\"status\":\"confirmed\",\"cancellation_reason\":null,\"payment_method\":\"cash\",\"payment_status\":\"pending\",\"total_amount\":\"199.00\",\"loyalty_discount_applied\":0,\"created_at\":\"2026-05-22T13:52:58.000000Z\",\"updated_at\":\"2026-05-22T13:56:23.000000Z\",\"deleted_at\":null}', '{\"payment_status\":\"paid\",\"updated_at\":\"2026-05-22 13:56:40\"}', '127.0.0.1', 'Mozilla/5.0 (Windows NT 10.0; Win64; x64) AppleWebKit/537.36 (KHTML, like Gecko) Chrome/148.0.0.0 Safari/537.36', '2026-05-22 05:56:40', '2026-05-22 05:56:40'),
(498, 5, 'updated', 'App\\Models\\Appointment', 39, '{\"id\":39,\"customer_id\":3,\"employee_id\":2,\"discount_id\":null,\"appointment_date\":\"2026-05-28T00:00:00.000000Z\",\"appointment_time\":\"2026-05-22T14:00:00.000000Z\",\"status\":\"confirmed\",\"cancellation_reason\":null,\"payment_method\":\"cash\",\"payment_status\":\"paid\",\"total_amount\":\"199.00\",\"loyalty_discount_applied\":0,\"created_at\":\"2026-05-22T13:52:58.000000Z\",\"updated_at\":\"2026-05-22T13:56:40.000000Z\",\"deleted_at\":null}', '{\"status\":\"completed\",\"updated_at\":\"2026-05-22 13:56:49\"}', '127.0.0.1', 'Mozilla/5.0 (Windows NT 10.0; Win64; x64) AppleWebKit/537.36 (KHTML, like Gecko) Chrome/148.0.0.0 Safari/537.36', '2026-05-22 05:56:49', '2026-05-22 05:56:49'),
(499, 5, 'updated', 'App\\Models\\Customer', 3, '{\"id\":3,\"user_id\":6,\"first_name\":\"John Llorie\",\"last_name\":\"Sarmiento\",\"birthdate\":\"2005-01-13T00:00:00.000000Z\",\"mobile_num\":\"09781378131\",\"gender\":\"male\",\"loyalty_discount_available\":0,\"image\":\"customers\\/sSk2mTYeU7VmS8oy1ViVTPiVMpomVHSVGkS0Ykxf.png\",\"created_at\":\"2026-03-21T01:12:25.000000Z\",\"updated_at\":\"2026-05-14T14:00:37.000000Z\"}', '{\"loyalty_discount_available\":true,\"updated_at\":\"2026-05-22 13:56:49\"}', '127.0.0.1', 'Mozilla/5.0 (Windows NT 10.0; Win64; x64) AppleWebKit/537.36 (KHTML, like Gecko) Chrome/148.0.0.0 Safari/537.36', '2026-05-22 05:56:49', '2026-05-22 05:56:49'),
(500, 6, 'updated', 'App\\Models\\Customer', 3, '{\"id\":3,\"user_id\":6,\"first_name\":\"John Llorie\",\"last_name\":\"Sarmiento\",\"birthdate\":\"2005-01-13T00:00:00.000000Z\",\"mobile_num\":\"09781378131\",\"gender\":\"male\",\"loyalty_discount_available\":1,\"image\":\"customers\\/sSk2mTYeU7VmS8oy1ViVTPiVMpomVHSVGkS0Ykxf.png\",\"created_at\":\"2026-03-21T01:12:25.000000Z\",\"updated_at\":\"2026-05-22T13:56:49.000000Z\"}', '{\"loyalty_discount_available\":false,\"updated_at\":\"2026-05-22 14:00:15\"}', '127.0.0.1', 'Mozilla/5.0 (Windows NT 10.0; Win64; x64) AppleWebKit/537.36 (KHTML, like Gecko) Chrome/148.0.0.0 Safari/537.36', '2026-05-22 06:00:15', '2026-05-22 06:00:15'),
(501, 6, 'created', 'App\\Models\\Appointment', 40, NULL, '{\"customer_id\":3,\"employee_id\":null,\"discount_id\":null,\"appointment_date\":\"2026-05-30 00:00:00\",\"appointment_time\":\"10:00\",\"status\":\"pending\",\"payment_method\":\"cash\",\"payment_status\":\"pending\",\"total_amount\":630,\"updated_at\":\"2026-05-22 14:00:15\",\"created_at\":\"2026-05-22 14:00:15\",\"id\":40}', '127.0.0.1', 'Mozilla/5.0 (Windows NT 10.0; Win64; x64) AppleWebKit/537.36 (KHTML, like Gecko) Chrome/148.0.0.0 Safari/537.36', '2026-05-22 06:00:15', '2026-05-22 06:00:15'),
(502, 5, 'created', 'App\\Models\\User', 27, NULL, '{\"name\":\"Mike Wheeler\",\"email\":\"mwheeler@gmail.com\",\"password\":\"$2y$12$WOJCKnmq.VyhvMCwiwdhCOou1O4F92wEr8kIAoo3f.fMAYIdqLXeO\",\"role\":\"customer\",\"status\":\"active\",\"updated_at\":\"2026-05-22 14:06:55\",\"created_at\":\"2026-05-22 14:06:55\",\"id\":27}', '127.0.0.1', 'Mozilla/5.0 (Windows NT 10.0; Win64; x64) AppleWebKit/537.36 (KHTML, like Gecko) Chrome/148.0.0.0 Safari/537.36', '2026-05-22 06:06:55', '2026-05-22 06:06:55'),
(503, 5, 'created', 'App\\Models\\Customer', 16, NULL, '{\"user_id\":27,\"first_name\":\"Mike\",\"last_name\":\"Wheeler\",\"mobile_num\":\"09815742148\",\"birthdate\":\"2001-03-12 00:00:00\",\"gender\":\"male\",\"updated_at\":\"2026-05-22 14:06:55\",\"created_at\":\"2026-05-22 14:06:55\",\"id\":16}', '127.0.0.1', 'Mozilla/5.0 (Windows NT 10.0; Win64; x64) AppleWebKit/537.36 (KHTML, like Gecko) Chrome/148.0.0.0 Safari/537.36', '2026-05-22 06:06:55', '2026-05-22 06:06:55'),
(504, 5, 'updated', 'App\\Models\\User', 27, '{\"id\":27,\"name\":\"Mike Wheeler\",\"email\":\"mwheeler@gmail.com\",\"role\":\"customer\",\"status\":\"active\",\"email_verified_at\":null,\"password\":\"$2y$12$WOJCKnmq.VyhvMCwiwdhCOou1O4F92wEr8kIAoo3f.fMAYIdqLXeO\",\"remember_token\":null,\"created_at\":\"2026-05-22T14:06:55.000000Z\",\"updated_at\":\"2026-05-22T14:06:55.000000Z\",\"invitation_token\":null,\"invitation_sent_at\":null,\"invitation_accepted_at\":null,\"invitation_expires_at\":null}', '{\"status\":\"inactive\",\"updated_at\":\"2026-05-22 14:08:50\"}', '127.0.0.1', 'Mozilla/5.0 (Windows NT 10.0; Win64; x64) AppleWebKit/537.36 (KHTML, like Gecko) Chrome/148.0.0.0 Safari/537.36', '2026-05-22 06:08:50', '2026-05-22 06:08:50'),
(505, 5, 'updated', 'App\\Models\\User', 27, '{\"id\":27,\"name\":\"Mike Wheeler\",\"email\":\"mwheeler@gmail.com\",\"role\":\"customer\",\"status\":\"inactive\",\"email_verified_at\":null,\"password\":\"$2y$12$WOJCKnmq.VyhvMCwiwdhCOou1O4F92wEr8kIAoo3f.fMAYIdqLXeO\",\"remember_token\":null,\"created_at\":\"2026-05-22T14:06:55.000000Z\",\"updated_at\":\"2026-05-22T14:08:50.000000Z\",\"invitation_token\":null,\"invitation_sent_at\":null,\"invitation_accepted_at\":null,\"invitation_expires_at\":null}', '{\"status\":\"active\",\"updated_at\":\"2026-05-22 14:09:38\"}', '127.0.0.1', 'Mozilla/5.0 (Windows NT 10.0; Win64; x64) AppleWebKit/537.36 (KHTML, like Gecko) Chrome/148.0.0.0 Safari/537.36', '2026-05-22 06:09:38', '2026-05-22 06:09:38'),
(506, 5, 'updated', 'App\\Models\\User', 26, '{\"id\":26,\"name\":\"Max Mayfield\",\"email\":\"mmayfield@gmail.com\",\"role\":\"customer\",\"status\":\"inactive\",\"email_verified_at\":null,\"password\":\"$2y$12$RiA0YzpXcfQ8mc\\/z9JSpU.koqazZMzx4kvBhNIpxjQruz3WQZW\\/cS\",\"remember_token\":null,\"created_at\":\"2026-05-22T13:47:51.000000Z\",\"updated_at\":\"2026-05-22T13:50:49.000000Z\",\"invitation_token\":null,\"invitation_sent_at\":null,\"invitation_accepted_at\":null,\"invitation_expires_at\":null}', '{\"status\":\"active\",\"updated_at\":\"2026-05-22 14:10:02\"}', '127.0.0.1', 'Mozilla/5.0 (Windows NT 10.0; Win64; x64) AppleWebKit/537.36 (KHTML, like Gecko) Chrome/148.0.0.0 Safari/537.36', '2026-05-22 06:10:02', '2026-05-22 06:10:02'),
(507, 1, 'login', NULL, NULL, NULL, NULL, '127.0.0.1', 'Mozilla/5.0 (Windows NT 10.0; Win64; x64) AppleWebKit/537.36 (KHTML, like Gecko) Chrome/148.0.0.0 Safari/537.36', '2026-06-05 07:33:40', '2026-06-05 07:33:40'),
(508, 1, 'logout', NULL, NULL, NULL, NULL, '127.0.0.1', 'Mozilla/5.0 (Windows NT 10.0; Win64; x64) AppleWebKit/537.36 (KHTML, like Gecko) Chrome/148.0.0.0 Safari/537.36', '2026-06-05 07:34:25', '2026-06-05 07:34:25'),
(509, 6, 'login', NULL, NULL, NULL, NULL, '127.0.0.1', 'Mozilla/5.0 (Windows NT 10.0; Win64; x64) AppleWebKit/537.36 (KHTML, like Gecko) Chrome/148.0.0.0 Safari/537.36', '2026-06-05 07:35:01', '2026-06-05 07:35:01'),
(510, 6, 'logout', NULL, NULL, NULL, NULL, '127.0.0.1', 'Mozilla/5.0 (Windows NT 10.0; Win64; x64) AppleWebKit/537.36 (KHTML, like Gecko) Chrome/148.0.0.0 Safari/537.36', '2026-06-05 07:39:54', '2026-06-05 07:39:54'),
(511, 1, 'login', NULL, NULL, NULL, NULL, '127.0.0.1', 'Mozilla/5.0 (Windows NT 10.0; Win64; x64) AppleWebKit/537.36 (KHTML, like Gecko) Chrome/148.0.0.0 Safari/537.36', '2026-06-05 18:22:13', '2026-06-05 18:22:13'),
(512, 1, 'login', NULL, NULL, NULL, NULL, '127.0.0.1', 'Mozilla/5.0 (Windows NT 10.0; Win64; x64) AppleWebKit/537.36 (KHTML, like Gecko) Chrome/148.0.0.0 Safari/537.36', '2026-06-06 16:53:05', '2026-06-06 16:53:05');

-- --------------------------------------------------------

--
-- Table structure for table `cache`
--

CREATE TABLE `cache` (
  `key` varchar(255) NOT NULL,
  `value` mediumtext NOT NULL,
  `expiration` int(11) NOT NULL
) ENGINE=InnoDB DEFAULT CHARSET=utf8mb4 COLLATE=utf8mb4_unicode_ci;

--
-- Dumping data for table `cache`
--

INSERT INTO `cache` (`key`, `value`, `expiration`) VALUES
('hair-salon-ms-cache-5c785c036466adea360111aa28563bfd556b5fba', 'i:1;', 1780793643),
('hair-salon-ms-cache-5c785c036466adea360111aa28563bfd556b5fba:timer', 'i:1780793643;', 1780793643);

-- --------------------------------------------------------

--
-- Table structure for table `cache_locks`
--

CREATE TABLE `cache_locks` (
  `key` varchar(255) NOT NULL,
  `owner` varchar(255) NOT NULL,
  `expiration` int(11) NOT NULL
) ENGINE=InnoDB DEFAULT CHARSET=utf8mb4 COLLATE=utf8mb4_unicode_ci;

-- --------------------------------------------------------

--
-- Table structure for table `customers`
--

CREATE TABLE `customers` (
  `id` bigint(20) UNSIGNED NOT NULL,
  `user_id` bigint(20) UNSIGNED NOT NULL,
  `first_name` varchar(255) NOT NULL,
  `last_name` varchar(255) NOT NULL,
  `birthdate` date DEFAULT NULL,
  `mobile_num` varchar(255) DEFAULT NULL,
  `gender` varchar(255) DEFAULT NULL,
  `loyalty_discount_available` tinyint(1) NOT NULL DEFAULT 0,
  `image` varchar(255) DEFAULT NULL,
  `created_at` timestamp NULL DEFAULT NULL,
  `updated_at` timestamp NULL DEFAULT NULL
) ENGINE=InnoDB DEFAULT CHARSET=utf8mb4 COLLATE=utf8mb4_unicode_ci;

--
-- Dumping data for table `customers`
--

INSERT INTO `customers` (`id`, `user_id`, `first_name`, `last_name`, `birthdate`, `mobile_num`, `gender`, `loyalty_discount_available`, `image`, `created_at`, `updated_at`) VALUES
(1, 1, 'Christian', 'Cahilig', NULL, NULL, NULL, 0, NULL, '2026-03-14 02:28:17', '2026-03-14 02:28:17'),
(2, 4, 'Sabrina Rina', 'Carpenter', '2026-03-04', '09736153155', 'female', 0, 'customers/0MBvEAr7U3KO3dyqnm6jZbDN387dg6tv9UMGweJE.jpg', '2026-03-14 18:04:06', '2026-03-30 15:18:07'),
(3, 6, 'John Llorie', 'Sarmiento', '2005-01-13', '09781378131', 'male', 0, 'customers/sSk2mTYeU7VmS8oy1ViVTPiVMpomVHSVGkS0Ykxf.png', '2026-03-20 17:12:25', '2026-05-22 06:00:15'),
(4, 7, 'Hazeljoy', 'Hingpit', NULL, '09176347815', NULL, 0, NULL, '2026-03-20 22:56:44', '2026-05-22 00:31:18'),
(5, 8, 'Christian', 'Cahilig', NULL, '09495655839', NULL, 0, NULL, '2026-04-03 15:33:20', '2026-05-15 00:27:02'),
(6, 9, 'Annika', 'Dumalogdog', '2005-07-06', '09872642412', 'female', 1, 'customers/Ju1qrVu7Yn2C9sdyM7W97n3Q2ge4zdEPvLhgkmEJ.jpg', '2026-04-20 01:17:03', '2026-05-14 21:47:30'),
(7, 17, 'Glinda', 'Guding', '2001-06-13', '09361289491', 'female', 0, 'customers/z0ed0AniFLAvJs6dM6UFRfOUPkCEMWqtdyDR2ljm.jpg', '2026-05-09 18:52:17', '2026-05-09 18:52:17'),
(9, 19, 'Spencer', 'Agnew', NULL, '09782141241', NULL, 0, 'customers/A8IzscYUoNd6AlxVlKDhhz4yJBgJMvqzhAyFlV7G.jpg', '2026-05-11 03:58:31', '2026-05-12 21:49:07'),
(10, 20, 'Elphaba', 'Bading', '1985-04-13', '09827146892', 'female', 0, 'customers/bwjqFBjixoaS3Kd7LFUv8LRmJ0ttj7H1ZScO9zfZ.jpg', '2026-05-12 21:57:52', '2026-05-12 21:57:52'),
(11, 21, 'Dakota', 'Fanning', '1999-06-09', '09892498729', 'female', 0, 'customers/ac3oGAsWjCBbPrMAVKznIeoIEoSQdOdBPkv2TqMz.png', '2026-05-13 18:07:17', '2026-05-13 18:07:17'),
(12, 22, 'Jane', 'Doe', NULL, '09718246126', NULL, 0, NULL, '2026-05-13 18:44:51', '2026-05-13 18:44:51'),
(13, 23, 'Elle', 'Fanning', '1994-02-17', '09458162143', 'female', 0, 'customers/QO25LQhXVmBaIvl1H1OkUpWJ4P3Hos3BpRkhErOd.png', '2026-05-13 18:56:19', '2026-05-13 18:56:19'),
(14, 25, 'Jonathan', 'Byers', NULL, '09761847612', NULL, 0, NULL, '2026-05-22 05:32:15', '2026-05-22 05:32:15'),
(15, 26, 'Max', 'Mayfield', '2003-06-20', '09178563487', 'female', 0, NULL, '2026-05-22 05:47:51', '2026-05-22 05:50:17'),
(16, 27, 'Mike', 'Wheeler', '2001-03-12', '09815742148', 'male', 0, NULL, '2026-05-22 06:06:55', '2026-05-22 06:06:55');

-- --------------------------------------------------------

--
-- Table structure for table `customer_discount`
--

CREATE TABLE `customer_discount` (
  `id` bigint(20) UNSIGNED NOT NULL,
  `customer_id` bigint(20) UNSIGNED NOT NULL,
  `discount_id` bigint(20) UNSIGNED NOT NULL,
  `used_count` int(11) NOT NULL DEFAULT 0,
  `created_at` timestamp NULL DEFAULT NULL,
  `updated_at` timestamp NULL DEFAULT NULL
) ENGINE=InnoDB DEFAULT CHARSET=utf8mb4 COLLATE=utf8mb4_unicode_ci;

--
-- Dumping data for table `customer_discount`
--

INSERT INTO `customer_discount` (`id`, `customer_id`, `discount_id`, `used_count`, `created_at`, `updated_at`) VALUES
(2, 3, 1, 1, '2026-03-30 19:39:05', '2026-03-30 19:39:05'),
(3, 12, 1, 1, '2026-05-13 18:44:51', '2026-05-13 18:44:51');

-- --------------------------------------------------------

--
-- Table structure for table `discounts`
--

CREATE TABLE `discounts` (
  `id` bigint(20) UNSIGNED NOT NULL,
  `name` varchar(255) NOT NULL,
  `code` varchar(255) NOT NULL,
  `type` enum('percentage','fixed') NOT NULL,
  `value` decimal(8,2) NOT NULL,
  `start_date` date DEFAULT NULL,
  `end_date` date DEFAULT NULL,
  `usage_limit` int(11) DEFAULT NULL,
  `status` varchar(255) NOT NULL DEFAULT 'active',
  `created_at` timestamp NULL DEFAULT NULL,
  `updated_at` timestamp NULL DEFAULT NULL,
  `deleted_at` timestamp NULL DEFAULT NULL
) ENGINE=InnoDB DEFAULT CHARSET=utf8mb4 COLLATE=utf8mb4_unicode_ci;

--
-- Dumping data for table `discounts`
--

INSERT INTO `discounts` (`id`, `name`, `code`, `type`, `value`, `start_date`, `end_date`, `usage_limit`, `status`, `created_at`, `updated_at`, `deleted_at`) VALUES
(1, 'Birthday Discount', 'MYBDAY2026', 'percentage', 10.00, '2026-01-01', '2026-12-31', 1, 'active', '2026-03-14 17:13:57', '2026-03-30 19:22:24', NULL),
(2, 'Valentines Discount', 'L0VEW1NS2026', 'percentage', 50.00, '2026-01-01', '2026-12-31', 1, 'active', '2026-03-21 03:22:02', '2026-05-15 01:47:24', NULL);

-- --------------------------------------------------------

--
-- Table structure for table `employees`
--

CREATE TABLE `employees` (
  `id` bigint(20) UNSIGNED NOT NULL,
  `user_id` bigint(20) UNSIGNED NOT NULL,
  `job_role_id` bigint(20) UNSIGNED NOT NULL,
  `first_name` varchar(255) NOT NULL,
  `last_name` varchar(255) NOT NULL,
  `personal_email` varchar(255) DEFAULT NULL,
  `birthdate` date DEFAULT NULL,
  `mobile_num` varchar(255) DEFAULT NULL,
  `gender` varchar(255) DEFAULT NULL,
  `image` varchar(255) DEFAULT NULL,
  `hire_date` date DEFAULT NULL,
  `created_at` timestamp NULL DEFAULT NULL,
  `updated_at` timestamp NULL DEFAULT NULL
) ENGINE=InnoDB DEFAULT CHARSET=utf8mb4 COLLATE=utf8mb4_unicode_ci;

--
-- Dumping data for table `employees`
--

INSERT INTO `employees` (`id`, `user_id`, `job_role_id`, `first_name`, `last_name`, `personal_email`, `birthdate`, `mobile_num`, `gender`, `image`, `hire_date`, `created_at`, `updated_at`) VALUES
(1, 2, 1, 'Karylle Mish', 'Gellica', NULL, '2005-06-14', '09718412647', 'female', 'employees/IHf0LdKrtNwI4JBLZFui0hzR0VdfP5OirBK9YYed.jpg', '2025-07-14', '2026-03-14 05:26:47', '2026-04-22 22:33:51'),
(2, 3, 2, 'Bai Fatimaa', 'Andong', NULL, '2005-08-24', '09495659735', 'female', 'employees/lHe24hFTFYeJ4kpBqXX1f5BYmsuxWHxu5C64Bkhi.jpg', '2025-05-20', '2026-03-14 06:22:08', '2026-05-14 20:36:43'),
(3, 5, 3, 'Loren', 'Odiong', NULL, '2005-03-18', '09196347812', 'female', 'employees/sxu6zxuw564gRyAXSMTWvCtTMlMBDloVCdCHjuua.jpg', '2025-04-17', '2026-03-14 18:08:08', '2026-05-14 06:37:52'),
(4, 1, 4, 'Branch', 'Manager', NULL, NULL, NULL, NULL, NULL, '2026-03-22', '2026-03-22 08:30:50', '2026-03-22 08:30:50'),
(5, 12, 1, 'James', 'Cahilig', 'christianc.xviii@gmail.com', '2002-02-18', '09495655839', 'male', 'employees/H1WTKoFewJ1KrcHeSgCjRiVQoST87ovcDDDUyo1b.png', '2025-11-14', '2026-04-20 03:59:57', '2026-04-20 03:59:57'),
(6, 13, 2, 'Hanna', 'Bishi', 'hanna.ix02@gmail.com', '2007-02-09', '09716471241', 'female', NULL, '2026-01-15', '2026-04-20 16:40:51', '2026-05-09 17:22:38'),
(7, 14, 1, 'Nazlah', 'Nanding', 'hazeljoyhingpit@gmail.com', '2004-08-07', '09472934972', 'female', NULL, '2026-04-23', '2026-04-22 23:20:59', '2026-04-22 23:20:59'),
(9, 16, 3, 'Rena', 'Cahilig', 'r.cahilig.544799@umindanao.edu.ph', '2003-11-27', '09662469129', 'female', NULL, '2026-04-07', '2026-05-09 18:08:45', '2026-05-09 18:08:45'),
(10, 24, 2, 'Rene', 'Cahilig', 'rene.b.cahilig@gmail.com', '2005-07-28', '09495655839', 'male', NULL, '2026-05-14', '2026-05-13 19:04:29', '2026-05-13 19:04:29');

-- --------------------------------------------------------

--
-- Table structure for table `failed_jobs`
--

CREATE TABLE `failed_jobs` (
  `id` bigint(20) UNSIGNED NOT NULL,
  `uuid` varchar(255) NOT NULL,
  `connection` text NOT NULL,
  `queue` text NOT NULL,
  `payload` longtext NOT NULL,
  `exception` longtext NOT NULL,
  `failed_at` timestamp NOT NULL DEFAULT current_timestamp()
) ENGINE=InnoDB DEFAULT CHARSET=utf8mb4 COLLATE=utf8mb4_unicode_ci;

-- --------------------------------------------------------

--
-- Table structure for table `jobs`
--

CREATE TABLE `jobs` (
  `id` bigint(20) UNSIGNED NOT NULL,
  `queue` varchar(255) NOT NULL,
  `payload` longtext NOT NULL,
  `attempts` tinyint(3) UNSIGNED NOT NULL,
  `reserved_at` int(10) UNSIGNED DEFAULT NULL,
  `available_at` int(10) UNSIGNED NOT NULL,
  `created_at` int(10) UNSIGNED NOT NULL
) ENGINE=InnoDB DEFAULT CHARSET=utf8mb4 COLLATE=utf8mb4_unicode_ci;

-- --------------------------------------------------------

--
-- Table structure for table `job_batches`
--

CREATE TABLE `job_batches` (
  `id` varchar(255) NOT NULL,
  `name` varchar(255) NOT NULL,
  `total_jobs` int(11) NOT NULL,
  `pending_jobs` int(11) NOT NULL,
  `failed_jobs` int(11) NOT NULL,
  `failed_job_ids` longtext NOT NULL,
  `options` mediumtext DEFAULT NULL,
  `cancelled_at` int(11) DEFAULT NULL,
  `created_at` int(11) NOT NULL,
  `finished_at` int(11) DEFAULT NULL
) ENGINE=InnoDB DEFAULT CHARSET=utf8mb4 COLLATE=utf8mb4_unicode_ci;

-- --------------------------------------------------------

--
-- Table structure for table `job_roles`
--

CREATE TABLE `job_roles` (
  `id` bigint(20) UNSIGNED NOT NULL,
  `title` varchar(255) NOT NULL,
  `description` text DEFAULT NULL,
  `created_at` timestamp NULL DEFAULT NULL,
  `updated_at` timestamp NULL DEFAULT NULL
) ENGINE=InnoDB DEFAULT CHARSET=utf8mb4 COLLATE=utf8mb4_unicode_ci;

--
-- Dumping data for table `job_roles`
--

INSERT INTO `job_roles` (`id`, `title`, `description`, `created_at`, `updated_at`) VALUES
(1, 'Hair Stylist', 'Specializes in haircuts and styling.', '2026-03-14 03:18:16', '2026-03-14 03:18:16'),
(2, 'Nail Technician', 'Provides manicure and pedicure services.', '2026-03-14 03:18:16', '2026-03-14 03:18:16'),
(3, 'Front Desk', 'Handles appointments and customer inquiries.', '2026-03-14 03:18:16', '2026-03-14 03:18:16'),
(4, 'Manager', 'Oversees salon operations.', '2026-03-14 03:18:16', '2026-03-14 03:18:16');

-- --------------------------------------------------------

--
-- Table structure for table `migrations`
--

CREATE TABLE `migrations` (
  `id` int(10) UNSIGNED NOT NULL,
  `migration` varchar(255) NOT NULL,
  `batch` int(11) NOT NULL
) ENGINE=InnoDB DEFAULT CHARSET=utf8mb4 COLLATE=utf8mb4_unicode_ci;

--
-- Dumping data for table `migrations`
--

INSERT INTO `migrations` (`id`, `migration`, `batch`) VALUES
(1, '0001_01_01_000000_create_users_table', 1),
(2, '0001_01_01_000001_create_cache_table', 1),
(3, '0001_01_01_000002_create_jobs_table', 1),
(4, '2026_03_14_073432_add_role_and_status_to_users_table', 2),
(5, '2026_03_14_073523_create_customers_table', 3),
(6, '2026_03_14_073617_create_job_roles_table', 3),
(7, '2026_03_14_073638_create_employees_table', 3),
(8, '2026_03_14_073656_create_services_table', 3),
(9, '2026_03_14_073730_create_discounts_table', 3),
(10, '2026_03_14_073801_create_appointments_table', 3),
(11, '2026_03_14_073817_create_appointment_service_table', 3),
(12, '2026_03_14_073836_create_payments_table', 3),
(13, '2026_03_14_073851_create_products_table', 3),
(14, '2026_03_15_020257_add_mobile_num_to_customers_table', 4),
(15, '2026_03_15_130242_add_soft_deletes_to_appointments_table', 4),
(16, '2026_03_15_132644_add_soft_deletes_to_services_table', 5),
(17, '2026_03_15_132645_add_soft_deletes_to_discounts_table', 5),
(18, '2026_03_15_132645_add_soft_deletes_to_products_table', 5),
(19, '2026_03_15_132930_remove_status_from_services_table', 5),
(20, '2026_03_15_132931_remove_status_from_discounts_table', 5),
(21, '2026_03_15_132931_remove_status_from_products_table', 5),
(22, '2026_03_16_045630_add_size_to_products_table', 6),
(23, '2026_03_16_062740_add_image_to_services_table', 7),
(24, '2026_03_16_073643_add_image_to_customers_table', 8),
(25, '2026_03_16_073643_add_image_to_employees_table', 8),
(26, '2026_03_21_111557_add_status_to_discounts_table', 9),
(27, '2026_03_30_145444_create_audit_logs_table', 10),
(28, '2026_03_31_001738_add_usage_tracking_to_discounts_table', 11),
(29, '2026_03_31_014025_create_customer_discount_table', 12),
(30, '2026_03_31_014217_add_per_customer_limit_to_discounts_table', 13),
(31, '2026_03_31_033718_remove_unused_columns_from_discounts_table', 14),
(32, '2026_03_31_041813_add_loyalty_discount_available_to_customers_table', 15),
(33, '2026_03_31_042352_add_loyalty_discount_applied_to_appointments_table', 16),
(34, '2026_04_20_083725_add_unique_to_mobile_num_in_customers', 17),
(35, '2026_04_20_103451_add_invitation_fields_to_users_table', 17),
(36, '2026_04_20_110923_add_personal_email_to_employees_table', 18),
(37, '2026_04_27_040655_create_product_service_table', 19),
(38, '2026_05_15_081403_add_cancellation_reason_to_appointments_table', 20);

-- --------------------------------------------------------

--
-- Table structure for table `password_reset_tokens`
--

CREATE TABLE `password_reset_tokens` (
  `email` varchar(255) NOT NULL,
  `token` varchar(255) NOT NULL,
  `created_at` timestamp NULL DEFAULT NULL
) ENGINE=InnoDB DEFAULT CHARSET=utf8mb4 COLLATE=utf8mb4_unicode_ci;

-- --------------------------------------------------------

--
-- Table structure for table `payments`
--

CREATE TABLE `payments` (
  `id` bigint(20) UNSIGNED NOT NULL,
  `appointment_id` bigint(20) UNSIGNED NOT NULL,
  `amount` decimal(8,2) NOT NULL,
  `payment_method` enum('cash','gcash') NOT NULL,
  `reference_number` varchar(255) DEFAULT NULL,
  `validated_at` timestamp NULL DEFAULT NULL,
  `status` enum('pending','validated') NOT NULL DEFAULT 'pending',
  `created_at` timestamp NULL DEFAULT NULL,
  `updated_at` timestamp NULL DEFAULT NULL
) ENGINE=InnoDB DEFAULT CHARSET=utf8mb4 COLLATE=utf8mb4_unicode_ci;

--
-- Dumping data for table `payments`
--

INSERT INTO `payments` (`id`, `appointment_id`, `amount`, `payment_method`, `reference_number`, `validated_at`, `status`, `created_at`, `updated_at`) VALUES
(1, 6, 1200.00, 'gcash', 'DANNDAUD90AY31', '2026-04-13 18:47:41', 'validated', '2026-03-20 22:56:44', '2026-04-13 18:47:41'),
(2, 7, 899.10, 'gcash', '8ASF9YASFS', '2026-03-29 00:37:40', 'validated', '2026-03-28 22:47:50', '2026-03-30 19:32:47'),
(3, 3, 1299.00, 'gcash', 'NANFFASU9F32', '2026-04-13 19:11:43', 'validated', '2026-04-13 18:40:08', '2026-04-13 19:11:43'),
(4, 13, 1888.00, 'gcash', 'NDADFFA0F77', '2026-05-14 21:21:31', 'validated', '2026-05-11 03:58:31', '2026-05-14 21:21:31'),
(5, 16, 1200.00, 'gcash', 'aflansf920', '2026-05-13 19:18:48', 'validated', '2026-05-13 18:47:05', '2026-05-13 19:18:48'),
(6, 18, 99.00, 'gcash', '2848104818419', NULL, 'pending', '2026-05-13 19:34:15', '2026-05-13 22:17:15'),
(7, 20, 1888.00, 'gcash', '6193871274871', '2026-05-14 05:52:29', 'validated', '2026-05-13 21:32:35', '2026-05-14 05:52:29'),
(8, 23, 399.00, 'gcash', '1204802794871', NULL, 'pending', '2026-05-14 21:45:55', '2026-05-14 21:45:55'),
(9, 24, 99.00, 'gcash', '8249890573985', '2026-05-14 22:52:28', 'validated', '2026-05-14 22:28:23', '2026-05-14 22:52:28'),
(10, 31, 999.00, 'gcash', '2094021074907', NULL, 'pending', '2026-05-22 00:34:20', '2026-05-22 00:34:20'),
(11, 32, 750.00, 'gcash', '2534643673477', NULL, 'pending', '2026-05-22 00:35:31', '2026-05-22 00:35:31'),
(12, 33, 499.00, 'gcash', '3523523355325', '2026-05-22 05:34:30', 'validated', '2026-05-22 00:36:42', '2026-05-22 05:34:30'),
(13, 34, 1200.00, 'gcash', '3535253235352', NULL, 'pending', '2026-05-22 01:37:21', '2026-05-22 01:37:21'),
(14, 35, 1200.00, 'gcash', '3535636535235', NULL, 'pending', '2026-05-22 01:40:01', '2026-05-22 01:40:01'),
(15, 36, 300.00, 'gcash', '1289477219749', NULL, 'pending', '2026-05-22 05:24:53', '2026-05-22 05:24:53');

-- --------------------------------------------------------

--
-- Table structure for table `products`
--

CREATE TABLE `products` (
  `id` bigint(20) UNSIGNED NOT NULL,
  `name` varchar(255) NOT NULL,
  `category` varchar(255) NOT NULL,
  `size` varchar(255) DEFAULT NULL,
  `quantity` int(11) NOT NULL DEFAULT 0,
  `price` decimal(8,2) DEFAULT NULL,
  `created_at` timestamp NULL DEFAULT NULL,
  `updated_at` timestamp NULL DEFAULT NULL,
  `deleted_at` timestamp NULL DEFAULT NULL
) ENGINE=InnoDB DEFAULT CHARSET=utf8mb4 COLLATE=utf8mb4_unicode_ci;

--
-- Dumping data for table `products`
--

INSERT INTO `products` (`id`, `name`, `category`, `size`, `quantity`, `price`, `created_at`, `updated_at`, `deleted_at`) VALUES
(1, 'Plastic Gloves', 'Others', '50pcs', 9, 25.00, '2026-03-14 17:12:47', '2026-05-22 05:55:59', NULL),
(2, 'Sunsilk Shampoo', 'Shampoo', '250ml', 15, 120.00, '2026-03-15 21:12:57', '2026-03-24 23:48:31', '2026-03-24 23:48:31'),
(3, 'Shampoo', 'Shampoo', '500ml', 19, 220.00, '2026-03-15 21:12:57', '2026-05-09 16:21:27', NULL),
(4, 'Conditioner', 'Conditioner', '250ml', 12, 130.00, '2026-03-15 21:12:57', '2026-03-15 21:12:57', NULL),
(5, 'Conditioner', 'Conditioner', '500ml', 15, 240.00, '2026-03-15 21:12:57', '2026-04-27 01:26:55', NULL),
(6, 'Hair Mask', 'Treatment Products', '200ml', 17, 350.00, '2026-03-15 21:12:57', '2026-04-27 01:27:08', NULL),
(7, 'Hair Oil', 'Treatment Products', '100ml', 10, 180.00, '2026-03-15 21:12:57', '2026-03-15 21:12:57', NULL),
(8, 'Permanent Hair Color', 'Hair Color', '60ml', 20, 250.00, '2026-03-15 21:12:57', '2026-03-15 21:12:57', NULL),
(9, 'Semi-Permanent Color', 'Hair Color', '60ml', 16, 220.00, '2026-03-15 21:12:57', '2026-05-14 23:37:27', NULL),
(10, 'Hair Dryer', 'Styling Tools', '1800W', 13, 1500.00, '2026-03-15 21:12:57', '2026-04-13 19:48:12', NULL),
(11, 'Flat Iron', 'Styling Tools', '1 inch', 14, 1200.00, '2026-03-15 21:12:57', '2026-04-27 01:27:24', NULL),
(12, 'Curling Wand', 'Styling Tools', '25mm', 12, 1300.00, '2026-03-15 21:12:57', '2026-04-27 01:27:34', NULL),
(13, 'Nail Polish - Red', 'Nail Products', '15ml', 25, 80.00, '2026-03-15 21:12:57', '2026-03-15 21:12:57', NULL),
(14, 'Nail Polish - Pink', 'Nail Products', '15ml', 22, 80.00, '2026-03-15 21:12:57', '2026-03-15 21:12:57', NULL),
(15, 'Base Coat', 'Nail Products', '15ml', 10, 90.00, '2026-03-15 21:12:57', '2026-03-15 21:12:57', NULL),
(16, 'Top Coat', 'Nail Products', '15ml', 19, 90.00, '2026-03-15 21:12:57', '2026-04-27 01:27:44', NULL),
(17, 'Nail Polish Remover', 'Nail Products', '250ml', 6, 120.00, '2026-03-15 21:12:57', '2026-03-15 21:12:57', NULL),
(18, 'Plastic Comb', 'Others', 'Set of 4', 20, 150.00, '2026-03-15 21:12:57', '2026-03-15 21:12:57', NULL),
(19, 'Hair Clips', 'Others', 'Set of 6', 30, 60.00, '2026-03-15 21:12:57', '2026-03-15 21:12:57', NULL),
(20, 'Apron', 'Others', 'One size', 5, 250.00, '2026-03-15 21:12:57', '2026-03-15 21:12:57', NULL),
(21, 'Holographic Top Coat', 'Nail Products', '20ml', 15, 185.00, '2026-03-15 22:09:13', '2026-04-13 19:48:28', NULL);

-- --------------------------------------------------------

--
-- Table structure for table `product_service`
--

CREATE TABLE `product_service` (
  `id` bigint(20) UNSIGNED NOT NULL,
  `product_id` bigint(20) UNSIGNED NOT NULL,
  `service_id` bigint(20) UNSIGNED NOT NULL,
  `quantity_used` int(11) NOT NULL DEFAULT 1,
  `created_at` timestamp NULL DEFAULT NULL,
  `updated_at` timestamp NULL DEFAULT NULL
) ENGINE=InnoDB DEFAULT CHARSET=utf8mb4 COLLATE=utf8mb4_unicode_ci;

--
-- Dumping data for table `product_service`
--

INSERT INTO `product_service` (`id`, `product_id`, `service_id`, `quantity_used`, `created_at`, `updated_at`) VALUES
(9, 9, 2, 1, '2026-04-26 23:36:10', '2026-04-26 23:36:10'),
(10, 1, 2, 1, '2026-04-26 23:36:16', '2026-04-26 23:36:16'),
(15, 18, 5, 1, '2026-05-10 02:24:06', '2026-05-10 02:24:06'),
(16, 1, 1, 1, '2026-05-13 17:56:25', '2026-05-13 19:14:47');

-- --------------------------------------------------------

--
-- Table structure for table `services`
--

CREATE TABLE `services` (
  `id` bigint(20) UNSIGNED NOT NULL,
  `name` varchar(255) NOT NULL,
  `description` text DEFAULT NULL,
  `price` decimal(8,2) NOT NULL,
  `duration` int(11) NOT NULL,
  `category` varchar(255) NOT NULL,
  `image` varchar(255) DEFAULT NULL,
  `created_at` timestamp NULL DEFAULT NULL,
  `updated_at` timestamp NULL DEFAULT NULL,
  `deleted_at` timestamp NULL DEFAULT NULL
) ENGINE=InnoDB DEFAULT CHARSET=utf8mb4 COLLATE=utf8mb4_unicode_ci;

--
-- Dumping data for table `services`
--

INSERT INTO `services` (`id`, `name`, `description`, `price`, `duration`, `category`, `image`, `created_at`, `updated_at`, `deleted_at`) VALUES
(1, 'Haircut', 'Classic haircut tailored to your style.', 300.00, 30, 'Haircut', 'services/F8NPskS13zF9TFNdwv9ld8PFdtnK0JkYMcfY8d3P.jpg', '2026-03-14 02:57:47', '2026-05-13 19:13:25', NULL),
(2, 'Full Hair Color', 'Full hair color with premium dyes.', 1200.00, 90, 'Hair Color', 'services/iaimqPSJFaCl4u7laxbElS4ey7dFPC8RPRpSNsbz.jpg', '2026-03-14 02:57:47', '2026-03-21 06:04:21', NULL),
(3, 'Manicure', 'Basic nail shaping and polish.', 199.00, 45, 'Manicure', 'services/39KOLKU5skKqILLZh6TnZW7gEu0d7mI8UgpbD0tT.jpg', '2026-03-14 02:57:47', '2026-03-21 06:04:33', NULL),
(4, 'Balayage', 'Hand-painted highlights for a natural, sun-kissed look. Includes toner and gloss.', 550.00, 120, 'Hair Color', 'services/mOAEGKPHyiaaGSmJBBtg2f8JHjX7tSn75RmGIzp0.jpg', '2026-03-14 05:24:37', '2026-03-25 00:06:30', '2026-03-25 00:06:30'),
(5, 'Mid Fade', 'A clean, versatile haircut where the fade starts midway between the temples and ears, blending smoothly for a sharp yet balanced look.', 99.00, 30, 'Haircut', 'services/wzb2AFt4B12dsGtxtBsm6yKw5OI1yukQYMYW0Pvy.jpg', '2026-03-15 22:32:02', '2026-05-10 02:24:27', NULL),
(6, 'Birkin Bangs', 'Trendy curtain bangs that frame the face beautifully. Perfect for a fresh new look.', 99.00, 45, 'Haircut', 'services/xdoPnP9DKGbylblzL3OXfXQ4jTEqXLQnxowamep8.png', '2026-03-15 22:32:02', '2026-03-21 18:07:31', NULL),
(7, 'Balayage', 'Hand-painted highlights for a natural, sun-kissed look. Includes toner and gloss.', 1500.00, 120, 'Hair Color', 'services/YX8yLkIPAvQgXDlV3V8QFdCsYdVprrP89aXEFPh2.jpg', '2026-03-15 22:32:02', '2026-03-21 18:07:39', NULL),
(8, 'Ghost Roots', 'Root touch-up with a subtle shadow root effect. Perfect for low-maintenance color.', 1299.00, 90, 'Hair Color', 'services/FgcUK5DmGLE6a9E6h36U1GJi2H1TIyXU8olp42nc.jpg', '2026-03-15 22:32:02', '2026-03-21 18:07:50', NULL),
(9, 'Protein Treatment', 'Deep conditioning treatment to strengthen and repair damaged hair.', 999.00, 60, 'Treatment', 'services/LXhDWiWNrGUIzlxHcfbvaP5F4WiuvePzdETq71C6.jpg', '2026-03-15 22:32:02', '2026-03-21 18:07:59', NULL),
(10, 'Scalp Treatment', 'Soothing treatment for dry or itchy scalp. Promotes healthy hair growth.', 999.00, 60, 'Treatment', 'services/ATHiOM4qgRJmHuDN21HWMWKpEXTS7TVeU3Msmqlf.jpg', '2026-03-15 22:32:02', '2026-03-21 18:08:09', NULL),
(11, 'Long Rebonding', 'Chemical straightening for long hair. Leaves hair sleek and manageable.', 1999.00, 180, 'Rebonding', 'services/HRyuJV6qcupGOS0CybvE81PVwQOkxCYZz2hbAizj.jpg', '2026-03-15 22:32:02', '2026-03-21 18:08:17', NULL),
(12, 'Short Rebonding', 'Chemical straightening for short hair. Smooth and straight results.', 1888.00, 150, 'Rebonding', 'services/WAy6JPWOZ1Dz4sYThXg9rcXBCOhtPNc9pwixHDFf.jpg', '2026-03-15 22:32:02', '2026-05-10 02:23:40', NULL),
(13, '3D Gel Polish', 'Long-lasting gel polish with a 3D effect. Includes nail art options.', 499.00, 60, 'Gel Polish', 'services/LVRiS7ddSwrydXGwcDoPzhw0bZm17eOeB616pQLQ.jpg', '2026-03-15 22:32:02', '2026-03-21 18:10:47', NULL),
(14, 'Metallic Gel Polish', 'Shiny metallic gel polish that lasts for weeks. Available in various shades.', 399.00, 60, 'Gel Polish', 'services/OXDC7aV0jdmprIsLFKvqP6VRPmFb1nz5koY3Wd0U.jpg', '2026-03-15 22:32:02', '2026-03-21 18:10:59', NULL),
(15, 'Acrylic Nail', NULL, 750.00, 65, 'Manicure', 'services/LpjYofD2gVdNWbaRycoQ4Dgf9f2H46PdFufI6nbN.jpg', '2026-03-15 22:37:31', '2026-03-21 18:11:13', NULL),
(16, 'Hair Color', 'jasuduayuh', 700.00, 60, 'Treatment', NULL, '2026-05-13 19:12:17', '2026-05-13 19:12:17', NULL);

-- --------------------------------------------------------

--
-- Table structure for table `sessions`
--

CREATE TABLE `sessions` (
  `id` varchar(255) NOT NULL,
  `user_id` bigint(20) UNSIGNED DEFAULT NULL,
  `ip_address` varchar(45) DEFAULT NULL,
  `user_agent` text DEFAULT NULL,
  `payload` longtext NOT NULL,
  `last_activity` int(11) NOT NULL
) ENGINE=InnoDB DEFAULT CHARSET=utf8mb4 COLLATE=utf8mb4_unicode_ci;

--
-- Dumping data for table `sessions`
--

INSERT INTO `sessions` (`id`, `user_id`, `ip_address`, `user_agent`, `payload`, `last_activity`) VALUES
('GdAo4sIjQHx5ujOExGCNWKbTAuIWQUVubh4S1AnU', 1, '127.0.0.1', 'Mozilla/5.0 (Windows NT 10.0; Win64; x64) AppleWebKit/537.36 (KHTML, like Gecko) Chrome/148.0.0.0 Safari/537.36', 'YTo0OntzOjY6Il90b2tlbiI7czo0MDoiZ0g0NDF6N0UwcTlRQVF6aVdxZmV2OFVacHlxajBOa1ppVXVyb1dqUiI7czo5OiJfcHJldmlvdXMiO2E6Mjp7czozOiJ1cmwiO3M6Mzc6Imh0dHA6Ly8xMjcuMC4wLjE6ODAwMC9hZG1pbi9jdXN0b21lcnMiO3M6NToicm91dGUiO3M6MjE6ImFkbWluLmN1c3RvbWVycy5pbmRleCI7fXM6NjoiX2ZsYXNoIjthOjI6e3M6Mzoib2xkIjthOjA6e31zOjM6Im5ldyI7YTowOnt9fXM6NTA6ImxvZ2luX3dlYl81OWJhMzZhZGRjMmIyZjk0MDE1ODBmMDE0YzdmNThlYTRlMzA5ODlkIjtpOjE7fQ==', 1780793754),
('VLvdBq77ttytNKkEF9zZSn5OfPW91QgUpSCcor3E', 1, '127.0.0.1', 'Mozilla/5.0 (Windows NT 10.0; Win64; x64) AppleWebKit/537.36 (KHTML, like Gecko) Chrome/148.0.0.0 Safari/537.36', 'YTo0OntzOjY6Il90b2tlbiI7czo0MDoiNENldzRucUY2bExXS3BxYWt2RVQzVG53d1NFeko2Uk0yMHhrWEUxNyI7czo5OiJfcHJldmlvdXMiO2E6Mjp7czozOiJ1cmwiO3M6NDA6Imh0dHA6Ly8xMjcuMC4wLjE6ODAwMC9hZG1pbi9jdXN0b21lcnMvMTMiO3M6NToicm91dGUiO3M6MjA6ImFkbWluLmN1c3RvbWVycy5zaG93Ijt9czo2OiJfZmxhc2giO2E6Mjp7czozOiJvbGQiO2E6MDp7fXM6MzoibmV3IjthOjA6e319czo1MDoibG9naW5fd2ViXzU5YmEzNmFkZGMyYjJmOTQwMTU4MGYwMTRjN2Y1OGVhNGUzMDk4OWQiO2k6MTt9', 1780712613);

-- --------------------------------------------------------

--
-- Table structure for table `users`
--

CREATE TABLE `users` (
  `id` bigint(20) UNSIGNED NOT NULL,
  `name` varchar(255) NOT NULL,
  `email` varchar(255) NOT NULL,
  `role` varchar(255) NOT NULL DEFAULT 'customer',
  `status` varchar(255) NOT NULL DEFAULT 'active',
  `email_verified_at` timestamp NULL DEFAULT NULL,
  `password` varchar(255) DEFAULT NULL,
  `remember_token` varchar(100) DEFAULT NULL,
  `created_at` timestamp NULL DEFAULT NULL,
  `updated_at` timestamp NULL DEFAULT NULL,
  `invitation_token` varchar(255) DEFAULT NULL,
  `invitation_sent_at` timestamp NULL DEFAULT NULL,
  `invitation_accepted_at` timestamp NULL DEFAULT NULL,
  `invitation_expires_at` timestamp NULL DEFAULT NULL
) ENGINE=InnoDB DEFAULT CHARSET=utf8mb4 COLLATE=utf8mb4_unicode_ci;

--
-- Dumping data for table `users`
--

INSERT INTO `users` (`id`, `name`, `email`, `role`, `status`, `email_verified_at`, `password`, `remember_token`, `created_at`, `updated_at`, `invitation_token`, `invitation_sent_at`, `invitation_accepted_at`, `invitation_expires_at`) VALUES
(1, 'Admin', 'bmanager@gmail.com', 'manager', 'active', NULL, '$2y$12$qI1/vGNWN3vDm80LQ6QxMePjo5rUYJTcuBlP1nUybOlAya.dU795W', NULL, '2026-03-14 02:28:17', '2026-03-30 15:19:16', NULL, NULL, '2026-03-20 04:01:15', NULL),
(2, 'Karylle Mish Gellica', 'kmgellica@gmail.com', 'tech', 'active', NULL, '$2y$12$G6A7zQBAbcr0ak2CNjJw7.k1TxtgNSdp9koqncaOra3DRWdit5QKa', NULL, '2026-03-14 05:26:47', '2026-04-22 22:33:51', NULL, NULL, '2026-03-20 04:01:15', NULL),
(3, 'Bai Fatima Andong', 'bfandong@gmail.com', 'tech', 'active', NULL, '$2y$12$zeAvfua..LaTnvt.BCarIufnNdWIOdhnqHmeutGAiYtTXrb5A.VmK', 'zqhtCoh4AKDeYjWsFUDBp7PUxMa1qgLZ6LpARlgIt3JTJjaGkT9REtNHm8Hu', '2026-03-14 06:22:08', '2026-03-14 06:22:08', NULL, NULL, '2026-03-20 04:01:15', NULL),
(4, 'Sabrina Rina Carpenter', 'scarpenter@gmail.com', 'customer', 'active', NULL, '$2y$12$HcMPN7V3a5/grgHUQ2xANejbsVAGbzXlL8cUXu5juhmbCIULoDVMS', NULL, '2026-03-14 18:04:06', '2026-03-30 15:18:07', NULL, NULL, '2026-03-20 04:01:15', NULL),
(5, 'Loren Odiong', 'jlodiong@gmail.com', 'frontdesk', 'active', NULL, '$2y$12$Oej1yjfBUpmiAi3mIJRSuuWdxFjsdlKolEza4JYVp34NGEHQlYBve', NULL, '2026-03-14 18:08:08', '2026-04-20 02:49:54', NULL, NULL, '2026-03-20 04:01:15', NULL),
(6, 'John Llorie Sarmiento', 'jlsarmiento@gmail.com', 'customer', 'active', NULL, '$2y$12$4gokYu4SHx5XGIr73gFEyeBsucaDrIfVn3E0LAirWcgu8FnGAFzR6', NULL, '2026-03-20 17:12:25', '2026-05-14 21:28:21', NULL, NULL, '2026-03-20 04:01:15', NULL),
(7, 'Hazeljoy Hingpit', 'hjhingpit@gmail.com', 'customer', 'active', NULL, '$2y$12$tgvHEcOmn6iHHcifsA0QNOVNZE2YoiRLAE603/r8JBUW/DEMy0PqO', NULL, '2026-03-20 22:56:44', '2026-03-30 05:22:23', NULL, NULL, '2026-03-20 04:01:15', NULL),
(8, 'Christian Cahilig', 'christianc@gmail.com', 'customer', 'active', NULL, '$2y$12$cxk1eQLczkk1NtEHfTav2eTVfqp7WOtqfVajdDYlo4X/orEQxY6PC', 'KClwwv2deSTptzkp7yOgPVuePM170ndAizwefGrvAYk7CkvtW0s7DrGWWUa6', '2026-04-03 15:33:20', '2026-05-14 22:47:45', NULL, NULL, '2026-03-20 04:01:15', NULL),
(9, 'Annika Dumalogdog', 'adumalogdog@gmail.com', 'customer', 'active', NULL, '$2y$12$bGSzjJfhd/3aEEZSGCuPZ.AQ4D7GAjTgxt6udF2m4tN3W6CW4a6YC', NULL, '2026-04-20 01:17:03', '2026-05-09 18:27:52', NULL, NULL, '2026-03-20 04:01:15', NULL),
(12, 'James Cahilig', 'cjcahilig@gmail.com', 'tech', 'active', NULL, '$2y$12$feJUKbXr.u0iy.iE2cnolO9jLidc8LdqPoaFbraYVCIjMck9LnC8u', NULL, '2026-04-20 03:59:57', '2026-04-20 04:01:15', NULL, '2026-04-20 03:59:57', '2026-04-20 04:01:15', '2026-04-27 03:59:57'),
(13, 'Hanna Bishi', 'rbishi@gmail.com', 'tech', 'active', NULL, '$2y$12$3hzbXOSxyHZ/Sv5Xv0Y6m.F4TNtYLwIRRzAYI0k9ChmDbTj3pksRq', NULL, '2026-04-20 16:40:51', '2026-05-09 18:27:20', NULL, '2026-04-20 16:40:51', '2026-04-20 16:42:55', '2026-04-27 16:40:51'),
(14, 'Nazlah Nanding', 'nnanding@gmail.com', 'tech', 'invited', NULL, '$2y$12$KY33zEUcW/RYLXYK386VFOFrIHb1I8Fi391LNVO0G8p5QiiDQpahi', NULL, '2026-04-22 23:20:59', '2026-05-09 18:24:06', 'KQ55lGUHv3UmvjGKxP1nyF9a8w0HrQl9AS3dwavhOoHjT7dasX6K6uIFvwzKRmSP', '2026-05-09 18:24:06', NULL, '2026-05-16 18:24:06'),
(16, 'Rena Cahilig', 'rcahilig@gmail.com', 'frontdesk', 'inactive', NULL, '$2y$12$Ws00OqDQJaIi1BAFndXUWuakpgoROi4ob1ZrnL68Tfemqu4Kf7LnS', NULL, '2026-05-09 18:08:45', '2026-05-13 19:07:34', NULL, '2026-05-13 19:06:33', NULL, '2026-05-20 19:06:33'),
(17, 'Glinda Guding', 'gguding@gmail.com', 'customer', 'active', NULL, '$2y$12$7E6fdMHIU9RfgivOo6yV2.Zm74s.Tiv6YpbT4tzC/AcdpmZGBnZE.', NULL, '2026-05-09 18:52:17', '2026-05-09 18:52:17', NULL, NULL, NULL, NULL),
(19, 'Spencer Agnew', 'sagnew@gmail.com', 'customer', 'active', NULL, '$2y$12$AaKZ.xvn7bIUPl9Ziu/2meMC6h6YnUVfpoa2cVfXHchTIR72cZ4ae', NULL, '2026-05-11 03:58:31', '2026-05-11 03:58:31', NULL, NULL, NULL, NULL),
(20, 'Elphaba Bading', 'ebading@gmail.com', 'customer', 'active', NULL, '$2y$12$QYIc38BBc69GvWQ2/L.cdOQLf7.Elyx8PYtOK4MVFr4L090phcVMe', NULL, '2026-05-12 21:57:52', '2026-05-12 21:57:52', NULL, NULL, NULL, NULL),
(21, 'Dakota Fanning', 'dfanning@gmail.com', 'customer', 'active', NULL, '$2y$12$NRPpsJQSFJ6rSB2wd1jg5u9SovmNB0rPv9Rc5nLXKeebqvrmyhKLy', NULL, '2026-05-13 18:07:16', '2026-05-14 20:27:52', NULL, NULL, NULL, NULL),
(22, 'Jane Doe', 'jane@gmail.com', 'customer', 'active', NULL, '$2y$12$MjaQnj7wdbifY6lFiXdqJe9GylYx9QxgkzOJtBjmS.GtXBVUib49e', NULL, '2026-05-13 18:44:51', '2026-05-13 18:44:51', NULL, NULL, NULL, NULL),
(23, 'Elle Fanning', 'ellefanning@gmail.com', 'customer', 'active', NULL, '$2y$12$Izzk78nN11FjGROR.AVKY.JOA/dHa5o3TQ7Qc.PJhI9ae3w1ncUyO', NULL, '2026-05-13 18:56:19', '2026-05-14 20:31:25', NULL, NULL, NULL, NULL),
(24, 'Rene Cahilig', 'renecahilig@gmail.com', 'tech', 'inactive', NULL, '$2y$12$tDOIDKBI6jILqA9aiUKu.eFdzF.WjHhDoCAvS1P.ekNNcyUKe/SiC', NULL, '2026-05-13 19:04:29', '2026-05-13 19:09:49', NULL, '2026-05-13 19:04:29', '2026-05-13 19:05:31', '2026-05-20 19:04:29'),
(25, 'Jonathan Byers', 'jbyers@gmail.com', 'customer', 'active', NULL, '$2y$12$6AwSNMM4wFuGT1IDwCRi4OXN8Jd1zV1LV6UwWQFnz/S5Mwe1Jvnmy', NULL, '2026-05-22 05:32:15', '2026-05-22 05:32:15', NULL, NULL, NULL, NULL),
(26, 'Max Mayfield', 'mmayfield@gmail.com', 'customer', 'active', NULL, '$2y$12$RiA0YzpXcfQ8mc/z9JSpU.koqazZMzx4kvBhNIpxjQruz3WQZW/cS', NULL, '2026-05-22 05:47:51', '2026-05-22 06:10:02', NULL, NULL, NULL, NULL),
(27, 'Mike Wheeler', 'mwheeler@gmail.com', 'customer', 'active', NULL, '$2y$12$WOJCKnmq.VyhvMCwiwdhCOou1O4F92wEr8kIAoo3f.fMAYIdqLXeO', NULL, '2026-05-22 06:06:55', '2026-05-22 06:09:38', NULL, NULL, NULL, NULL);

--
-- Indexes for dumped tables
--

--
-- Indexes for table `appointments`
--
ALTER TABLE `appointments`
  ADD PRIMARY KEY (`id`),
  ADD KEY `appointments_customer_id_foreign` (`customer_id`),
  ADD KEY `appointments_employee_id_foreign` (`employee_id`),
  ADD KEY `appointments_discount_id_foreign` (`discount_id`);

--
-- Indexes for table `appointment_service`
--
ALTER TABLE `appointment_service`
  ADD PRIMARY KEY (`id`),
  ADD KEY `appointment_service_appointment_id_foreign` (`appointment_id`),
  ADD KEY `appointment_service_service_id_foreign` (`service_id`);

--
-- Indexes for table `audit_logs`
--
ALTER TABLE `audit_logs`
  ADD PRIMARY KEY (`id`),
  ADD KEY `audit_logs_user_id_index` (`user_id`),
  ADD KEY `audit_logs_action_index` (`action`),
  ADD KEY `audit_logs_model_type_model_id_index` (`model_type`,`model_id`);

--
-- Indexes for table `cache`
--
ALTER TABLE `cache`
  ADD PRIMARY KEY (`key`),
  ADD KEY `cache_expiration_index` (`expiration`);

--
-- Indexes for table `cache_locks`
--
ALTER TABLE `cache_locks`
  ADD PRIMARY KEY (`key`),
  ADD KEY `cache_locks_expiration_index` (`expiration`);

--
-- Indexes for table `customers`
--
ALTER TABLE `customers`
  ADD PRIMARY KEY (`id`),
  ADD UNIQUE KEY `customers_mobile_num_unique` (`mobile_num`),
  ADD KEY `customers_user_id_foreign` (`user_id`);

--
-- Indexes for table `customer_discount`
--
ALTER TABLE `customer_discount`
  ADD PRIMARY KEY (`id`),
  ADD UNIQUE KEY `customer_discount_customer_id_discount_id_unique` (`customer_id`,`discount_id`),
  ADD KEY `customer_discount_discount_id_foreign` (`discount_id`);

--
-- Indexes for table `discounts`
--
ALTER TABLE `discounts`
  ADD PRIMARY KEY (`id`),
  ADD UNIQUE KEY `discounts_code_unique` (`code`);

--
-- Indexes for table `employees`
--
ALTER TABLE `employees`
  ADD PRIMARY KEY (`id`),
  ADD KEY `employees_user_id_foreign` (`user_id`),
  ADD KEY `employees_job_role_id_foreign` (`job_role_id`);

--
-- Indexes for table `failed_jobs`
--
ALTER TABLE `failed_jobs`
  ADD PRIMARY KEY (`id`),
  ADD UNIQUE KEY `failed_jobs_uuid_unique` (`uuid`);

--
-- Indexes for table `jobs`
--
ALTER TABLE `jobs`
  ADD PRIMARY KEY (`id`),
  ADD KEY `jobs_queue_reserved_at_available_at_index` (`queue`,`reserved_at`,`available_at`);

--
-- Indexes for table `job_batches`
--
ALTER TABLE `job_batches`
  ADD PRIMARY KEY (`id`);

--
-- Indexes for table `job_roles`
--
ALTER TABLE `job_roles`
  ADD PRIMARY KEY (`id`);

--
-- Indexes for table `migrations`
--
ALTER TABLE `migrations`
  ADD PRIMARY KEY (`id`);

--
-- Indexes for table `password_reset_tokens`
--
ALTER TABLE `password_reset_tokens`
  ADD PRIMARY KEY (`email`);

--
-- Indexes for table `payments`
--
ALTER TABLE `payments`
  ADD PRIMARY KEY (`id`),
  ADD KEY `payments_appointment_id_foreign` (`appointment_id`);

--
-- Indexes for table `products`
--
ALTER TABLE `products`
  ADD PRIMARY KEY (`id`);

--
-- Indexes for table `product_service`
--
ALTER TABLE `product_service`
  ADD PRIMARY KEY (`id`),
  ADD UNIQUE KEY `product_service_product_id_service_id_unique` (`product_id`,`service_id`),
  ADD KEY `product_service_service_id_foreign` (`service_id`);

--
-- Indexes for table `services`
--
ALTER TABLE `services`
  ADD PRIMARY KEY (`id`);

--
-- Indexes for table `sessions`
--
ALTER TABLE `sessions`
  ADD PRIMARY KEY (`id`),
  ADD KEY `sessions_user_id_index` (`user_id`),
  ADD KEY `sessions_last_activity_index` (`last_activity`);

--
-- Indexes for table `users`
--
ALTER TABLE `users`
  ADD PRIMARY KEY (`id`),
  ADD UNIQUE KEY `users_email_unique` (`email`),
  ADD UNIQUE KEY `users_invitation_token_unique` (`invitation_token`);

--
-- AUTO_INCREMENT for dumped tables
--

--
-- AUTO_INCREMENT for table `appointments`
--
ALTER TABLE `appointments`
  MODIFY `id` bigint(20) UNSIGNED NOT NULL AUTO_INCREMENT, AUTO_INCREMENT=41;

--
-- AUTO_INCREMENT for table `appointment_service`
--
ALTER TABLE `appointment_service`
  MODIFY `id` bigint(20) UNSIGNED NOT NULL AUTO_INCREMENT, AUTO_INCREMENT=42;

--
-- AUTO_INCREMENT for table `audit_logs`
--
ALTER TABLE `audit_logs`
  MODIFY `id` bigint(20) UNSIGNED NOT NULL AUTO_INCREMENT, AUTO_INCREMENT=513;

--
-- AUTO_INCREMENT for table `customers`
--
ALTER TABLE `customers`
  MODIFY `id` bigint(20) UNSIGNED NOT NULL AUTO_INCREMENT, AUTO_INCREMENT=17;

--
-- AUTO_INCREMENT for table `customer_discount`
--
ALTER TABLE `customer_discount`
  MODIFY `id` bigint(20) UNSIGNED NOT NULL AUTO_INCREMENT, AUTO_INCREMENT=5;

--
-- AUTO_INCREMENT for table `discounts`
--
ALTER TABLE `discounts`
  MODIFY `id` bigint(20) UNSIGNED NOT NULL AUTO_INCREMENT, AUTO_INCREMENT=3;

--
-- AUTO_INCREMENT for table `employees`
--
ALTER TABLE `employees`
  MODIFY `id` bigint(20) UNSIGNED NOT NULL AUTO_INCREMENT, AUTO_INCREMENT=11;

--
-- AUTO_INCREMENT for table `failed_jobs`
--
ALTER TABLE `failed_jobs`
  MODIFY `id` bigint(20) UNSIGNED NOT NULL AUTO_INCREMENT;

--
-- AUTO_INCREMENT for table `jobs`
--
ALTER TABLE `jobs`
  MODIFY `id` bigint(20) UNSIGNED NOT NULL AUTO_INCREMENT;

--
-- AUTO_INCREMENT for table `job_roles`
--
ALTER TABLE `job_roles`
  MODIFY `id` bigint(20) UNSIGNED NOT NULL AUTO_INCREMENT, AUTO_INCREMENT=5;

--
-- AUTO_INCREMENT for table `migrations`
--
ALTER TABLE `migrations`
  MODIFY `id` int(10) UNSIGNED NOT NULL AUTO_INCREMENT, AUTO_INCREMENT=39;

--
-- AUTO_INCREMENT for table `payments`
--
ALTER TABLE `payments`
  MODIFY `id` bigint(20) UNSIGNED NOT NULL AUTO_INCREMENT, AUTO_INCREMENT=16;

--
-- AUTO_INCREMENT for table `products`
--
ALTER TABLE `products`
  MODIFY `id` bigint(20) UNSIGNED NOT NULL AUTO_INCREMENT, AUTO_INCREMENT=22;

--
-- AUTO_INCREMENT for table `product_service`
--
ALTER TABLE `product_service`
  MODIFY `id` bigint(20) UNSIGNED NOT NULL AUTO_INCREMENT, AUTO_INCREMENT=18;

--
-- AUTO_INCREMENT for table `services`
--
ALTER TABLE `services`
  MODIFY `id` bigint(20) UNSIGNED NOT NULL AUTO_INCREMENT, AUTO_INCREMENT=17;

--
-- AUTO_INCREMENT for table `users`
--
ALTER TABLE `users`
  MODIFY `id` bigint(20) UNSIGNED NOT NULL AUTO_INCREMENT, AUTO_INCREMENT=28;

--
-- Constraints for dumped tables
--

--
-- Constraints for table `appointments`
--
ALTER TABLE `appointments`
  ADD CONSTRAINT `appointments_customer_id_foreign` FOREIGN KEY (`customer_id`) REFERENCES `customers` (`id`),
  ADD CONSTRAINT `appointments_discount_id_foreign` FOREIGN KEY (`discount_id`) REFERENCES `discounts` (`id`),
  ADD CONSTRAINT `appointments_employee_id_foreign` FOREIGN KEY (`employee_id`) REFERENCES `employees` (`id`);

--
-- Constraints for table `appointment_service`
--
ALTER TABLE `appointment_service`
  ADD CONSTRAINT `appointment_service_appointment_id_foreign` FOREIGN KEY (`appointment_id`) REFERENCES `appointments` (`id`) ON DELETE CASCADE,
  ADD CONSTRAINT `appointment_service_service_id_foreign` FOREIGN KEY (`service_id`) REFERENCES `services` (`id`) ON DELETE CASCADE;

--
-- Constraints for table `customers`
--
ALTER TABLE `customers`
  ADD CONSTRAINT `customers_user_id_foreign` FOREIGN KEY (`user_id`) REFERENCES `users` (`id`) ON DELETE CASCADE;

--
-- Constraints for table `customer_discount`
--
ALTER TABLE `customer_discount`
  ADD CONSTRAINT `customer_discount_customer_id_foreign` FOREIGN KEY (`customer_id`) REFERENCES `customers` (`id`) ON DELETE CASCADE,
  ADD CONSTRAINT `customer_discount_discount_id_foreign` FOREIGN KEY (`discount_id`) REFERENCES `discounts` (`id`) ON DELETE CASCADE;

--
-- Constraints for table `employees`
--
ALTER TABLE `employees`
  ADD CONSTRAINT `employees_job_role_id_foreign` FOREIGN KEY (`job_role_id`) REFERENCES `job_roles` (`id`),
  ADD CONSTRAINT `employees_user_id_foreign` FOREIGN KEY (`user_id`) REFERENCES `users` (`id`) ON DELETE CASCADE;

--
-- Constraints for table `payments`
--
ALTER TABLE `payments`
  ADD CONSTRAINT `payments_appointment_id_foreign` FOREIGN KEY (`appointment_id`) REFERENCES `appointments` (`id`);

--
-- Constraints for table `product_service`
--
ALTER TABLE `product_service`
  ADD CONSTRAINT `product_service_product_id_foreign` FOREIGN KEY (`product_id`) REFERENCES `products` (`id`) ON DELETE CASCADE,
  ADD CONSTRAINT `product_service_service_id_foreign` FOREIGN KEY (`service_id`) REFERENCES `services` (`id`) ON DELETE CASCADE;
COMMIT;

/*!40101 SET CHARACTER_SET_CLIENT=@OLD_CHARACTER_SET_CLIENT */;
/*!40101 SET CHARACTER_SET_RESULTS=@OLD_CHARACTER_SET_RESULTS */;
/*!40101 SET COLLATION_CONNECTION=@OLD_COLLATION_CONNECTION */;
